time_s,mean_gas_concentration_mol_m3,gas_inventory_mol,adsorbed_inventory_mol,total_inventory_mol,cumulative_reservoir_input_mol,mass_balance_residual_mol,relative_mass_balance_error,mean_loading_mol_kg,inlet_cell_concentration_mol_m3,top_cell_concentration_mol_m3
0.0,0.0,0.0,0.0,0.0,0.0,0.0,0.0,0.0,0.0,0.0
5e-05,7.258881456329479e-05,2.352928494161414e-10,6.618416912506648e-14,2.353590335852665e-10,2.3535903358548015e-10,-2.1367109198010396e-22,9.078516712319039e-13,1.0438453078297836e-11,0.007256137098565433,0.0
5.317724787430056e-05,7.719714671325102e-05,2.5023051728057163e-10,7.485776272777994e-14,2.503053750432994e-10,2.503053750435494e-10,-2.500153401441526e-22,9.988412757842441e-13,1.1806437311371153e-11,0.007716610668300422,0.0
5.655639382969606e-05,8.209774836460005e-05,2.661155614617784e-10,8.466857726868732e-14,2.6620023003904707e-10,2.662002300393382e-10,-2.911158768303812e-22,1.0935973901576307e-12,1.3353782070683955e-11,0.00820626403438411,0.0
6.0150267471166206e-05,8.730911745114621e-05,2.830079420456139e-10,9.576572591902505e-14,2.831037077715329e-10,2.831037077718708e-10,-3.379032802279118e-22,1.1935671308840621e-12,1.5104005228589772e-11,0.008726940807384531,0.0
6.397251366039366e-05,9.28509198984951e-05,3.009714051023232e-10,1.0831491085534677e-13,3.010797200131786e-10,3.0107972001356675e-10,-3.8815450244050824e-22,1.2892083944512034e-12,1.7083241046767684e-11,0.009280600717859865,0.0
6.803764432121665e-05,9.874406007937885e-05,3.200737110637991e-10,1.2250402142452004e-13,3.2019621508522363e-10,3.201962150856637e-10,-4.400600858782107e-22,1.3743450582652243e-12,1.9321123109156518e-11,0.009869326420909102,0.0
7.236109353705672e-05,0.00010501075337383264,3.4038686992360306e-10,1.385521183566711e-13,3.4052542204195974e-10,3.4052542204245734e-10,-4.976008372389307e-22,1.4612736818718013e-12,2.1852201296535155e-11,0.010495330361903449,0.0
7.695927614951026e-05,0.00011167461574417655,3.6198743158958837e-10,1.5670286481407001e-13,3.6214413445440244e-10,3.6214413445496394e-10,-5.615005395586521e-22,1.5504891178307348e-12,2.4714905742875045e-11,0.011160964035119481,0.0
8.184965008058509e-05,0.00011876074790199468,3.849567587067648e-10,1.7723186852495433e-13,3.851339905752898e-10,3.851339905759222e-10,-6.324312770850742e-22,1.642107143384951e-12,2.7952704824031867e-11,0.011868726085399264,0.0
8.705078261520076e-05,0.00012629582756811376,4.093813257131985e-10,2.0045087019568082e-13,4.0958177658339414e-10,4.095817765841056e-10,-7.114787243721729e-22,1.7370858886981615e-12,3.1614765746890875e-11,0.012621271360505832,0.0
9.258242089560768e-05,0.0001343082073213976,4.3535303601176636e-10,2.2671248111435568e-13,4.3557974849288073e-10,4.3557974849367994e-10,-7.992115680910784e-22,1.8348226033347705e-12,3.5756701756045636e-11,0.01342142049959203,0.0
9.846556689537109e-05,0.0001428280261116497,4.6296958343340266e-10,2.564054984088898e-13,4.6322598893181156e-10,4.632259889327029e-10,-8.913388088141719e-22,1.9241986203491377e-12,4.043983326437322e-11,0.014272171308895314,0.0
0.0001047225571575,0.00015188730182861678,4.923347522946875e-10,2.899835378973639e-13,4.926247358325849e-10,4.926247358335751e-10,-9.902385908025433e-22,2.010127626106616e-12,4.573570377684174e-11,0.015176706763746325,0.0
0.0001113771475999,0.00016152005848671353,5.235588296604856e-10,3.279581757732042e-13,5.238867878362589e-10,5.238867878373571e-10,-1.0981856607407134e-21,2.09622705942653e-12,5.1724998208917337e-11,0.016138408052590744,0.0
0.0001184546037091,0.00017176245069208177,5.567590087974155e-10,3.7090552077543647e-13,5.57129914318191e-10,5.571299143194071e-10,-1.216162295606089e-21,2.182906112826053e-12,5.849857943792881e-11,0.017160866754783725,0.0
0.0001259817964658,0.00018265289355321604,5.920598102723535e-10,4.194762661989682e-13,5.924792865385524e-10,5.92479286539897e-10,-1.3445820857049465e-21,2.269416190998609e-12,6.615907368880342e-11,0.018247897411153482,0.0
0.0001339873043662,0.00019423221002075195,6.295935595466591e-10,4.743943620082811e-13,6.300679539086674e-10,6.300679539101471e-10,-1.4797227182807974e-21,2.3485129010256217e-12,7.482066110212734e-11,0.019403552347819982,0.0
0.0001425015219259,0.00020654375640704654,6.69500793841336e-10,5.364957712846024e-13,6.700372896126206e-10,6.700372896142444e-10,-1.6238589400181625e-21,2.423535175113992e-12,8.461518833419223e-11,0.020632132536253945,0.0
0.0001515567750783,0.0002196335951447985,7.119308221250717e-10,6.067187076024049e-13,7.125375408326741e-10,7.125375408344508e-10,-1.7766805581873343e-21,2.4934553709362013e-12,9.569062881284372e-11,0.02193820534332143,0.0
0.0001611874439074,0.00023355065288910426,7.570422375937919e-10,6.861266828416555e-13,7.577283642766336e-10,7.577283642783721e-10,-1.7384234548567568e-21,2.294256803376176e-12,1.0821471779870391e-10,0.023326619391818695,4.236812124044375e-274
0.0001714300931778,0.00024834689772617555,8.050034920834582e-10,7.759198083254866e-13,8.057794118917837e-10,8.057794118931943e-10,-1.4105497395560504e-21,1.7505408040172392e-12,1.2237673478112592e-10,0.02480252177872433,1.478777626933253e-273
0.0001823236111606,0.0002640775254119424,8.559934997527682e-10,8.774497241635755e-13,8.568709494769318e-10,8.568709494779238e-10,-9.919963496042184e-22,1.157696325460239e-12,1.3838985810849917e-10,0.026371376058408065,2.737902000411831e-273
0.0001939093572805,0.00028080114910815715,9.102022521028226e-10,9.92247711901852e-13,9.111944998147244e-10,9.111944998151872e-10,-4.62807552723419e-22,5.079130227600011e-13,1.5649559886690602e-10,0.02803898011299442,4.23845647328922e-273
0.000206231319145,0.000298580007448087,9.678314924111955e-10,1.1220442689190887e-12,9.689535366801146e-10,9.689535366799134e-10,2.0121168400352398e-22,2.0765875388919807e-13,1.7696688812021317e-10,0.02981148612422989,6.024738769665398e-273
0.0002193362795524,0.0003174801820932944,1.0290954209308693e-09,1.268794910429371e-12,1.0303642158412987e-09,1.0303642158402695e-09,1.0292194771691047e-21,9.9888899609032e-13,2.0011214635742834e-10,0.031695421261999285,8.14923977048358e-273
0.0002332739941117,0.0003375718274672277,1.094221439559666e-09,1.4347092896982059e-12,1.0956561488493644e-09,1.095656148847308e-09,2.0563710028068268e-21,1.876839741160021e-12,2.2627987628299317e-10,0.03369770945349701,1.0674190402131614e-272
0.0002480973801501,0.00035892941323244817,1.163450937817507e-09,1.622284058371934e-12,1.1650732218758788e-09,1.1650732218725542e-09,3.3246456770037565e-21,2.853593760957582e-12,2.558638454912991e-10,0.035825694272357454,1.3673406560523704e-272
0.0002638627176241,0.00038163198008456023,1.2370401219890718e-09,1.8343399414285336e-12,1.2388744619305003e-09,1.2388744619256143e-09,4.885949083197596e-21,3.943861330052741e-12,2.8930893386402565e-10,0.03808716298551563,1.723449042980258e-272
0.0002806298627977,0.0004057634094461313,1.3152608893225491e-09,2.0740635602715857e-12,1.3173349528828208e-09,1.317334952876019e-09,6.801699381870408e-21,5.1632269886908794e-12,3.2711772983643323e-10,0.04049037179417246,2.1461458118325676e-272
0.0002984624754985,0.0004314127076466583,1.3984017491841453e-09,2.3450546035480517e-12,1.4007468037876935e-09,1.4007468037785463e-09,9.147170008764518e-21,6.530209445440166e-12,3.698579700974388e-10,0.04304407230281117,2.647787740758381e-272
0.0003174282608152,0.0004586743051771628,1.4867687930762216e-09,2.651379019234026e-12,1.4894201720954556e-09,1.4894201720834456e-09,1.2010042108810547e-20,8.06356885304816e-12,4.181709289536981e-10,0.04575753924743914,3.2430616057147315e-272
0.0003375992261536,0.00048764837160292484,1.5806867154104621e-09,2.997628984211679e-12,1.5836843443946739e-09,1.5836843443791733e-09,1.5500537498631186e-20,9.787643322669772e-12,4.727808766279164e-10,0.04864059951034259,3.949432108718783e-272
0.0003590519546268,0.0005184411467099976,1.6804998869019998e-09,3.3889904999592173e-12,1.6838888774019591e-09,1.6838888773822112e-09,1.9747903148937844e-20,1.1727557212330138e-11,5.345057403345603e-10,0.0517036624440852,4.78767734404005e-272
0.0003818678958189,0.0005511652884494305,1.7865734824124342e-09,3.831319566144715e-12,1.7904048019785788e-09,1.79040480195367e-09,2.4908889785809322e-20,1.3912434639519774e-11,6.042691182477825e-10,0.05495775152210293,5.7825291212856564e-272
0.0004061336750239,0.0005859402350960282,1.899294654868524e-09,4.331233504660133e-12,1.903625888373184e-09,1.9036258883420878e-09,3.109620076770597e-20,1.633524788543426e-11,6.831146829706593e-10,0.05841453686573421,1.251726694887955e-271
0.000431941422137,0.000622892572563058,2.019073725893618e-09,4.896235520644793e-12,2.023969961414263e-09,2.0239699613762733e-09,3.79899239927229e-20,1.8770003862200198e-11,7.722258270851188e-10,0.06208636723845382,6.428125463099375e-271
0.0004593891214431,0.0006621564911651625,2.1463456663807706e-09,5.534725981941956e-12,2.1518803923627125e-09,2.1518803923164934e-09,4.62191303167067e-20,2.1478484808330456e-11,8.729274421283897e-10,0.06598631385966289,1.3566470165558784e-270
0.0004885809836348,0.0007038741522594696,2.28157128494074e-09,6.2562194293024045e-12,2.2878275043700423e-09,2.2878275043140004e-09,5.60419000907739e-20,2.4495684217331388e-11,9.867201450682685e-10,0.07012819947761396,2.3188714739813016e-270
0.0005196278414683,0.0007481961441124775,2.425238705570675e-09,7.071453275665256e-12,2.43231015884634e-09,2.432310158778575e-09,6.776511732218169e-20,2.786039316397178e-11,1.1152974221663339e-09,0.07452663906177875,3.593925561391156e-270
0.000552647570563,0.0007952819405179858,2.577864854240177e-09,7.992543133643627e-12,2.5858573973738207e-09,2.585857397292061e-09,8.175977251566008e-20,3.161805155949232e-11,1.26057012696126e-09,0.079197079272915,5.2611966520182815e-270
0.0005877655369391,0.0008453003790212285,2.739997009029837e-09,9.033157490534148e-12,2.749030166520371e-09,2.749030166421906e-09,9.846509857647476e-20,3.58181222511314e-11,1.4246940297102448e-09,0.08415583910155708,7.41830082371354e-270
0.0006251150729957,0.0008984301588605606,2.912214414183192e-09,1.0208714060834814e-11,2.9224231282440267e-09,2.922423128125616e-09,1.1841049109665964e-19,4.051791472366564e-11,1.6101007857696896e-09,0.0894201515915075,1.0185062326734917e-269
0.0006648379837331,0.0009548603422718572,3.0951299050587436e-09,1.1536629921967511e-11,3.106666534980711e-09,3.106666534840218e-09,1.4049290472937526e-19,4.522303991994029e-11,1.8195373865702166e-09,0.09500820414176625,-9.02713666229525e-269
0.0007070850851445,0.0010147908944336957,3.289391658334049e-09,1.3036564315803221e-11,3.302428222649852e-09,3.302428222487554e-09,1.6229821285688562e-19,4.914511441725093e-11,2.0561044538547292e-09,0.10093918245933353,-4.8420075118132785e-268
0.000752016776819,0.001078433289803727,3.4956851574133867e-09,1.4730606608948887e-11,3.5104157640223354e-09,3.510415763836924e-09,1.8541129353284232e-19,5.28174740533847e-11,2.323285884450884e-09,0.10723332212497687,-1.1305696531309955e-267
0.0007998036509307,0.001146011030077406,3.714734871363918e-09,1.6643691654350776e-11,3.731378563018269e-09,3.731378562808886e-09,2.093825740943228e-19,5.611399930564956e-11,2.6250143603872485e-09,0.11391194491851253,-2.1211131572452375e-267
0.0008506271399262,0.0012177602482849833,3.947306213064516e-09,1.8803930082214007e-11,3.96611014314673e-09,3.9661101429130285e-09,2.337016841033818e-19,5.892465808273338e-11,2.9657234418078363e-09,0.12099750541530918,-1.2276410857865531e-267
0.0009046802053693,0.0012939302821199543,4.194207397619978e-09,2.124306797064312e-11,4.215450465590621e-09,4.2154504653320165e-09,2.5860478362490325e-19,6.134689180570657e-11,3.35042006543324e-09,0.1285136305571184,2.0148979219072832e-266
0.0009621680705579,0.00137478439343467,4.456291774568451e-09,2.3996754583663912e-11,4.480288529152115e-09,4.4802885288693805e-09,2.8273446927368762e-19,6.310630831786955e-11,3.784726771739958e-09,0.13648517802382643,6.00365885606925e-266
0.0010233089996959,0.0014606003294885853,4.7344596471383005e-09,2.7105178647308184e-11,4.761564825785609e-09,4.7615648254806926e-09,3.049161445799096e-19,6.403696174179496e-11,4.2749820573277865e-09,0.14493826860988243,1.2627844782617573e-265
0.0010883351265767,0.0015516709511472044,5.0296603085221725e-09,3.06136630075415e-11,5.060273971529714e-09,5.060273971202811e-09,3.269026052615691e-19,6.460176012223838e-11,4.8283341633432224e-09,0.15390032549157096,1.4485897075344068e-265
0.0011574933359255,0.0016483049583514112,5.342894393447911e-09,3.457316341318107e-11,5.377467556861092e-09,5.37746755651297e-09,3.481222695153919e-19,6.473721428058156e-11,5.4528197426615585e-09,0.16340012472202398,9.113956516013971e-266
0.0012310462007473,0.0017508275316213317,5.675215957579814e-09,3.9041006949829823e-11,5.714256964529643e-09,5.714256964162137e-09,3.6750641998995956e-19,6.431394707504374e-11,6.1574803244141955e-09,0.173467830174585,-9.147658686587448e-266
0.0013092729792371,0.001859580930127441,6.027734416134871e-09,4.4081796630552744e-11,6.071816212765423e-09,6.0718162123784575e-09,3.8696584390026954e-19,6.373148170834127e-11,6.952504984470941e-09,0.18413501871191484,-4.231733713420721e-264
0.0013924706750403,0.0019749252512776256,6.401617006044542e-09,4.9768109723561184e-11,6.451385115768103e-09,6.451385115360956e-09,4.0714656930472575e-19,6.310994646864309e-11,7.849340484478732e-09,0.1954347256533827,-1.45923539483662e-263
0.0014809551648862,0.0020972390293149522,6.798090726278136e-09,5.6181578516988206e-11,6.854272304795124e-09,6.8542723043711355e-09,4.2398879375691795e-19,6.185759405273454e-11,8.86086172821918e-09,0.20740146280376648,9.3552849547184e-258
0.0015750623978776,0.0022269198900301823,7.2184444600592275e-09,6.341396346807925e-11,7.281858423527307e-09,7.281858423091998e-09,4.353087604397061e-19,5.977989891059213e-11,1.0001541016849222e-08,0.22007124107430395,3.687321620245057e-257
0.0016751496709886,0.002364385174064855,7.664030995270022e-09,7.156837446780006e-11,7.735599369737823e-09,7.735599369294847e-09,4.429750703568476e-19,5.7264479348529273e-11,1.1287640664650097e-08,0.23348158450968703,8.861863792156949e-257
0.0017815969856142,0.002510072534636419,8.136268961946139e-09,8.076062897379794e-11,8.217029590919937e-09,8.217029590472935e-09,4.470017855787557e-19,5.4399437245876056e-11,1.2737427201417084e-08,0.2476715364275907,2.816968876750903e-256
0.0018948084903223,0.0026644404962877237,8.636644643433898e-09,9.11207671290247e-11,8.727765410562923e-09,8.727765410113928e-09,4.489952908550085e-19,5.1444472867202017e-11,1.4371410334357246e-08,0.26268165543270033,5.01091687153e-255
0.002015214015284,0.002827968978789677,9.166713674593397e-09,1.027947473551965e-10,9.269508421948594e-09,9.269508421498093e-09,4.50500759569855e-19,4.8600285911941896e-11,1.621261037416735e-08,0.2785540028881819,1.5592864382345954e-254
0.0021432707042104,0.003001159756778943,9.728102531690102e-09,1.1594632109423432e-10,9.844048852784336e-09,9.844048852330163e-09,4.541734414895905e-19,4.613685367491141e-11,1.828685391602253e-08,0.29533211562677447,6.395445166882163e-254
0.0022794647499905,0.0031845368750637055,1.0322509878586774e-08,1.307590798435794e-10,1.0453268958430353e-08,1.0453268957978274e-08,4.520790201786062e-19,4.324762157908636e-11,2.062309669445794e-08,0.31306096782239945,6.952795793334265e-253
0.0024243132406195,0.0033786469348656006,1.0951707494581737e-08,1.4743885788112749e-10,1.1099146352462864e-08,1.1099146352017393e-08,4.454715014455326e-19,4.0135654337658495e-11,2.3253802537003993e-08,0.33178691065758686,2.2092996198252667e-252
0.0025783661224274,0.0035840593556528007,1.1617541123127136e-08,1.6621621874890309e-10,1.1783757341876039e-08,1.178375734144315e-08,4.3288842996737597e-19,3.6736027177767545e-11,2.621533552810573e-08,0.35155760247115264,2.4436748047885635e-251
0.0027422082880605,0.00380136648478502,1.23219308272375e-08,1.8734932688494663e-10,1.2509280154122447e-08,1.2509280153709689e-08,4.127581625802855e-19,3.2996156253184605e-11,2.9548412917954483e-08,0.3724219131996785,1.0999854517023536e-250
0.002916461797143,0.004031183571470051,1.3066870905071205e-08,2.1112714720815996e-10,1.3277998052279366e-08,1.3277998051896502e-08,3.8286385524261907e-19,2.8834456349155346e-11,3.3298609755494815e-08,0.3944298048848984,8.803305275679989e-250
0.0031017882380521,0.0042741486583052655,1.3854429538367933e-08,2.378728432290222e-10,1.4092302381596955e-08,1.4092302381247702e-08,3.4925385259336445e-19,2.4783306739816536e-11,3.751689483258964e-08,0.417632195316628,5.180476100974954e-249
0.0032988912397697,0.004530922223796202,1.4686747633691328e-08,2.679477313519453e-10,1.4954695365043274e-08,1.4954695364728085e-08,3.1518890060720567e-19,2.107625016180285e-11,4.2260254349771976e-08,0.4420807827454276,3.562874593369067e-237
0.0035085191433519,0.004802186705891138,1.5566037277991234e-08,3.017554913093183e-10,1.5867792769300552e-08,1.5867792769011098e-08,2.8945365738945587e-19,1.8241582909342148e-11,4.759235597864531e-08,0.46782784915072984,1.958486870109096e-236
0.003731467843155,0.005088645812153526,1.649457950256368e-08,3.3974683097175445e-10,1.6834326333535434e-08,1.6834326333231905e-08,3.035289626926582e-19,1.803035991336358e-11,5.3584284587715336e-08,0.4949260298686622,5.7964425488065475e-236
0.0039685838086087,0.005391023547188768,1.747472113050559e-08,3.8242473370424164e-10,1.785714586420983e-08,1.7857145863866647e-08,3.4318400125845033e-19,1.9218300834193027e-11,6.031536984635767e-08,0.5234280404529953,1.7178249389612055e-234
0.0042207672980064,0.005710063053518451,1.8508871019469184e-08,4.3035007972127835e-10,1.8939221099190463e-08,1.8939221098780224e-08,4.1023857043444897e-19,2.1660794194539722e-11,6.787407281526078e-08,0.5533863746112507,7.239320816154182e-234
0.0044889757765166,0.006046525120759854,1.959949522924525e-08,4.84147938222606e-10,2.0083643167467855e-08,2.0083643166961e-08,5.068565747030928e-19,2.5237282423146998e-11,7.635897833122846e-08,0.584852954493763,1.0699742385306752e-232
0.0047742275513911,0.006401186386082861,2.0749111188638276e-08,5.445144709578435e-10,2.1293625659596118e-08,2.129362565897752e-08,6.185987492916562e-19,2.9050888711048624e-11,8.587988382549495e-08,0.6178787374571517,5.999518551380674e-232
0.0050776056381728,0.006774837238800363,2.1960280903305696e-08,6.122244099193203e-10,2.2572505313225016e-08,2.2572505312507926e-08,7.170894904671201e-19,3.176827208661611e-11,9.655897869254977e-08,0.6525132822942967,7.76257603217843e-231
0.0054002618725812,0.007168279304807446,2.3235602801698995e-08,6.881393905022325e-10,2.392374219220123e-08,2.392374219140947e-08,7.917574300010568e-19,3.309504941326268e-11,1.0853215858179455e-07,0.6888042606847493,4.597740484062984e-230
0.0057434212836877,0.00758232258468418,2.4577702458373422e-08,7.732169505299586e-10,2.5350919408903382e-08,2.5350919408080318e-08,8.230645618249638e-19,3.2466852525115873e-11,1.2195044470830478e-07,0.7267969246856812,6.81432752700942e-229
0.0061083867449839,0.008017782149666352,2.5989221884149782e-08,8.685204445662447e-10,2.6857742328716025e-08,2.685774232788295e-08,8.330767559593057e-19,3.101812303369179e-11,1.3698154752105933e-07,0.7665335213582449,5.357835433466262e-228
0.006496543921002,0.008475474393708389,2.7472807377372235e-08,9.75229864403037e-10,2.844803724177527e-08,2.8448037240940983e-08,8.342877483760833e-19,2.9326724416366815e-11,1.53811573291631e-07,0.8080526563746786,6.2507912294828505e-227
0.0069093665282681,0.008956212819864156,2.9031095865681824e-08,1.0946536505858456e-09,3.012574951626767e-08,3.012574951538699e-08,8.806826545729575e-19,2.923355165312636e-11,1.7264688700760817e-07,0.8513886078713875,4.8564836169520117e-216
0.0073484219305622,0.009460803362634933,3.066669974365187e-08,1.2282415164027272e-09,3.189494126005459e-08,3.189494125899821e-08,1.056382434124121e-18,3.31206891246776e-11,1.9371613495003398e-07,0.8965705947202458,2.6933257482679513e-215
0.007815377089729,0.009990039193426644,3.238219003494901e-08,1.3775984585214881e-09,3.3759788493470494e-08,3.375978849199947e-08,1.4710249141398023e-18,4.357328584639428e-11,2.1727245442695637e-07,0.9436219975490582,9.30924286980057e-214
0.008312004894633,0.010544694975988018,3.418007777163616e-08,1.544500090440111e-09,3.572457786207628e-08,3.57245778598724e-08,2.2038738496372827e-18,6.169068975834767e-11,2.43595892138801e-07,0.9925595338468619,5.5614239231562536e-213
0.008840190892286,0.011125520678884821,3.6062793937631075e-08,1.7309091379526983e-09,3.7793703075583776e-08,3.779370307229369e-08,3.290087725372516e-18,8.705385970759882e-11,2.729960058148278e-07,1.0433924075367487,1.4725632356741363e-211
0.0094019404467045,0.011733234817183455,3.8032667561976844e-08,1.938993495419419e-09,3.997166105739626e-08,3.997166105280064e-08,4.595616959997609e-18,1.1497187853661255e-10,3.058147120169046e-07,1.0961214240360464,1.546843768230819e-210
0.0099993863526764,0.012368517124003633,4.009190196406286e-08,2.1711459968524933e-09,4.2263047960915353e-08,4.226304795493643e-08,5.978921024537388e-18,1.4146923407101786e-10,3.424294044011112e-07,1.1507380798924767,2.0568156690242052e-209
0.0106347969333434,0.013032000956260338,4.224255013723418e-08,2.430005304828099e-09,4.467255544206228e-08,4.467255543489499e-08,7.16728839720047e-18,1.6044052833503176e-10,3.8325624828092097e-07,1.2072236737362085,3.931578080908497e-208
0.0113105846523451,0.01372426497158855,4.448648776997792e-08,2.718479265909875e-09,4.72049670358878e-08,4.7204967027776756e-08,8.11104191911937e-18,1.7182602654828492e-10,4.2875386420433925e-07,1.2655483918804051,5.7740449010167066e-207
0.0120293152732203,0.014445824604948086,4.6825385617783266e-08,3.039769654442523e-09,4.986515527222579e-08,4.986515526333099e-08,8.894798858235815e-18,1.7837704123604917e-10,4.794272305023823e-07,1.3256704448187158,1.2670824220696912e-202
0.0127937176008429,0.015197123025577481,4.9260680190579956e-08,3.397399366731831e-09,5.265807955731179e-08,5.265807954727809e-08,1.0033700830268226e-17,1.905443744743442e-10,5.358319723082778e-07,1.3875352270932795,8.624622799238676e-201
0.0136066938418765,0.01597852222390195,5.179354486141621e-08,3.7952408619590705e-09,5.558878572337528e-08,5.558878571084029e-08,1.2534989123510175e-17,2.254949260069764e-10,5.985788472094625e-07,1.451074597122123,4.375174889181301e-199
0.0144713306235837,0.016790293319461757,5.442485845011493e-08,4.237548273294138e-09,5.866240672340907e-08,5.8662406706500497e-08,1.690857095476385e-17,2.882352071657594e-10,6.683388097569994e-07,1.5162061703410106,9.385297262422831e-198
0.0153909107128253,0.017632607171852787,5.7155174789128253e-08,4.72899109793897e-09,6.188416588706722e-08,6.188416586417573e-08,2.2891488916021094e-17,3.699086606062673e-10,7.458483250011567e-07,1.582832779945783,1.5028066626122688e-196
0.0163689254797428,0.01850552500252474,5.998469232458639e-08,5.274690572277931e-09,6.525938289686432e-08,6.52593828675605e-08,2.9303819494311766e-17,4.4903611087808497e-10,8.319151055174304e-07,1.6508420800270687,4.887755083955042e-195
0.0174090881534448,0.019408989011982417,6.291322370244582e-08,5.880259208314425e-09,6.879348291076024e-08,6.879348287624857e-08,3.4511669221606823e-17,5.016706199681122e-10,9.274243470251807e-07,1.720106299661927,1.3684610949624377e-193
0.0185153479200257,0.02034281344446941,6.594016680512848e-08,6.551842923480732e-09,7.249200972860921e-08,7.249200969033722e-08,3.8271992581603484e-17,5.279477383077616e-10,1.0333453730286236e-06,1.7904822164368799,3.614969373074515e-192
0.0196919049164424,0.021306676025527126,6.906447699681668e-08,7.296166410127173e-09,7.636064340694384e-08,7.636064336429037e-08,4.2653469024623366e-17,5.585792251292723e-10,1.1507387904144631e-06,1.8618113467075947,1.0664311334728268e-185
0.0209432261771763,0.022300110547880933,7.228464309099047e-08,8.120580720448518e-09,8.040522381143898e-08,8.040522375639858e-08,5.504039943593145e-17,6.845376062257915e-10,1.2807639944644654e-06,1.9339204705549355,5.459008122192282e-184
0.0222740625942249,0.023322499678409395,7.559866403459428e-08,9.03311528667407e-09,8.463177932126835e-08,8.463177923923873e-08,8.202962199253203e-17,9.692531889367663e-10,1.4246873733901765e-06,2.0066223535621868,1.2309214370879343e-182
0.0236894669548157,0.024373069085789706,7.900402987310648e-08,1.0042532669308186e-08,8.904656254241466e-08,8.904656241835744e-08,1.2405722631336308e-16,1.393172546714222e-09,1.5838909431310522e-06,2.0797168213190633,3.780308619931127e-181
0.0251948131253257,0.025450882693448768,8.249770636322825e-08,1.1158386905654359e-08,9.365609326888261e-08,9.365609309756942e-08,1.713131944406805e-16,1.8291729716810597e-09,1.7598815499831058e-06,2.1529921520664077,1.4791199560473185e-179
0.0267958164542425,0.026554838621745104,8.607612181967837e-08,1.2391086521926584e-08,9.846720834160496e-08,9.846720813247302e-08,2.0913194498616412e-16,2.1238740135765626e-09,1.9543008087605035e-06,2.2262267004516585,5.076278513146239e-178
0.0284985554716303,0.02768366735100347,8.973516116076592e-08,1.3751959609536312e-08,1.0348712077030224e-07,1.0348712053567207e-07,2.346301645624705e-16,2.2672402402928045e-09,2.168935366515378e-06,2.2991909607452246,1.6356620363655658e-176
0.0303094949674878,0.02883593066614679,9.347016248746969e-08,1.5253323655601345e-08,1.0872348614307104e-07,1.0872348587416585e-07,2.689051939544382e-16,2.473294441649722e-09,2.4057279160853277e-06,2.371649817766263,1.711200732564314e-171
0.0322355105366193,0.030010024301878,9.727592565765716e-08,1.690855583979801e-08,1.1418448149745517e-07,1.141844811357086e-07,3.617465694788507e-16,3.168088734430282e-09,2.6667882831917784e-06,2.4433654374546623,1.4959335694746207e-169
0.0342839146832086,0.031204179814334057,1.0114671835295288e-07,1.8732170441667268e-08,1.1987888879462014e-07,1.1987888825693583e-07,5.376843123486335e-16,4.485229365695984e-09,2.9544056349868852e-06,2.514100011800611,7.95168908608462e-168
0.0364624845842072,0.032416468385494064,1.0507628841052888e-07,2.073989911817076e-08,1.2581618752869963e-07,1.258161867762245e-07,7.524751388716158e-16,5.980749803756138e-09,3.2710611412912966e-06,2.583618753772281,3.467983822463225e-166
0.038779491616945,0.03364480606320405,1.0905788080837107e-07,2.294877467260495e-08,1.3200665548097603e-07,1.320066545554283e-07,9.255477398577516e-16,7.0113717864106915e-09,3.6194411864829156e-06,2.6516930059514823,1.3786090287875873e-164
0.0412437327630729,0.034886960939651865,1.1308426093393039e-07,2.537721719402024e-08,1.3846147812795062e-07,1.384614770944856e-07,1.0334650312938699e-15,7.463917367246773e-09,4.0024509552576076e-06,2.718103491120531,5.16554939390993e-163
0.0438645640080667,0.0361405605417919,1.171477385397986e-07,2.804512402916975e-08,1.4519286256896836e-07,1.4519286139815995e-07,1.17080840613628e-15,8.06381515882113e-09,4.423228622849883e-06,2.7826433443077523,1.2352091708590556e-158
0.0466519358631018,0.03740310376449796,1.2124020642439966e-07,3.097395889010878e-08,1.5221416531450845e-07,1.5221416375671668e-07,1.557791766413201e-15,1.023421022080603e-08,4.885159408929904e-06,2.8451216657112646,1.242524985980845e-156
0.0496164311441627,0.03867196980422683,1.2535316938999337e-07,3.4186847256851936e-08,1.595400166468453e-07,1.5954001438896895e-07,2.257876355780142e-15,1.4152413941250446e-08,5.391890624346122e-06,2.905366174960095,7.712034314303773e-155
0.0527693051518261,0.03994442685298086,1.2947777242370077e-07,3.770867458244104e-08,1.6718644700614182e-07,1.6718644399739693e-07,3.008744884909053e-15,1.7996344433341075e-08,5.947347159859321e-06,2.963225382878983,3.8291474230523915e-153
0.0561225284042652,0.041217641725711095,1.336048319042284e-07,4.156618561708787e-08,1.7517101752131626e-07,1.7517101401032554e-07,3.510990715173106e-15,2.0043216993620875e-08,6.555747151375216e-06,3.0185704263592976,2.2604236740440845e-151
0.0596888320857217,0.042488691334690284,1.3772487279544876e-07,4.5788083069357456e-08,1.8351295586480622e-07,1.8351295204134913e-07,3.8234570930691585e-15,2.0834807412103888e-08,7.221617540616232e-06,3.0712967051017808,1.002016250763799e-147
0.0634817563829987,0.043754574283544526,1.418281662278481e-07,5.0405126703664575e-08,1.9223329293151268e-07,1.9223328838719783e-07,4.544314847830156e-15,2.3639582813832188e-08,7.949809704607838e-06,3.121324976302662,1.2418649099513736e-145
0.0675157018934936,0.045012224370816895,1.4590477326962237e-07,5.5450230564513814e-08,2.0135500383413619e-07,2.013549976912893e-07,6.142846887303039e-15,3.0507545232713145e-08,8.745514789718115e-06,3.168602210916698,9.722326632894916e-144
0.0718059842999539,0.04625851861487206,1.4994457093898614e-07,6.095856339099406e-08,2.1090313432998022e-07,2.1090312625204633e-07,8.077933889370483e-15,3.8301630343395954e-08,9.614279548858755e-06,3.2131007859461933,5.8841738293309944e-142
0.0763688925195356,0.047490285586580055,1.539372792141316e-07,6.696764804597176e-08,2.2090492726010334e-07,2.2090491791171211e-07,9.348391221888699e-15,4.231861795858218e-08,1.0562022023286037e-05,3.2548169943257625,2.9513418722421906e-140
0.0812217505479433,0.048704318895962134,1.5787250474948646e-07,7.351745562884053e-08,2.31389960378327e-07,2.313899503469772e-07,1.0031349810913783e-14,4.335257153989021e-08,1.1595046385901488e-05,3.2937697897621883,4.368819987989305e-137
0.0863829832334518,0.049897392374975535,1.6173979008991741e-07,8.065049533450256e-08,2.4239028542441996e-07,2.423902738859935e-07,1.1538426432522198e-14,4.760267686602486e-08,1.2720057113655543e-05,3.329999188439583,7.497235556311955e-135
0.0918721862305363,0.051066280926423804,1.6552868125138353e-07,8.841189678520291e-08,2.5394057803658646e-07,2.5394056315153725e-07,1.4885049213140525e-14,5.861626892491346e-08,1.3944171972782546e-05,3.3635649740309925,6.7008404719270764e-133
0.0977102003987026,0.052207771904496394,1.6922876461036056e-07,9.68494944580222e-08,2.6607825906838277e-07,2.660782406220716e-07,1.8446311148444716e-14,6.932663800879713e-08,1.5274935334559367e-05,3.3945430227238393,4.2406896177228994e-131
0.1039191909289878,0.05331868208437458,1.7282972190993207e-07,1.060139078798624e-07,2.7884362978979444e-07,2.788436094979726e-07,2.0291821822301617e-14,7.277133007341267e-08,1.672033082352035e-05,3.4230218260392125,3.4407114494535064e-129
0.110522731498551,0.05439588725846891,1.7632142619444628e-07,1.1595861175742557e-07,2.9228003795187185e-07,2.9228001649580144e-07,2.1456070408247665e-14,7.340929116678409e-08,1.8288792378236672e-05,3.449100603023186,2.6767397859922073e-126
0.1175458937728643,0.05543635643528948,1.7969405266336746e-07,1.26739998120219e-07,3.0643405078358647e-07,3.0643402579749376e-07,2.4986092709665934e-14,8.153823847504437e-08,1.9989214052404e-05,3.472887652229955,3.2628182554930542e-124
0.1250153425953162,0.05643718382880031,1.8293818236309628e-07,1.3841743471539897e-07,3.2135561707849523e-07,3.2135558649903903e-07,3.0579456195074426e-14,9.51576837930454e-08,2.1830959224776624e-05,3.494497833130654,3.6630105543195716e-122
0.1329594372256346,0.05739561680908749,1.8604489278760027e-07,1.5105332819883846e-07,3.370982209864387e-07,3.3709818670845804e-07,3.4277980666514124e-14,1.016854392355073e-07,2.382387056555369e-05,3.5140489168652858,3.294344674868148e-120
0.1414083390115016,0.05830910478044433,1.8900591631417273e-07,1.6471318076208625e-07,3.53719097076259e-07,3.53719061396105e-07,3.568015397814077e-14,1.0087143802260813e-07,2.597827896748564e-05,3.531660823841387,5.058697936954473e-118
0.1503941259021549,0.05917534204426566,1.9181377914126492e-07,1.7946565132976277e-07,3.712794304710277e-07,3.712793917024634e-07,3.876856427050278e-14,1.0441883144810532e-07,2.8305013197821973e-05,3.5474540997183657,2.044149595524728e-115
0.1599509142387531,0.05999232396409782,1.9446198334456075e-07,1.9538260849191097e-07,3.8984459183647175e-07,3.898445467002236e-07,4.513624816566015e-14,1.1578010599822164e-07,3.081540824671039e-05,3.561550104524844,1.9957380651376755e-113
0.1701149882839033,0.060758380849120976,1.9694511670851425e-07,2.125392106126904e-07,4.0948432732120465e-07,4.094842775982789e-07,4.9722925751690674e-14,1.2142815349484032e-07,3.352131796180196e-05,3.574068248778423,1.9569855364601177e-111
0.1809249379821373,0.06147222478904096,1.9925900453920422e-07,2.3101400342971503e-07,4.3027300796891924e-07,4.302729568369788e-07,5.1131940442553173e-14,1.1883604013163356e-07,3.643513044145046e-05,3.5851254722779986,1.4631280405186631e-109
0.1924218054743714,0.06213299998369771,2.0140087280513e-07,2.508890310515952e-07,4.522899038567252e-07,4.5228984977788543e-07,5.4078839746214046e-14,1.1956676300991443e-07,3.956978554105334e-05,3.5948368783189606,8.210278521807778e-107
0.2046492409226218,0.06274031882668775,2.0336946510038838e-07,2.722499739215679e-07,4.756194390219563e-07,4.756193787036325e-07,6.031832382837594e-14,1.2682056047249034e-07,4.2938796632437765e-05,3.6033151692944623,1.0114951448756474e-104
0.2176536682365943,0.0632942875571005,2.0516512579343636e-07,2.9518632977910367e-07,5.0035145557254e-07,5.003513910782205e-07,6.449431955457303e-14,1.288980352435944e-07,4.655627914481324e-05,3.610669786390506,9.36022285456704e-103
0.2314844613313631,0.0637955206591153,2.0678984670263258e-07,3.1979165692019193e-07,5.265815036228245e-07,5.265814378638735e-07,6.575895096801025e-14,1.2487896083625364e-07,5.043698893136463e-05,3.617006335615171,7.299122951689882e-101
0.2461941315853368,0.06424515493931357,2.082473127271091e-07,3.4616385339692263e-07,5.544111661240317e-07,5.544110972318772e-07,6.889215442726587e-14,1.2426184506510007e-07,5.45963663041289e-05,3.622427124800938,3.5659671301965516e-98
0.2618385272102325,0.06464484205504446,2.095428776278589e-07,3.7440549349264785e-07,5.839483711205068e-07,5.839482966508524e-07,7.446965441494039e-14,1.2752780570659802e-07,5.905058910227763e-05,3.627030561364273,3.782724229952391e-96
0.2784770452900065,0.06499672221964449,2.1068347879457953e-07,4.046242436039805e-07,6.1530772239856e-07,6.153076447254092e-07,7.767315080914805e-14,1.2623464322268975e-07,6.381663828430907e-05,3.630910427634643,3.800931824412749e-94
0.2961728572937903,0.0653033827443096,2.1167750286131757e-07,4.369333636620499e-07,6.486108665233675e-07,6.48610787456246e-07,7.906712150665304e-14,1.219022461502416e-07,6.891237701134427e-05,3.6341555713469607,3.703493641877031e-92
0.3149931489190346,0.0655678067646128,2.1253461950615492e-07,4.714522649395473e-07,6.839868844457023e-07,6.839868021854866e-07,8.22602157009937e-14,1.202657793177668e-07,7.43566386234929e-05,3.636849695725413,9.258339728941015e-90
0.3350093751754794,0.06579331315511278,2.1326558668755203e-07,5.083071239473919e-07,7.21572710634944e-07,7.215726241915081e-07,8.644343582413748e-14,1.1979864890964633e-07,8.016932346257725e-05,3.639071111282068,8.301721726104197e-88
0.3562975316784205,0.06598346380472299,2.1388195008230215e-07,5.476316104822713e-07,7.615135605645734e-07,7.615134718768486e-07,8.868772479206182e-14,1.1646243663252723e-07,8.637151369853544e-05,3.6408918866728777,7.071591396152348e-86
0.3789384431812964,0.06614197928958204,2.1439576974354687e-07,5.895676581296827e-07,8.039634278732296e-07,8.03963337676044e-07,9.019718557318874e-14,1.1219065749270772e-07,9.298559485183309e-05,3.642377951071655,9.765439734413292e-84
0.4030180704430672,0.06627264677843026,2.1481932158086662e-07,6.342662839916358e-07,8.490856055725024e-07,8.490855126464863e-07,9.292601613869987e-14,1.0944245848573042e-07,0.00010003538507950362,3.643588847034881,8.91970750290167e-82
0.4286278365954661,0.06637922912392966,2.1516480268454472e-07,6.818884469100416e-07,8.970532495945863e-07,8.970531537997587e-07,9.579482758083249e-14,1.0678834018395891e-07,0.00010754627053266198,3.6445776355694455,8.357060937408236e-80
0.455864974249246,0.06646537019796053,2.154440244748774e-07,7.326059616140415e-07,9.480499860889189e-07,9.480498889803225e-07,9.710859643433112e-14,1.0242982739226913e-07,0.00011554534953424568,3.6453908583551953,5.891608688301102e-78
0.4848328946572759,0.066534513402586,2.1566814855972387e-07,7.866024296513444e-07,1.0022705782110682e-06,1.0022704795392537e-06,9.8671814584972e-14,9.84482800653385e-08,0.00012406157940390077,3.646068801778084,7.170328469080285e-76
0.5156415803360923,0.06658984279236062,2.15847495885546e-07,8.440741466527944e-07,1.0599216425383404e-06,1.0599215408047715e-06,1.017335689093026e-13,9.59821602148506e-08,0.00013312591955018564,3.646645789781629,6.157084477734627e-74
0.5484080026365689,0.06663423124186185,2.1599137872517007e-07,9.052310315098223e-07,1.1212224102349923e-06,1.1212223068386166e-06,1.0339637568816749e-13,9.221754287492085e-08,0.00014277147801883717,3.6471504932160985,4.2446813437318567e-72
0.583256565849098,0.06667019965360173,2.1610796845236378e-07,9.702975861797158e-07,1.1864055546320795e-06,1.1864054499125526e-06,1.0471952691386462e-13,8.826621428482739e-08,0.00015303366287160354,3.6476065707179632,3.444573385433525e-70
0.6203195795294159,0.06669990998682114,2.1620427294503741e-07,1.0395137977421306e-06,1.255718070687168e-06,1.2557179640901714e-06,1.0659699661727745e-13,8.488927499382426e-08,0.00016395032445704237,3.6480330479046645,2.4176465204924725e-68
0.6597377608383529,0.06672517541193458,2.1628616950034576e-07,1.11313604688246e-06,1.3294222163828058e-06,1.3294221093032863e-06,1.0707951952359271e-13,8.054590799222756e-08,0.0001755618986949521,3.648445117385479,1.6155064603334993e-66
0.7016607688027423,0.06674747246372043,2.1635844422861941e-07,1.191438072175167e-06,1.4077965164037865e-06,1.4077964051341417e-06,1.1126964476520162e-13,7.903815890199793e-08,0.00018791155916147672,3.6488548524518998,8.118584468619042e-65
0.7462477725259145,0.06676796181642074,2.1642485939476524e-07,1.2747119181006863e-06,1.4911367774954515e-06,1.4911366711995785e-06,1.0629587301639676e-13,7.128512596606585e-08,0.00020104536660869778,3.649270831995867,5.302287655612313e-63
0.7936680555051042,0.06678756153888248,2.1648839087097869e-07,1.36326891228943e-06,1.5797573031604087e-06,1.5797571968060775e-06,1.0635433120700975e-13,6.732320907410328e-08,0.00021501242309387455,3.64970118477685,2.6042727307645314e-61
0.8441016583501812,0.06680696157719512,2.1655127508145692e-07,1.4574407283615956e-06,1.6739920034430525e-06,1.6739918654531626e-06,1.3798988989181923e-13,8.243163026346768e-08,0.00022986503960870653,3.6501511191372833,1.1337285360012098e-59
0.8977400623439151,0.06682664173388207,2.1661506728100844e-07,1.557580458391129e-06,1.7741955256721374e-06,1.774195392931584e-06,1.327405533378006e-13,7.481731940875743e-08,0.00024565890522650123,3.650622911711437,5.987133670150958e-58
0.9547869164390482,0.06684700457459744,2.1668107236516567e-07,1.6640638284659943e-06,1.8807449008311598e-06,1.8807447820260826e-06,1.1880507729232221e-13,6.316916092119592e-08,0.00026245327881824475,3.651122905689834,2.51482082356358e-56
1.0154588104523672,0.06686832514603366,2.1675018188341018e-07,1.7772904826757433e-06,1.9940406645591536e-06,1.9940405401327563e-06,1.244263972589735e-13,6.239912729486986e-08,0.00028031119156090824,3.6516529008093723,9.132036340485755e-55
1.0799860973913584,0.06689079688866298,2.1682302286292483e-07,1.8976853345841465e-06,2.114508357447071e-06,2.1145082326181905e-06,1.2482888063397092e-13,5.90344702088015e-08,0.00029929966008938164,3.652215014813117,2.639505428263008e-53
1.1486137680355757,0.06691458868807067,2.1690014273750955e-07,2.025700048031981e-06,2.242600190769491e-06,2.242600070215317e-06,1.2055417385862274e-13,5.375642718431129e-08,0.00031948992004613715,3.65281256935935,8.2436603151799e-52
1.2216023810932433,0.06693983314747363,2.1698197133356293e-07,2.16181463584242e-06,2.378796607175983e-06,2.378796485802122e-06,1.2137386119420788e-13,5.102321939928203e-08,0.00034095767822628776,3.653447304636444,2.1948408037754953e-50
1.2992290524646235,0.06696664989188075,2.170688964093005e-07,2.3065391500808703e-06,2.523608046490171e-06,2.5236079241662355e-06,1.223239352759792e-13,4.847184389275787e-08,0.0003637833791624554,3.6541220939303294,4.618321564354587e-49
1.3817885073680785,0.06699515349073998,2.1716128933560121e-07,2.460415495248365e-06,2.677576784583966e-06,2.6775766631489738e-06,1.2143499240904417e-13,4.535257144004271e-08,0.00038805249109850773,3.654839441456599,9.024229184616105e-48
1.469594199323442,0.06702545760145348,2.172595185269952e-07,2.6240193609427813e-06,2.8412788794697763e-06,2.8412787579165673e-06,1.215532089858442e-13,4.2781160928675815e-08,0.00041385581080555386,3.655601930843102,1.8604311333521998e-46
1.5629795002411386,0.06705767969700104,2.1736396476600812e-07,2.7979622683166362e-06,3.0153262330826445e-06,3.0153261108354987e-06,1.2224714581007996e-13,4.0541930245837315e-08,0.00044128978634574116,3.6564125522215365,2.713063147163261e-45
1.662298966135469,0.06709194238770431,2.1747502548759093e-07,2.9828937414519077e-06,3.2003687669394988e-06,3.2003686448327e-06,1.2210679880346703e-13,3.815397777432921e-08,0.0004704568595377488,3.6572742076530935,3.514864234848209e-44
1.7679296832675877,0.06712837550715926,2.1759312154056062e-07,3.179503609594628e-06,3.3970967311351883e-06,3.397096609146408e-06,1.2198878043237667e-13,3.590971646886616e-08,0.0005014658290612603,3.6581901228154927,4.037825314677563e-43
1.880272699829084,0.06716711617420111,2.177186973884567e-07,3.3885244409301823e-06,3.606243138318639e-06,3.6062430157308897e-06,1.225877491931157e-13,3.399320137085115e-08,0.0005344322343078079,3.6591636839660797,4.4924747229826235e-42
1.9997545486018304,0.06720830999239617,2.178522249976312e-07,3.6107341131942225e-06,3.828586338191854e-06,3.828586214934683e-06,1.2325717076627557e-13,3.219391176757081e-08,0.0005694787608130961,3.6601984665366585,3.7686468142555555e-41
2.1268288663751918,0.06725211201357317,2.1799420696048493e-07,3.84695853146784e-06,4.064952738428325e-06,4.064952615162478e-06,1.2326584777178724e-13,3.0324054350370326e-08,0.0006067356689029715,3.661298294870679,2.5510179199283458e-40
2.261978116269024,0.0672986868068821,2.1814517671931835e-07,4.098074500646529e-06,4.3162196773658475e-06,4.3162195543157526e-06,1.2305009492759441e-13,2.8508765569293463e-08,0.0006463412467342757,3.662467205311338,1.4537092163948884e-39
2.405715419501627,0.06734820900948771,2.183057003513757e-07,4.365012754917786e-06,4.583318455269161e-06,4.583318332173418e-06,1.2309574322718784e-13,2.6857340249982454e-08,0.0006884422880988325,3.663709472392663,7.310765413125307e-39
2.5585865035572994,0.0674008643450671,2.1847637987025166e-07,4.648761151528953e-06,4.8672375313992046e-06,4.867237408114984e-06,1.2328422076344613e-13,2.5329402965876028e-08,0.000733194596139006,3.665029649456611,3.1343839961297734e-38
2.7211717741501302,0.06745685012530456,2.1865785485146065e-07,4.950368040409607e-06,5.169025895261067e-06,5.1690257718427135e-06,1.2341835351284153e-13,2.3876520646954152e-08,0.0007807635147987358,3.66643255057387,1.098339729215182e-37
2.8940885188506336,0.06751637599150534,2.188508048363393e-07,5.270945814071525e-06,5.489796618907865e-06,5.489796495498582e-06,1.234092826370094e-13,2.247975493517651e-08,0.0008313244887076421,3.667923277116021,3.2097921294574082e-37
3.0779932507417502,0.06757966460670402,2.190559515754793e-07,5.611674645666506e-06,5.830730597241985e-06,5.830730473890978e-06,1.2335100761727124e-13,2.1155326173982028e-08,0.0008850636527410605,3.6695072388847874,7.918529897380427e-37
3.273584201002371,0.06764695245791151,2.192740616291694e-07,5.9738064214523204e-06,6.19308048308149e-06,6.19308035976706e-06,1.2331443019350996e-13,1.991164664021166e-08,0.0009421784522417953,3.6711901679541925,1.6210118850960155e-36
3.4816039698819448,0.06771849074494539,2.1950594924849224e-07,6.358668875408915e-06,6.578174824657407e-06,6.578174701395003e-06,1.232624037358237e-13,1.8738085718517405e-08,0.00100287829512466,3.672978133599659,2.7648485886097192e-36
3.702842346131221,0.06779454623157155,2.1975247913425577e-07,6.767669934041365e-06,6.9874224131756205e-06,6.987422289912882e-06,1.2326273831383787e-13,1.7640659319724427e-08,0.0010673852371313097,3.6748775640531215,4.2127230578828856e-36
3.938139305593531,0.06787540224193775,2.2001456966688042e-07,7.202302274949182e-06,7.422316844616062e-06,7.422316721345827e-06,1.2327023540245402e-13,1.6608053520629578e-08,0.0011359347007999364,3.6768952614929935,5.6471691756857514e-36
4.188388200341461,0.06796135959147595,2.2029319592387032e-07,7.664148109006037e-06,7.884441304929907e-06,7.884441181639843e-06,1.232900635967163e-13,1.563713379661114e-08,0.0012087762297024113,3.6790384261835127,6.859244069152995e-36
4.45453915046707,0.06805273767014218,2.2058939319107874e-07,8.154884263147345e-06,8.375473656338423e-06,8.37547353303441e-06,1.2330401253529168e-13,1.4722034549291094e-08,0.0012861742900927816,3.6813146752886996,7.591801332935088e-36
4.737602651403273,0.06814987551555327,2.20904260441225e-07,8.676287066738413e-06,8.897191327179638e-06,8.897191203867331e-06,1.233123066819112e-13,1.3859689215090818e-08,0.0013684090415768339,3.6837320625967864,7.992217845914434e-36
5.038653410472308,0.06825313323610724,2.212389649468644e-07,9.230241864598768e-06,9.451480829545633e-06,9.451480706223152e-06,1.233224812416736e-13,1.3047953380613497e-08,0.0014557778374898922,3.68629912985289,8.872487451868087e-36
5.358834427227516,0.06836289264157065,2.215947443244046e-07,9.818738094788266e-06,1.0040332839112671e-05,1.0040332715783158e-05,1.2332951330920171e-13,1.2283408855607334e-08,0.00154859444857373,3.6890248509220713,9.703582937322565e-36
5.699361333080262,0.06847955902949082,2.2197291232466706e-07,1.0443884064384512e-05,1.0665856976709179e-05,1.0665856853376753e-05,1.2333242540847437e-13,1.156329263347455e-08,0.0016471913933867144,3.691918720269475,1.0440388591883044e-35
6.061527006688263,0.06860356251819652,2.2237486315373956e-07,1.1107913828701157e-05,1.1330288691854896e-05,1.133028856852206e-05,1.2333283706648674e-13,1.0885233414674428e-08,0.001751921023282261,3.694990779810539,1.1216765435938747e-35
6.446706482628578,0.06873535948205944,2.2280207612530095e-07,1.181319355549013e-05,1.2035995631615433e-05,1.2035995508280654e-05,1.2333477846600185e-13,1.0247160454431658e-08,0.0018631565261598387,3.6982516426035867,1.2330631702382068e-35
6.856362171992004,0.06887543370412179,2.232561193968033e-07,1.256221590979187e-05,1.2785472029188674e-05,1.2785471905853843e-05,1.2333483098204458e-13,9.646482406005547e-09,0.001981291040853227,3.701712435051469,1.3600222464181898e-35
7.292049414719931,0.0690242984605363,2.237386567260756e-07,1.3357623132775725e-05,1.35813617895018e-05,1.358136166616828e-05,1.2333351977504223e-13,9.081086395207974e-09,0.002106741297085447,3.705384930732617,1.503874596265269e-35
7.755422384764201,0.06918249815220683,2.2425145276020086e-07,1.4202212464380516e-05,1.4426463917140718e-05,1.4426463793807935e-05,1.2333278285637812e-13,8.549065354112244e-09,0.0022399484707182806,3.709281564266592,1.664923387194212e-35
8.248240370490102,0.06935060962996772,2.2479637733101652e-07,1.5098930887356605e-05,1.5323727264687622e-05,1.5323727141354794e-05,1.2333282859615727e-13,8.048487581762727e-09,0.002381377354791647,3.7134153701648116,1.845249297111551e-35
8.772374454167297,0.0695292444204386,2.2537541267010582e-07,1.6050893105118947e-05,1.6276268517789053e-05,1.6276268394458857e-05,1.233301960177572e-13,7.57730163292429e-09,0.0025315191949596013,3.717800079537691,2.0517349586334807e-35
9.32981461590873,0.06971905050899956,2.259906591882191e-07,1.7061387057449115e-05,1.7287377716637335e-05,1.728737759331008e-05,1.2332725511936433e-13,7.133948082864786e-09,0.0026908925594173448,3.722450128186337,2.2850353715379218e-35
9.922677289029014,0.06992071438606362,2.26644342108159e-07,1.81338814057278e-05,1.836052574783596e-05,1.836052562451073e-05,1.233252290165545e-13,6.716868063055878e-09,0.0028600445194592004,3.727380678356569,2.547649936358286e-35
10.553213395507772,0.07013496314485715,2.2733881826462585e-07,1.9272033612593924e-05,1.949937243085855e-05,1.9499372307533203e-05,1.2332534760116712e-13,6.324580344237117e-09,0.003039551923788517,3.732607641735011,2.8426985251225935e-35
11.223816892066118,0.07036256693304999,2.2807658405104883e-07,2.047969954292914e-05,2.070777612698019e-05,2.070777600365604e-05,1.233241482025138e-13,5.955451104275491e-09,0.0032300229127683973,3.738147715748458,3.1875356471065255e-35
11.937033859303233,0.07060434074933525,2.2886028124310546e-07,2.176093890223158e-05,2.1989799183474687e-05,2.1989799060151436e-05,1.2332325034758972e-13,5.60820266336343e-09,0.003432097776152632,3.7440183754601124,3.587564996013205e-35
12.695572168401734,0.07086114710273522,2.2969270561872271e-07,2.3120025036406097e-05,2.334971774202482e-05,2.33497176187011e-05,1.233237212979084e-13,5.281593664661323e-09,0.0036464504986917267,3.750237907345989,4.051598779852141e-35
13.502311762103409,0.07113389855451598,2.3057681519756046e-07,2.456145302275206e-05,2.4792029837949622e-05,2.4792029714624993e-05,1.2332462931722785e-13,4.974365960485113e-09,0.0038737900362295495,3.756825425370491,4.5916485275081393e-35
14.360315588989138,0.0714235601731789,2.3151573819873799e-07,2.608994769820392e-05,2.6321463436402658e-05,2.6321463313077324e-05,1.2332533404863996e-13,4.6853524822666466e-09,0.0041148615819035965,3.7638008804367904,5.222202894929864e-35
15.272841232577155,0.07173115214012835,2.3251278148697003e-07,2.771047164219355e-05,2.794298442368052e-05,2.7942984300354223e-05,1.2332629627806804e-13,4.413497656805553e-09,0.004370447825188281,3.7711850681606247,5.960846294171542e-35
16.243353279391872,0.07205775250655909,2.335714395088728e-07,2.9428230976439554e-05,2.9661802415948427e-05,2.9661802292621226e-05,1.233272009092557e-13,4.157778383789169e-09,0.004641369866627704,3.7789996213482797,6.827544838693008e-35
17.27553647296109,0.07240450007180421,2.3469540362297876e-07,3.124868591255317e-05,3.148338131617615e-05,3.148338119284834e-05,1.2332780738484594e-13,3.917235132602488e-09,0.004928488881385881,3.7872670302024636,7.847280670265517e-35
18.37330970368344,0.07277259705798671,2.358885707694797e-07,3.31775518402503e-05,3.341344041101978e-05,3.341344028769085e-05,1.233289322445999e-13,3.6909977161144385e-09,0.005232706290877666,3.796010592851526,9.062038431494716e-35
19.54084088768132,0.07316331229731297,2.3715505380167226e-07,3.52208121931965e-05,3.545796724699817e-05,3.545796712366764e-05,1.2333053144280431e-13,3.4782177608685487e-09,0.005554965791947647,3.80525444819814,1.0513118718441485e-34
20.782562791129937,0.07357798422681963,2.3849919119327323e-07,3.7384724071813324e-05,3.7623223263006595e-05,3.7623223139674736e-05,1.233318595904656e-13,3.2780779766876826e-09,0.005896254243689472,3.815023552677948,1.224305228015561e-34
22.10318986014265,0.07401802377982035,2.399255564108931e-07,3.9675819199602896e-05,3.991574475601379e-05,3.991574463268123e-05,1.2333255754561415e-13,3.0898222818962336e-09,0.006257601818275712,3.8253436196013113,1.4309412646448043e-34
23.507736120110646,0.07448491755794699,2.4143896819604206e-07,4.2100907254251604e-05,4.2342346222447646e-05,4.23423460991152e-05,1.2333244234913332e-13,2.912744648140189e-09,0.006640082526333791,3.8362410761226906,1.6789761054668184e-34
25.001534212455446,0.07498023109274132,2.4304450113740897e-07,4.466706749992834e-05,4.491011200106575e-05,4.491011187773266e-05,1.233330928704368e-13,2.7462210040248846e-09,0.007044812897206494,3.8477429448900864,1.9821967912019043e-34
26.590255641070986,0.07550561142699723,2.4474749403814696e-07,4.738168261099636e-05,4.762643010503451e-05,4.762642998170114e-05,1.233333706972435e-13,2.589599313348622e-09,0.007472957313569496,3.8598769639202906,2.3501049066108203e-34
28.27993230532501,0.07606279058465537,2.4655356116335607e-07,5.025241228504414e-05,5.049896584620749e-05,5.049896572287446e-05,1.233330318840646e-13,2.4422882690245628e-09,0.007925723849724071,3.8726713528180783,2.7972284254699544e-34
30.07697940137416,0.07665358864790649,2.4846860221435276e-07,5.3287181693426485e-05,5.353565029564084e-05,5.353565017230829e-05,1.2333255076935057e-13,2.303746196941087e-09,0.008404362450036349,3.886154652620811,3.3479069383906755e-34
31.988219778742117,0.07727991644927969,2.5049881105493305e-07,5.649420041739313e-05,5.674469922844806e-05,5.6744699105115904e-05,1.2333215774606304e-13,2.1734568941768643e-09,0.008910167915510865,3.9003557485104507,4.028735395124661e-34
34.02090984463546,0.07794377836790692,2.5265068477531824e-07,5.988195920899025e-05,6.013460989376557e-05,6.0134609770433816e-05,1.2333175117024836e-13,2.050927932984475e-09,0.009444479392925548,3.9153037507468635,4.868876537819177e-34
36.182767114348245,0.07864727528517614,2.5493103327274975e-07,6.345918642978872e-05,6.371411746306147e-05,6.371411733973022e-05,1.2333124972674359e-13,1.9356973719089086e-09,0.010008673504423011,3.9310276182416724,5.918253097932242e-34
38.48199951235575,0.07939260687621284,2.573469866792071e-07,6.72348663982188e-05,6.7492213384898e-05,6.749221326156699e-05,1.2333101933378193e-13,1.827337008944181e-09,0.010604167241220552,3.9475561628509146,7.235594238132236e-34
40.9273365353451,0.08018207398023007,2.599060030447733e-07,7.121822134338932e-05,7.14781273464341e-05,7.14781272231033e-05,1.2333078894082028e-13,1.7254339686750763e-09,0.011232415117397641,3.9649178213320444,8.900376068771606e-34
43.52806239549928,0.08101808067895058,2.6261587507473205e-07,7.541868737754971e-05,7.568130325262444e-05,7.568130312929384e-05,1.233305992054401e-13,1.62960459063135e-09,0.011894905380314014,3.983140381935549,1.1023846736688073e-33
46.29405126986972,0.08190313574830206,2.654847348351615e-07,7.984588654199896e-05,8.011137127683411e-05,8.011137115350358e-05,1.2333053144280431e-13,1.539488458094437e-09,0.012593155601738643,4.0022506693640985,1.3734558293527994e-33
49.23580478966881,0.08283985422507018,2.685210588311586e-07,8.450960903118007e-05,8.477813009001124e-05,8.477812996668057e-05,1.2333066696807587e-13,1.4547462516232944e-09,0.013328709874264546,4.022274307551142,1.7208171439212155e-33
52.364491911817865,0.08383095808376442,2.717336702008643e-07,8.941978274874117e-05,8.969151641894204e-05,8.969151629561122e-05,1.233308160458746e-13,1.375055534458867e-09,0.0141031340097432,4.043235378767272,2.1687831414784062e-33
55.69199132413091,0.08487927586389488,2.751317375073006e-07,9.458644971450053e-05,9.486158145200784e-05,9.486158132867641e-05,1.2333142590959661e-13,1.30011985908112e-09,0.014918011818231764,4.0651561024449965,2.75651694619617e-33
59.230936545134114,0.08598774452866877,2.787247807632383e-07,0.00010001969993317291,0.00010029842471393615,0.00010029842459060417,1.2333198156321001e-13,1.2296502354345892e-09,0.015774934677882546,4.088056333499347,3.5252031554235296e-33
62.99476388975128,0.08715940721694489,2.825226641442746e-07,0.0001057296487543591,0.00010601217141850338,0.00010601217129517119,1.2333218485111735e-13,1.1633775933542565e-09,0.016675497964199607,4.111953214571009,4.5335577189532026e-33
66.99776348296685,0.08839741069278934,2.865355877217016e-07,0.00011172640972199514,0.00011201294530971684,0.00011201294518638406,1.2333278116231222e-13,1.1010582823377773e-09,0.01762129676790067,4.136860820057696,5.88088919584696e-33
71.25513351514981,0.08970500563886448,2.907740884135113e-07,0.00011802000191230274,0.00011831077600071625,0.00011831077587738319,1.233330657653825e-13,1.0424499773768355e-09,0.018613911280418383,4.162789478166077,7.68273988663662e-33
75.7830379450302,0.09108554244698286,2.952490263396955e-07,0.00012462031592703284,0.00012491556495337254,0.0001249155648300394,1.2333314708054544e-13,9.87332100099633e-10,0.019654901430413298,4.1897453652338825,1.010116097248662e-32
80.59866786940792,0.09254246571343712,2.9997156697914597e-07,0.00013153708421937798,0.00013183705578635713,0.00013183705566302407,1.233330657653825e-13,9.354962080254932e-10,0.02074580220362793,4.217730123430261,1.3402751043724847e-32
85.72030679259859,0.09407931296787696,3.049531770493754e-07,0.00013877976286807487,0.00013908471604512425,0.00013908471592179115,1.233330928704368e-13,8.867479934346127e-10,0.021888104996501984,4.246740045685531,1.7908487047087856e-32
91.1674000434221,0.09569970561808513,3.102055951544817e-07,0.00014635752034426036,0.00014666772593941485,0.00014666772581608202,1.233328218198937e-13,8.408995300768468e-10,0.023083255844500234,4.276765779265752,2.4128719403817366e-32
96.96062860329154,0.09740734361297579,3.1574081448553626e-07,0.0001542791548197524,0.00015459489563423795,0.00015459489551090532,1.233326320845135e-13,7.977794582319908e-10,0.024332642380117137,4.30779170344129,3.2789807951570745e-32
103.12198762570462,0.09920599834684911,3.215710598200962e-07,0.00016255302296552189,0.000162874594025342,0.00016287459390200952,1.2333246945418763e-13,7.572234957343812e-10,0.025637582603094535,4.339795373601315,4.496899128211587e-32
109.674869945253,0.1010995030341382,3.27708756322449e-07,0.00017118698985322042,0.00017151469860954288,0.00017151469848621033,1.2333255076935057e-13,7.190786082429001e-10,0.026999316978976947,4.37274707711862,6.222673668965021e-32
116.6441548932079,0.10309174314564672,3.341664985431768e-07,0.00018018836936270117,0.00018052253586124434,0.00018052253573791184,1.2333249655924194e-13,6.831972305886475e-10,0.028418999040288488,4.406609376680897,8.682297735705843e-32
124.0563027568885,0.10518664986024681,3.4095702919317743e-07,0.00018956386917865604,0.00018990482620784922,0.00018990482608451637,1.23332848924948e-13,6.494455743318563e-10,0.029897686711497305,4.4413368580403185,1.224016820910089e-31
131.93945524144672,0.10738818323372092,3.4809318458634437e-07,0.0001993195475757333,0.00019966764076031967,0.0001996676406369865,1.2333317418559975e-13,6.176923497265561e-10,0.03143633549323877,4.476875622832565,1.7408151441374642e-31
140.32354231549192,0.10970032623387403,3.555878753046952e-07,0.00020946077086166903,0.00020981635873697373,0.00020981635861364018,1.2333355365636012e-13,5.87816671677976e-10,0.03303579175031957,4.5131632520148806,2.5006839653182795e-31
149.24039584621636,0.11212707055870286,3.634540402287075e-07,0.00021999219690836832,0.00022035565094859701,0.00022035565082526324,1.2333377049679461e-13,5.597032341392735e-10,0.03469679011426819,4.550128697378248,3.6271387469556966e-31
158.72387045545966,0.11467240627996554,3.717046129674918e-07,0.00023091775754058256,0.00023128946215355005,0.00023128946203021633,1.23333716286686e-13,5.332439927799493e-10,0.036419950705707464,4.587692336064823,5.315395408644316e-31
168.809972055567,0.1173403101659083,3.803524840075196e-07,0.0002422406714274841,0.00024262102391149162,0.00024262102378815788,1.233337433917403e-13,5.083390606608459e-10,0.038205781167591504,4.625766242468645,7.868053529310778e-31
179.53699455305272,0.12013473637079092,3.8941047053320724e-07,0.0002539634585813599,0.0002543528690518931,0.00025435286892855965,1.2333347234119718e-13,4.848912174685738e-10,0.04005467895191467,4.664254578055419,1.1776037362489652e-30
190.94566523909268,0.12305960490726404,3.98891279060729e-07,0.00026608800430480217,0.0002664868955838629,0.0002664868954605295,1.2333341813108856e-13,4.6281231901054503e-10,0.041966941405352266,4.703054265858009,1.781121828995027e-30
203.07929941884896,0.12611879587129346,4.0880748671841095e-07,0.0002786156096825986,0.000279024417169317,0.00027902441704598363,1.2333336392097993e-13,4.4201638398599017e-10,0.04394277373275445,4.742055778960936,2.7240923221646517e-30
215.98396486670865,0.12931614283748918,4.191715198380351e-07,0.00029154707433648274,0.00029196624585632076,0.0002919662457329872,1.2333358076141443e-13,4.224241072788531e-10,0.04598230204908279,4.781144075648958,4.221777653265122e-30
229.7086567318238,0.13265542350815673,4.2999562364422834e-07,0.00030488288216604656,0.0003053128777896908,0.00030531287766635715,1.2333363497152305e-13,4.039581817327705e-10,0.04808560267414687,4.820200223340925,6.611883517964084e-30
244.30548355801628,0.13614037254149558,4.412919038363966e-07,0.0003186232255641191,0.0003190645174679555,0.000319064517344621,1.2333450233326104e-13,3.865503544926391e-10,0.05025270595181206,4.859102464722494,1.0493950003875538e-29
259.82986512430983,0.13977466704925848,4.530722795801461e-07,0.0003327683416446517,0.00033322141392423183,0.0003332214138008971,1.2333471917369554e-13,3.70128431187017e-10,0.052483649279282105,4.897728633018371,1.6830326146973828e-29
276.3407428572301,0.14356194776174455,4.6534855211250187e-07,0.0003473184837127928,0.0003477838322649053,0.0003477838321415703,1.2333504443434729e-13,3.5463133415702763e-10,0.054778472607408396,4.935956843938991,2.7345606974072216e-29
293.90080361374555,0.1475058141295311,4.781323888644278e-07,0.0003622743440347351,0.0003627524764235995,0.0003627524763002643,1.2333520706467316e-13,3.399982497173915e-10,0.05713728511922165,4.973668725735456,4.4942305219999686e-29
312.5767176844855,0.15160984158073337,4.914353793993323e-07,0.00037763706920265506,0.0003781285045820544,0.00037812850445871887,1.233355323253249e-13,3.2617359133410935e-10,0.059560267653263645,5.010750110228953,7.476969451804129e-29
332.4393919208631,0.15587759938299323,5.052690933117711e-07,0.0003934085596364258,0.0003939138287297376,0.0003939138286064015,1.2333607442641115e-13,3.131042005408534e-10,0.06204771994048119,5.047093640903213,1.2603879517123013e-28
353.56423894714976,0.16031266731290178,5.196451342605099e-07,0.0004095917132091097,0.0004101113583433702,0.0004101113582200338,1.233363996870629e-13,3.0073880466338644e-10,0.06460009902841884,5.082600822259709,2.1518155616382303e-28
376.0314634796203,0.16491866180547857,5.345752247306944e-07,0.0004261905526863887,0.0004267251279111194,0.0004267251277877826,1.2333677915782326e-13,2.8903097354865054e-10,0.06721803938074628,5.117183314372074,3.7243462559162435e-28
399.92636683983534,0.16969925040275258,5.500712528681714e-07,0.0004432104972901003,0.0004437605685429685,0.00044376056841963067,1.2333780914988712e-13,2.779377391615735e-10,0.06990239570779103,5.150764924559745,6.53327936052293e-28
425.3396708182076,0.17465819360646578,5.661454081428395e-07,0.00046065846963225845,0.0004612246150404013,0.0004612246149170621,1.2333921861271135e-13,2.6741681729607463e-10,0.072654259831988,5.183282777261859,1.1622423531025335e-27
452.3678621174646,0.17979937055216333,5.828102645698714e-07,0.0004785431322273992,0.0004791259424919691,0.00047912594236862764,1.2334144122716495e-13,2.574301040466669e-10,0.07547499799019901,5.214688774044476,2.095811518603406e-27
481.1135586837567,0.18512680461188452,6.000788636994989e-07,0.0004968748583895229,0.0004974749372532224,0.0004974749371298792,1.2334328437085817e-13,2.4793869024214687e-10,0.07836624624362853,5.24494909078775,3.830571771272455e-27
511.6858993162595,0.1906446651324065,6.179647202514387e-07,0.0005156657566040693,0.0005162837213243208,0.0005162837212009755,1.2334523593476865e-13,2.3890979095442994e-10,0.08132991432172977,5.274043738363624,7.099045209039038e-27
544.2009580345026,0.19635732021526453,6.364819931985706e-07,0.0005349297358974767,0.0005355662178906752,0.000535566217767329,1.2334621171672389e-13,2.3030991798273294e-10,0.08436819593217874,5.301966885680511,1.334350351444431e-26
578.7821847766517,0.20226938431330893,6.556456400486893e-07,0.0005546824855636827,0.0005553381312037314,0.0005553381310803849,1.2334653697737563e-13,2.2211069265136542e-10,0.08748356556337297,5.3287261952502805,2.5443533283028922e-26
615.5608741019447,0.20838565655722693,6.75471216933148e-07,0.0005749414102015858,0.0005756168814185189,0.0005756168812951701,1.2334881380193785e-13,2.1428977812110677e-10,0.09067876823865188,5.354341189475355,4.922247559219371e-26
654.6766636768047,0.21471123066599923,6.959752348758603e-07,0.0005957254948094221,0.000596421470044298,0.0005964214699209485,1.2334946432324134e-13,2.0681593557334517e-10,0.09395679823921439,5.378841941760367,9.661477915870497e-26
696.2780644372309,0.2212514754603918,7.171750966288012e-07,0.0006170551322429346,0.0006177723073395635,0.0006177723072162141,1.233493559030241e-13,1.9966799164926655e-10,0.09732087189111885,5.402266807003029,1.9244900552415376e-25
740.5230244403368,0.22801197861694064,7.390889143534888e-07,0.0006389520028595247,0.0006396910917738782,0.0006396910916505284,1.233497895838931e-13,1.928271179169328e-10,0.100774408582966,5.424660291336649,3.890611932922983e-25
787.5795285458105,0.23499867987287787,7.617359413977914e-07,0.0006614388867913994,0.0006622006227327972,0.0006622006226094477,1.233495727434586e-13,1.862722089182194e-10,0.10432100115794332,5.446071666541986,7.98951326512584e-25
837.6262362041068,0.24221776276703608,7.851362213797258e-07,0.0006845395682923683,0.0006853247045137481,0.0006853247043903983,1.233497895838931e-13,1.7998736769807866e-10,0.10796440082756673,5.466552819530303,1.6659915374435986e-24
890.8531597728643,0.2496757125403188,8.093107758688067e-07,0.0007082787455901901,0.0007090880563660589,0.0007090880562427096,1.233493559030241e-13,1.7395491969666788e-10,0.11170850295374805,5.486157358918142,3.524717721046122e-24
947.4623859369098,0.2573793218418459,8.342816228822193e-07,0.0007326817773776568,0.0007335160590005391,0.0007335160588771898,1.2334924748280685e-13,1.681616182348861e-10,0.11555730706580582,5.504938048358012,7.5655334866249e-24
1007.6688429708654,0.26533564388915803,8.600716250560687e-07,0.0007577745364317003,0.0007586346080567563,0.0007586346079334067,1.233495727434586e-13,1.6259418095810142e-10,0.11951489377352294,5.522944991681147,1.647797522664032e-23
1071.7011167574271,0.2735520156566654,8.867045648095265e-07,0.0007835833997306808,0.0007844701042954903,0.0007844701041721406,1.2334968116367584e-13,1.5723949260558832e-10,0.12358542320846265,5.540225425789906,3.644439266529017e-23
1139.8023186594885,0.2820360667820541,9.142051732144796e-07,0.0008101353242807132,0.0008110495294539276,0.0008110495293305784,1.2334924748280685e-13,1.5208596146508683e-10,0.12777314698316583,5.556824064861788,8.18153248499787e-23
1212.2310085411627,0.29079574226466837,9.425992035711517e-07,0.0008374578648519205,0.0008384004640554917,0.0008384004639321419,1.233497895838931e-13,1.4712514469186751e-10,0.13208241098848247,5.572783122101495,1.8620730641298983e-22
1289.2621764421351,0.29983925297297465,9.71913270980633e-07,0.0008655789367765298,0.0008665508500475105,0.0008665508499241612,1.2334924748280685e-13,1.423450770096688e-10,0.13651761798249606,5.588140136375667,4.298054784118082e-22
1371.1882866324731,0.30917508492429635,1.002174882424657e-06,0.0008945269102410196,0.0008955290851234443,0.0008955290850000946,1.2334968116367584e-13,1.3773944723042993e-10,0.14108324246211867,5.6029286372701,1.0055921687488678e-21
1458.32038801185,0.3188120164152789,1.0334124922931066e-06,0.000924330729338925,0.0009253641418312181,0.0009253641417078688,1.233493559030241e-13,1.3329817995640728e-10,0.14578384943989417,5.617179177254578,2.3864231955158073e-21
1550.9892950690466,0.3287591431973973,1.0656555839891066e-06,0.0009550200402868716,0.0009560856958708607,0.0009560856957475115,1.233491390625896e-13,1.2901473120590487e-10,0.15062411466601008,5.630920154558937,5.74185343184601e-21
1649.5468438854675,0.3390258795828408,1.0989346735136915e-06,0.0009866251587741293,0.000987724093447643,0.000987724093324293,1.2335011484454483e-13,1.2488316895661849e-10,0.1556088194787254,5.644177391825831,1.39912424062891e-20
1754.367227951357,0.3496219227018274,1.1332811936077577e-06,0.0010191770168066162,0.001020310298000224,0.001020310297876874,1.2335011484454483e-13,1.208947073123805e-10,0.1607428424206986,5.656973683834611,3.449716259132598e-20
1865.8484188663772,0.3605572823783392,1.1687275905926989e-06,0.0010527072931685259,0.0010538760207591186,0.0010538760206357687,1.2334989800411034e-13,1.1704403134180814e-10,0.16603117981517068,5.669329929432251,8.61617447937322e-20
1984.4136773185828,0.37184230937071056,1.205307415910797e-06,0.0010872485638190117,0.0010884538712349226,0.0010884538711115723,1.2335033168497933e-13,1.1332619134794408e-10,0.17147896948627087,5.6812658452006515,2.177957004793821e-19
2110.513160078451,0.3834877107062612,1.2430553758316328e-06,0.0011228342777915709,0.0011240773331674025,0.0011240773330440526,1.2334989800411034e-13,1.0973435222338082e-10,0.17709148695790894,5.692799670996136,5.56573198563975e-19
2244.625629109304,0.395504513522567,1.2820072142454571e-06,0.0011594987427547354,0.001160780749968981,0.0011607807498456304,1.2335054852541383e-13,1.062651569029811e-10,0.1828741431764326,5.703948031608271,1.4367266898651244e-18
2387.2602692830656,0.40790409786886356,1.3221998189872237e-06,0.0011972772184769753,0.0011985994182959626,0.0011985994181726114,1.2335119904671732e-13,1.0291278067036321e-10,0.1888324992517506,5.714726523480159,3.7468106692373216e-18
2538.958621602701,0.4206982146407935,1.3636712799711375e-06,0.0012362059914688408,0.001237569662748812,0.0012375696626254612,1.2335076536584832e-13,9.967177531798036e-11,0.19497227822976296,5.725149857738537,9.864250689503288e-18
2700.2966392711865,0.4338990099425215,1.406460968159177e-06,0.0012763224041383995,0.0012777288651065588,0.001277728864983209,1.2334968116367584e-13,9.65382285179797e-11,0.20129936969070605,5.735231913215751,2.6190791843471016e-17
2871.8868744132933,0.44751899792951977,1.4506094475324013e-06,0.0013176648671707888,0.0013191154766183212,0.0013191154764949707,1.2335054852541383e-13,9.3510045717631e-11,0.2078198317016345,5.744985701960705,7.002515280747301e-17
3054.38080375252,0.4615710943970727,1.4961585839663352e-06,0.0013602728949801987,0.0013617690535641651,0.0013617690534408141,1.2335098220628282e-13,9.058142559741365e-11,0.21453989640784663,5.754423484786385,1.8856847030808224e-16
3248.471302073062,0.47606861829285085,1.5431515501338957e-06,0.0014041871976319914,0.0014057303491821253,0.001405730349058774,1.2335119904671732e-13,8.774883399115973e-11,0.22146598453068286,5.763556925480591,5.109111067446971e-16
3454.895272857822,0.491025355087386,1.5916330309174782e-06,0.0014494497133770985,0.001451041346408016,0.0014510413462846651,1.2335076536584832e-13,8.500844284775021e-11,0.22860471049879472,5.7723971894084505,1.3900990600232075e-15
3674.4364460901934,0.5064554550915549,1.6416488938103923e-06,0.0014961035985345927,0.001497745247428403,0.0014977452473050536,1.2334946432324134e-13,8.235677231159957e-11,0.23596288085244133,5.78095474460499,3.795610237086295e-15
3907.928353842045,0.5223735904198776,1.6932466977051912e-06,0.001544193310809243,0.0015458865575069482,0.0015458865573835976,1.2335054852541383e-13,7.979275576620661e-11,0.24354750738419093,5.789239624091231,1.0397744604823122e-14
4156.257494945316,0.5387948419425694,1.746475326454655e-06,0.001593764685210519,0.0015955111605369737,0.0015955111604136231,1.2335054852541383e-13,7.731099071967623e-11,0.25136581911273503,5.797261437581991,2.8512691507189004e-14
4420.366700762531,0.5557348125142118,1.8013853558966125e-06,0.0016448649192197452,0.0016466663045756418,0.0016466663044522915,1.2335033168497933e-13,7.490912478273346e-11,0.2594252599434778,5.805029336091094,7.817546060105547e-14
4701.258714835066,0.5732095645099617,1.8580288513808264e-06,0.001697542638099087,0.001699400666950468,0.0016994006668271172,1.2335076536584832e-13,7.258486345494862e-11,0.26773349896895676,5.812552030123438,2.141486270918231e-13
5000.0,0.5912356841742175,1.91645957635183e-06,0.0017518479697007264,0.0017537644292770782,0.0017537644291537292,1.2334903064237235e-13,7.03338650181303e-11,0.2762984422676167,5.819837910867583,5.851466896801754e-13
