time_s,reference_loading_mol_kg,homogeneous_loading_mol_kg,residual_mol_kg
0.0,0.0,0.0,0.0
5e-05,3.042032308168713e-11,1.0847001920378723e-11,1.9573321161308408e-11
5.317724787430056e-05,3.4403954184789564e-11,1.2268579721733519e-11,2.2135374463056045e-11
5.655639382969606e-05,3.890887785937559e-11,1.3876545812485011e-11,2.503233204689058e-11
6.0150267471166206e-05,4.4003233845936986e-11,1.5695273548344138e-11,2.830796029759285e-11
6.397251366039366e-05,4.9764053444547823e-11,1.7751335997596303e-11,3.201271744695152e-11
6.803764432121665e-05,5.6278416652405e-11,2.00767700999057e-11,3.62016465524993e-11
7.236109353705672e-05,6.364475944203338e-11,2.2706883026488425e-11,4.093787641554495e-11
7.695927614951026e-05,7.197435024774389e-11,2.5681610752212346e-11,4.629273949553154e-11
8.184965008058509e-05,8.139295762170211e-11,2.9046124960376577e-11,5.2346832661325535e-11
8.705078261520076e-05,9.204273362101159e-11,3.2851519525786796e-11,5.91912140952248e-11
9.258242089560768e-05,1.040843405107712e-10,3.715480343724454e-11,6.692953707352666e-11
9.846556689537109e-05,1.1769935185948027e-10,4.2020562215059174e-11,7.567878964442109e-11
0.0001047225571575,1.330929639041827e-10,4.7523413943805286e-11,8.556954996037741e-11
0.0001113771475999,1.5049705568940302e-10,5.374683930427729e-11,9.675021638512573e-11
0.0001184546037091,1.7017364314344548e-10,6.078526181104546e-11,1.0938838133240002e-10
0.0001259817964658,1.9241877817082872e-10,6.87440454896445e-11,1.2367473268118423e-10
0.0001339873043662,2.1756694677904215e-10,7.774354056247006e-11,1.398234062165721e-10
0.0001425015219259,2.4599603353946244e-10,8.792006710858458e-11,1.5807596643087786e-10
0.0001515567750783,2.7813291958076034e-10,9.94274498041179e-11,1.7870546977664245e-10
0.0001611874439074,3.1445979880890314e-10,1.1244034449206327e-10,2.0201945431683987e-10
0.0001714300931778,3.55521299488556e-10,1.2715430151675665e-10,2.2836699797179937e-10
0.0001823236111606,4.0193251438642525e-10,1.4379128772796586e-10,2.5814122665845936e-10
0.0001939093572805,4.543880533859291e-10,1.6260215377201664e-10,2.9178589961391243e-10
0.000206231319145,5.136722464312667e-10,1.8387037638185766e-10,3.2980187004940904e-10
0.0002193362795524,5.806706408724446e-10,2.0791628221037881e-10,3.727543586620658e-10
0.0002332739941117,6.563829542622072e-10,2.3510181448594666e-10,4.2128113977626055e-10
0.0002480973801501,7.419376635716642e-10,2.658359114305193e-10,4.761017521411449e-10
0.0002638627176241,8.386084336141321e-10,3.0058057396090035e-10,5.380278596532318e-10
0.0002806298627977,9.47832611402237e-10,3.3985770981511607e-10,6.07974901587121e-10
0.0002984624754985,1.0712320408975603e-09,3.842568520117173e-10,6.869751888858429e-10
0.0003174282608152,1.2106364813264775e-09,4.344438615987874e-10,7.761926197276901e-10
0.0003375992261536,1.3681099490468742e-09,4.911707381119344e-10,8.769392109349399e-10
0.0003590519546268,1.5459803338281266e-09,5.552866761981636e-10,9.906936576299631e-10
0.0003818678958189,1.7468726919595466e-09,6.277505236437496e-10,1.1191221683157971e-09
0.0004061336750239,1.973746649480825e-09,7.096468888198939e-10,1.264099760660931e-09
0.000431941422137,2.229938417306588e-09,8.022005884866241e-10,1.427737828819964e-09
0.0004593891214431,2.519207958367188e-09,9.067890810897804e-10,1.6124188772774077e-09
0.0004885809836348,2.8457919202909515e-09,1.0249698486511802e-09,1.8208220716397713e-09
0.0005196278414683,3.2144630126349037e-09,1.158500417956198e-09,2.0559625946787058e-09
0.000552647570563,3.630596569138075e-09,1.3093637425411214e-09,2.3212328265969536e-09
0.0005877655369391,4.100245151075103e-09,1.4797967405156536e-09,2.6204484105594497e-09
0.0006251150729957,4.630222073519341e-09,1.6723312233803952e-09,2.9578908501389455e-09
0.0006648379837331,5.2281949406949e-09,1.8898116789437654e-09,3.338383261751135e-09
0.0007070850851445,5.9027902231876064e-09,2.1354466669531778e-09,3.767343556234428e-09
0.000752016776819,6.663710217518164e-09,2.412854782408885e-09,4.250855435109279e-09
0.0007998036509307,7.521863672295826e-09,2.7261160210990374e-09,4.795747651196788e-09
0.0008506271399262,8.489511617014243e-09,3.0798395277375003e-09,5.409672089276743e-09
0.0009046802053693,9.580430054877534e-09,3.4791993519705253e-09,6.101230702907009e-09
0.0009621680705579,1.0810091187019897e-08,3.9300301096962764e-09,6.88006107732362e-09
0.0010233089996959,1.2195865431768673e-08,4.4389079596135656e-09,7.756957472155108e-09
0.0010883351265767,1.3757245880008761e-08,5.013239811564062e-09,8.7440060684447e-09
0.0011574933359255,1.5516098150423734e-08,5.661354469264982e-09,9.854743681158752e-09
0.0012310462007473,1.749693758434891e-08,6.392626885508552e-09,1.1104310698840358e-08
0.0013092729792371,1.9727236757390267e-08,7.217603787014823e-09,1.2509632970375444e-08
0.0013924706750403,2.223776627664133e-08,8.148147713213812e-09,1.4089618563427518e-08
0.0014809551648862,2.5062971913110535e-08,9.197594615180523e-09,1.586537729793001e-08
0.0015750623978776,2.8241391307070226e-08,1.0380930783337353e-08,1.7860460523732873e-08
0.0016751496709886,3.1816114226230736e-08,1.1714994456380243e-08,2.0101119769850495e-08
0.0017815969856142,3.5835289435217426e-08,1.3218696014358092e-08,2.2616593420859334e-08
0.0018948084903223,4.0352683691430334e-08,1.491326002177213e-08,2.5439423669658203e-08
0.002015214015284,4.5428295240199856e-08,1.6822506345365256e-08,2.86057888948346e-08
0.0021432707042104,5.1129027468948164e-08,1.897315185403098e-08,3.2155875614917184e-08
0.0022794647499905,5.7529427203491327e-08,2.139514431971001e-08,3.6134282883781315e-08
0.0024243132406195,6.471249203077419e-08,2.4122048959218634e-08,4.059044307155556e-08
0.0025783661224274,7.277055160401944e-08,2.719145330447014e-08,4.55790982995493e-08
0.0027422082880605,8.180622892870584e-08,3.064543791910219e-08,5.116079100960365e-08
0.002916461797143,9.193348498232694e-08,3.4531085431164834e-08,5.740239955116211e-08
0.0031017882380521,1.0327875435945837e-07,3.8901042547168394e-08,6.437771181228996e-08
0.0032988912397697,1.159821747717836e-07,4.381414779650124e-08,7.216802697528235e-08
0.0035085191433519,1.301989159506938e-07,4.9336119560927274e-08,8.086279638976651e-08
0.003731467843155,1.461006140188106e-07,5.554031457965536e-08,9.056029943915525e-08
0.0039685838086087,1.6387691329215382e-07,6.250856718662178e-08,1.0136834610553204e-07
0.0042207672980064,1.837371254265503e-07,7.033210588365003e-08,1.1340501954290028e-07
0.0044889757765166,2.0591199723659794e-07,7.911256797173113e-08,1.2679942926486682e-07
0.0047742275513911,2.306556140160241e-07,8.896310703403376e-08,1.4169250698199031e-07
0.0050776056381728,2.58247416360437e-07,1.000096111923232e-07,1.582378051681138e-07
0.0054002618725812,2.889943470455658e-07,1.1239203729848411e-07,1.766023097470817e-07
0.0057434212836877,3.232331264093347e-07,1.2626587378518672e-07,1.9696725262414796e-07
0.0061083867449839,3.613326631081625e-07,1.4180372702575243e-07,2.1952893608241007e-07
0.006496543921002,4.036965720408417e-07,1.5919706877547555e-07,2.4449950326536615e-07
0.0069093665282681,4.5076584836534006e-07,1.786581471593469e-07,2.7210770120599316e-07
0.0073484219305622,5.030216622386706e-07,2.0042203166489386e-07,3.0259963057377673e-07
0.007815377089729,5.609882786306111e-07,2.2474891143502613e-07,3.3623936719558497e-07
0.008312004894633,6.252361054969724e-07,2.519265200566625e-07,3.733095854403099e-07
0.008840190892286,6.963848637686215e-07,2.822728242847845e-07,4.1411203948383695e-07
0.0094019404467045,7.751068814007894e-07,3.161389407658529e-07,4.589679406349365e-07
0.0099993863526764,8.621304775778754e-07,3.539122606462212e-07,5.082182169316542e-07
0.0106347969333434,9.5824345766692e-07,3.9601989949750213e-07,5.622235581694179e-07
0.0113105846523451,1.0642968055589666e-06,4.429323859118887e-07,6.21364419647078e-07
0.0120293152732203,1.181208435240232e-06,4.951676749411394e-07,6.860407602990925e-07
0.0127937176008429,1.3099670604193623e-06,5.532954438577551e-07,7.566716165616072e-07
0.0136066938418765,1.4516362481314966e-06,6.17941867833455e-07,8.336943802980416e-07
0.0144713306235837,1.6073584184469774e-06,6.897946380771957e-07,9.175637803697817e-07
0.0153909107128253,1.7783591781818325e-06,7.696084307869517e-07,1.0087507473948808e-06
0.0163689254797428,1.965951812835075e-06,8.582107878564555e-07,1.1077410249786195e-06
0.0174090881534448,2.171541999935296e-06,9.565084915686362e-07,1.21503350836666e-06
0.0185153479200257,2.396632707427092e-06,1.0654942062541676e-06,1.3311385011729244e-06
0.0196919049164424,2.6428294481766763e-06,1.1862538423944247e-06,1.4565756057822515e-06
0.0209432261771763,2.91184550521541e-06,1.3199742908056247e-06,1.5918712144097852e-06
0.0222740625942249,3.205507855981794e-06,1.4679517630592707e-06,1.7375560929225233e-06
0.0236894669548157,3.5257636453320487e-06,1.6316006457590746e-06,1.894162999572974e-06
0.0251948131253257,3.874687186217073e-06,1.8124629327270239e-06,2.062224253490049e-06
0.0267958164542425,4.2544874229280855e-06,2.0122182741028277e-06,2.242269148825258e-06
0.0284985554716303,4.6675161684974455e-06,2.2326941338866e-06,2.4348220346108455e-06
0.0303094949674878,5.116276593605713e-06,2.475877098287763e-06,2.64039949531795e-06
0.0322355105366193,5.603433243271958e-06,2.7439246130036807e-06,2.859508630268277e-06
0.0342839146832086,6.131823319436505e-06,3.039177316644647e-06,3.0926460027918577e-06
0.0364624845842072,6.70446867472448e-06,3.364171851225939e-06,3.3402968234985416e-06
0.038779491616945,7.324588880031683e-06,3.721654275571595e-06,3.602934604460088e-06
0.0412437327630729,7.995614674325579e-06,4.114593604052072e-06,3.881021070273507e-06
0.0438645640080667,8.721203638161631e-06,4.546196200531155e-06,4.175007437630476e-06
0.0466519358631018,9.505257476163884e-06,5.019920764558591e-06,4.485336711605293e-06
0.0496164311441627,1.035194005113698e-05,5.5394937127727085e-06,4.812446338364271e-06
0.0527693051518261,1.1265696492200604e-05,6.1089246360597074e-06,5.156771856140896e-06
0.0561225284042652,1.2251272189744227e-05,6.73252215394259e-06,5.518750035801638e-06
0.0596888320857217,1.331373443555446e-05,7.414909346499474e-06,5.898825089054987e-06
0.0634817563829987,1.44584947533201e-05,8.1610400014325e-06,6.297454751887599e-06
0.0675157018934936,1.5691332192379096e-05,8.976215006642078e-06,6.715117185737018e-06
0.0718059842999539,1.701841620516133e-05,9.866098207191792e-06,7.1523179979695385e-06
0.0763688925195356,1.8446328247888525e-05,1.0836731919286208e-05,7.609596328602317e-06
0.0812217505479433,1.9982086524520543e-05,1.1894551562765306e-05,8.087534961755237e-06
0.0863829832334518,2.1633171347822627e-05,1.3046400081871089e-05,8.586771265951538e-06
0.0918721862305363,2.3407548385471203e-05,1.4299542451380775e-05,9.108005934090428e-06
0.0977102003987026,2.5313690881259337e-05,1.5661678798093917e-05,9.65201208316542e-06
0.1039191909289878,2.736060301214824e-05,1.714095656351483e-05,1.0219646448633408e-05
0.110522731498551,2.9557845892151424e-05,1.8745980717677835e-05,1.081186517447359e-05
0.1175458937728643,3.191556051998583e-05,2.048582471054243e-05,1.14297358094434e-05
0.1250153425953162,3.444449197742792e-05,2.237004106138936e-05,1.2074450916038557e-05
0.1329594372256346,3.715601229600174e-05,2.4408670157411153e-05,1.274734213859059e-05
0.1414083390115016,4.006214763989212e-05,2.6612248829840788e-05,1.3449898810051336e-05
0.1503941259021549,4.317560655555313e-05,2.899181956364747e-05,1.418378699190566e-05
0.1599509142387531,4.650980690050833e-05,3.155894130487506e-05,1.4950865595633267e-05
0.1701149882839033,5.007890646040516e-05,3.4325702626299056e-05,1.5753203834106105e-05
0.1809249379821373,5.3897837049159474e-05,3.730473519963601e-05,1.6593101849523466e-05
0.1924218054743714,5.798234298555571e-05,4.050923211251809e-05,1.747311087303762e-05
0.2046492409226218,6.234902249358159e-05,4.395297212217738e-05,1.839605037140421e-05
0.2176536682365943,6.701537325220887e-05,4.7650350693922496e-05,1.936502255828637e-05
0.2314844613313631,7.199984591183423e-05,5.161641586493046e-05,2.0383430046903773e-05
0.2461941315853368,7.732190407697415e-05,5.586691435073321e-05,2.1454989726240933e-05
0.2618385272102325,8.300209218332078e-05,6.041834841431917e-05,2.2583743769001612e-05
0.2784770452900065,8.906210971567061e-05,6.528804505680161e-05,2.3774064658869004e-05
0.2961728572937903,9.552489652779828e-05,7.049423249641943e-05,2.5030664031378843e-05
0.3149931489190346,0.0001024147279426,7.605613098903295e-05,2.6358596953567043e-05
0.3350093751754794,0.0001097573198194,8.199405746314449e-05,2.7763262356255507e-05
0.3562975316784205,0.00011757994124,8.832953999658568e-05,2.9250401243414314e-05
0.3789384431812964,0.0001259115383424,9.508543979202283e-05,3.082609855037716e-05
0.4030180704430672,0.0001347828704009,0.000102286083419139,3.249678698176099e-05
0.4286278365954661,0.0001442266509424,0.00010995740654762313,3.4269244394776884e-05
0.455864974249246,0.0001542776964514,0.00011812709670363788,3.615059974776211e-05
0.4848328946572759,0.0001649730834253,0.00012682473751113896,3.814834591416103e-05
0.5156415803360923,0.000176352314488,0.0001360819621565351,4.0270352331464885e-05
0.5484080026365689,0.0001884574846491,0.00014593260279875903,4.252488185034096e-05
0.583256565849098,0.0002013334537678,0.00015641283622964408,4.4920617538155916e-05
0.6203195795294159,0.0002150280267798,0.0001675613304778307,4.746669630196931e-05
0.6597377608383529,0.0002295921365279,0.0001794193994545241,5.0172737073375906e-05
0.7016607688027423,0.0002450800310102,0.00019203114848896194,5.3048882521238065e-05
0.7462477725259145,0.0002615494705218,0.0002054436262259984,5.61058442958016e-05
0.7936680555051042,0.0002790619330328,0.00021970698759590736,5.9354945436892635e-05
0.8441016583501812,0.0002976828259365,0.0002348746608569027,6.280816507959729e-05
0.8977400623439151,0.0003174817114573,0.000251003525691554,6.647818576574602e-05
0.9547869164390482,0.000338532548794,0.00026815410031411606,7.037844847988394e-05
1.0154588104523672,0.0003609139473358,0.0002863907549036254,7.452319243217458e-05
1.0799860973913584,0.0003847094357503,0.00030578192974642815,7.892750600387184e-05
1.1486137680355757,0.0004100077520441,0.00032640037044118274,8.360738160291726e-05
1.2216023810932433,0.0004369031498773,0.00034832338804244875,8.857976183485126e-05
1.2992290524646235,0.0004654957248803,0.0003716331327837594,9.386259209654058e-05
1.3817885073680785,0.0004958917613415,0.0003964168829980784,9.94748783434216e-05
1.469594199323442,0.000528204099861,0.00042276735774334385,0.00010543674211765616
1.5629795002411386,0.0005625525255119,0.0004507830478935944,0.00011176947761830559
1.662298966135469,0.0005990641781832,0.00048056856437986246,0.00011849561380333757
1.7679296832675877,0.0006378739865549,0.0005122350084189148,0.00012563897813598526
1.880272699829084,0.0006791251252776,0.000545900364413138,0.00013322476086446197
1.9997545486018304,0.0007229694958627,0.0005816899146403008,0.00014127958122239922
2.1268288663751918,0.0007695682330025,0.0006197366757087311,0.00014983155729376887
2.261978116269024,0.0008190922377605,0.0006601818609579698,0.0001589103768025302
2.405715419501627,0.0008717227374588,0.0007031753686991826,0.00016854736875961736
2.5585865035572994,0.0009276518733271,0.0007488762969167497,0.00017877557641035027
2.7211717741501302,0.0009870833162915,0.0007974534853895471,0.000189629830901953
2.8940885188506336,0.0010502329123628,0.000849086087174113,0.00020114682518868705
3.0779932507417502,0.0011173293586146,0.0009039641705887956,0.00021336518802580443
3.273584201002371,0.0011886149092499,0.0009622893524655459,0.00022632555678435407
3.4816039698819448,0.001264346112874,0.001024275463855115,0.00024007064901888507
3.702842346131221,0.0013447945806051,0.0010901492493581605,0.00025464533124693956
3.938139305593531,0.0014302477854768,0.0011601511131683262,0.0002700966723084739
4.188388200341461,0.0015210098933657,0.0012345360166711816,0.0002864738766945184
4.45453915046707,0.0016174026246015,0.0013135740945536274,0.0003038285300478727
4.737602651403273,0.0017197661465275,0.0013975511376865363,0.0003222150088409636
5.038653410472308,0.0018284599921216,0.0014867700424359691,0.00034168994968563097
5.358834427227516,0.0019438640110462,0.001581552099484247,0.000362311911561953
5.699361333080262,0.0020663793407248,0.001682237211263613,0.0003841421294611871
6.061527006688263,0.0021964295665874,0.001789184320898142,0.0004072452456892581
6.446706482628578,0.00233446212119,0.0019027739049312356,0.00043168821625876454
6.856362171992004,0.0024809495668609,0.002023409014137736,0.0004575405527231639
7.292049414719931,0.0026363854103504,0.00215151468934609,0.00048487072100431017
7.755422384764201,0.0028012910527337,0.0022875405267219905,0.0005137505260117093
8.248240370490102,0.0029762226877925,0.0024319615186528137,0.0005442611691396865
8.772374454167297,0.0031617552254708,0.002585279255084793,0.0005764759703860071
9.32981461590873,0.0033584936059308,0.0027480231568734505,0.0006104704490573496
9.922677289029014,0.0035670836468649,0.0029207518419180874,0.0006463318049468128
10.553213395507772,0.0037881933083969,0.0031040543750673615,0.0006841389333295386
11.223816892066118,0.004022525185203,0.0032985513892294254,0.000723973795973575
11.937033859303233,0.0042708153933288,0.0035048966219484263,0.0007659187713803736
12.695572168401734,0.0045338344157582,0.0037237781653920664,0.0008100562503661336
13.502311762103409,0.0048123873827219,0.003955919799515023,0.0008564675832068765
14.360315588989138,0.0051073150945322,0.004202082227929813,0.0009052328666023868
15.272841232577155,0.0054194945512504,0.004463064247411375,0.0009564303038390246
16.243353279391872,0.005749838229644,0.004739704320004374,0.0010101339096396265
17.27553647296109,0.0060992951703477,0.005032880616179824,0.0010664145541678756
18.37330970368344,0.0064688496472535,0.005343514202974932,0.0011253354442785687
19.54084088768132,0.0068595230846055,0.00567256854031078,0.00118695454429472
20.782562791129937,0.0072723710640499,0.0060210507259565475,0.0012513203380933521
22.10318986014265,0.0077084819237467,0.00639001180422273,0.0013184701195239701
23.507736120110646,0.0081689792827059,0.006780546473033132,0.0013884328096727683
25.001534212455446,0.0086550109969519,0.007193797316337331,0.0014612136806145693
26.590255641070986,0.0091677626487042,0.007630951692936624,0.001536810955767575
28.27993230532501,0.0097084442136987,0.008093240431348316,0.0016152037823503832
30.07697940137416,0.0102782816349666,0.008581940303222143,0.001696341331744457
31.988219778742117,0.0108785252347492,0.00909837427808617,0.0017801509566630295
34.02090984463546,0.0115104460396527,0.009643905936153156,0.0018665401034995439
36.182767114348245,0.0121753081727607,0.010219940661506126,0.0019553675112545747
38.48199951235575,0.0128743983602608,0.010827924971832173,0.002046473388428628
40.9273365353451,0.013608993692632,0.01146934282443625,0.0021396508681957496
43.52806239549928,0.0143803566785033,0.012145711386590487,0.0022346452919128137
46.29405126986972,0.0151897416672009,0.01285857897960057,0.0023311626876003303
49.23580478966881,0.0160383763021032,0.013609520423952295,0.002428855878150905
52.364491911817865,0.0169274527469039,0.014400134405757083,0.0025273183411468163
55.69199132413091,0.017858120355717,0.015232033798866925,0.0026260865568500744
59.230936545134114,0.018831473808416,0.0161068419848914,0.0027246318235245974
62.99476388975128,0.0198485453845235,0.017026187412778098,0.0028223579717454005
66.99776348296685,0.0209102908642606,0.017991695128733654,0.0029185957355269444
71.25513351514981,0.0220175820016468,0.019004975536428617,0.0030126064652181844
75.7830379450302,0.0231711941712901,0.020067621721763,0.0031035724495270985
80.59866786940792,0.0243717968496342,0.02118119553692786,0.0031906013127063412
85.72030679259859,0.0256199431276171,0.02234721838250299,0.0032727247451141105
91.1674000434221,0.0269160545422881,0.023567165004352342,0.003348889537935759
96.96062860329154,0.0282604322204762,0.024842448375599225,0.0034179838448769734
103.12198762570462,0.0296532174223934,0.026174411878949814,0.0034788055434435868
109.674869945253,0.0310944336521878,0.02756431996549387,0.0035301136866939323
116.6441548932079,0.032583934576744,0.029013348047528562,0.0035705865292154394
124.0563027568885,0.0341214558778675,0.03052257435666736,0.0035988815212001438
131.93945524144672,0.0357065798388557,0.032092972648154895,0.003613607190700807
140.32354231549192,0.0373387774656888,0.03372540543663485,0.0036133720290539434
149.24039584621636,0.0390173927812423,0.035420622307651646,0.003596770473590652
158.72387045545966,0.0407416863829383,0.03717925522062935,0.003562431162308949
168.809972055567,0.0425108467786317,0.039001823007359195,0.003509023771272504
179.53699455305272,0.0443240255673458,0.040888732405729565,0.0034352931616162333
190.94566523909268,0.0461803676932768,0.042840287664582935,0.003340080028693862
203.07929941884896,0.0480790473181927,0.044856700342667394,0.0032223469755253073
215.98396486670865,0.0500193173839162,0.046938103276545934,0.0030812141073702642
229.7086567318238,0.0520005537930937,0.0490845777053385,0.0029159760877551996
244.30548355801628,0.0540223039569705,0.051296161006555895,0.002726142950414602
259.82986512430983,0.0560843456034231,0.05357289492257545,0.0025114506808476475
276.3407428572301,0.0581867369280823,0.05591483288533687,0.0022719040427454304
293.90080361374555,0.0603298927520366,0.05832208299857419,0.00200780975346241
312.5767176844855,0.0625145966097712,0.060794845914491746,0.0017197506952794511
332.4393919208631,0.064742065395963,0.06333343538422927,0.001408630011733733
353.56423894714976,0.0670139834117358,0.06593832240280782,0.001075661008927975
376.0314634796203,0.069332538437265,0.06861016293431792,0.0007223755029470841
399.92636683983534,0.0717004296462161,0.07134984459567349,0.00035058505054261224
425.3396708182076,0.0741209251080358,0.07415849509938688,-3.756999135107186e-05
452.3678621174646,0.0765978359793748,0.07703751030768793,-0.0004396743283131277
481.1135586837567,0.0791355020534429,0.07998856501586536,-0.0008530629624224628
511.6858993162595,0.0817387619186182,0.08301362004090747,-0.0012748581222892658
544.2009580345026,0.0844129235478103,0.08611492001396666,-0.0017019964661563608
578.7821847766517,0.087163722243279,0.08929498490217647,-0.002131262658897473
615.5608741019447,0.0899973034590402,0.09255662605370635,-0.0025593225946661524
654.6766636768047,0.0929201695951505,0.0959029118872576,-0.002982742292107099
696.2780644372309,0.0959391020675834,0.09933713472680944,-0.003398032659226044
740.5230244403368,0.0990610921509036,0.1028627813122656,-0.003801689161362004
787.5795285458105,0.1022933098470236,0.10648351684191884,-0.0041902069948952375
837.6262362041068,0.1056430575109106,0.11020315649795143,-0.004560098987040823
890.8531597728643,0.1091178013479674,0.11402567359149308,-0.004907872243525679
947.4623859369098,0.1127251276772365,0.11795515855827364,-0.005230030881037143
1007.6688429708654,0.1164726735078979,0.12199577940259283,-0.00552310589469493
1071.7011167574271,0.1203681156651017,0.12615178073819158,-0.005783665073089889
1139.8023186594885,0.1244192236814758,0.13042748942849466,-0.006008265747018862
1212.2310085411627,0.1286339078405765,0.134827327391978,-0.006193419551401513
1289.2621764421351,0.1330202164349172,0.13935580482105828,-0.006335588386141067
1371.1882866324731,0.1375863047673325,0.14401749239256614,-0.0064311876252336475
1458.32038801185,0.1423404845534302,0.14881704648890037,-0.006476561935470165
1550.9892950690466,0.1472912683194401,0.15375922807850897,-0.006467959759068886
1649.5468438854675,0.1524473867295436,0.15884892250900542,-0.006401535779461814
1754.367227951357,0.1578177775860695,0.16409111637007745,-0.006273338784007959
1865.8484188663772,0.1634115841159451,0.16949091016557716,-0.0060793260496320445
1984.4136773185828,0.1692381672561919,0.17505354366141787,-0.005815376405225975
2110.513160078451,0.1753071004834311,0.1807844003452898,-0.005477299861858714
2244.625629109304,0.1816281506531194,0.18668901248358832,-0.005060861830468916
2387.2602692830656,0.1882112378721582,0.1927730560085815,-0.004561818136423285
2538.958621602701,0.1950664140104037,0.19904237209236997,-0.003975958081966269
2700.2966392711865,0.2022038200267842,0.20550297342678664,-0.003299153400002447
2871.8868744132933,0.2096336491252931,0.21216104827549567,-0.002527399150202586
3054.38080375252,0.2173660882183158,0.21902296057106996,-0.0016568723527541629
3248.471302073062,0.225411270991344,0.2260952633319129,-0.0006839923405689008
3454.895272857822,0.2337792278043479,0.23338471123046478,0.0003945165738831191
3674.4364460901934,0.2424798512874335,0.2408982561015291,0.0015815951859043942
3907.928353842045,0.2515228451050593,0.24864305723279614,0.0028797878722631454
4156.257494945316,0.2609176992388107,0.25662649315391106,0.004291206084899635
4420.366700762531,0.2706736790314663,0.26485616812229684,0.005817510909169432
4701.258714835066,0.280799837756589,0.27333991276313807,0.007459924993450939
5000.0,0.2913050297483481,0.28208579924758664,0.009219230500761455
