time_s,predicted_uptake_mol_kg
0.0,0.0
16.666666666666668,0.005686032120138408
33.333333333333336,0.01068289422740539
50.0,0.015527414041571319
66.66666666666667,0.01987337445219358
83.33333333333334,0.023471495757500332
100.0,0.027069617062807083
116.66666666666667,0.030667738368113838
133.33333333333334,0.03426585967342059
150.0,0.03786398097872734
166.66666666666669,0.03998489088068406
183.33333333333334,0.04210580078264078
200.0,0.04422671068459749
216.66666666666669,0.046347620586554214
233.33333333333334,0.04846853048851093
250.00000000000003,0.050589440390467644
266.6666666666667,0.052710350292424366
283.33333333333337,0.05483126019438108
300.0,0.056952170096337795
316.6666666666667,0.05907307999829452
333.33333333333337,0.06119398990025123
350.0,0.06331489980220795
366.6666666666667,0.0645632211651121
383.33333333333337,0.06581154252801623
400.0,0.06705986389092036
416.6666666666667,0.06830818525382451
433.33333333333337,0.06955650661672864
450.00000000000006,0.07080482797963279
466.6666666666667,0.07205314934253693
483.33333333333337,0.07330147070544107
500.00000000000006,0.07454979206834521
516.6666666666667,0.07579811343124936
533.3333333333334,0.07704643479415349
550.0,0.07829475615705762
566.6666666666667,0.07954307751996177
583.3333333333334,0.0807913988828659
600.0,0.08203972024577005
616.6666666666667,0.08328804160867419
633.3333333333334,0.08453636297157832
650.0,0.08578468433448247
666.6666666666667,0.08703300569738662
683.3333333333334,0.08828132706029075
700.0,0.08952964842319489
716.6666666666667,0.09046856040755909
733.3333333333334,0.09140747239192328
750.0,0.09234638437628746
766.6666666666667,0.09328529636065165
783.3333333333334,0.09422420834501585
800.0,0.09516312032938004
816.6666666666667,0.09610203231374423
833.3333333333334,0.09704094429810842
850.0000000000001,0.09797985628247262
866.6666666666667,0.0989187682668368
883.3333333333334,0.099857680251201
900.0000000000001,0.1007965922355652
916.6666666666667,0.10173550421992938
933.3333333333334,0.10267441620429357
950.0000000000001,0.10361332818865776
966.6666666666667,0.10455224017302196
983.3333333333334,0.10549115215738615
1000.0000000000001,0.10643006414175034
1016.6666666666667,0.10736897612611454
1033.3333333333335,0.10830788811047873
1050.0,0.10924680009484292
1066.6666666666667,0.1101857120792071
1083.3333333333335,0.1111246240635713
1100.0,0.11206353604793548
1116.6666666666667,0.11300244803229968
1133.3333333333335,0.11394136001666388
1150.0,0.11488027200102806
1166.6666666666667,0.11581918398539226
1183.3333333333335,0.11675809596975645
1200.0,0.11769700795412064
1216.6666666666667,0.11847413439924519
1233.3333333333335,0.11925126084436974
1250.0,0.12002838728949428
1266.6666666666667,0.12080551373461883
1283.3333333333335,0.12158264017974338
1300.0,0.12235976662486792
1316.6666666666667,0.12313689306999247
1333.3333333333335,0.12391401951511702
1350.0,0.12469114596024156
1366.6666666666667,0.1254682724053661
1383.3333333333335,0.12624539885049066
1400.0,0.1270225252956152
1416.6666666666667,0.12779965174073973
1433.3333333333335,0.1285767781858643
1450.0,0.12935390463098884
1466.6666666666667,0.13013103107611337
1483.3333333333335,0.13090815752123794
1500.0,0.13168528396636248
1516.6666666666667,0.132462410411487
1533.3333333333335,0.13323953685661158
1550.0,0.13401666330173612
1566.6666666666667,0.13479378974686065
1583.3333333333335,0.13557091619198522
1600.0,0.13634804263710976
1616.6666666666667,0.1371251690822343
1633.3333333333335,0.13790229552735886
1650.0000000000002,0.1386794219724834
1666.6666666666667,0.13945654841760793
1683.3333333333335,0.1402336748627325
1700.0000000000002,0.14101080130785704
1716.6666666666667,0.14178792775298157
1733.3333333333335,0.14256505419810614
1750.0000000000002,0.14334218064323068
1766.6666666666667,0.14411930708835521
1783.3333333333335,0.14489643353347978
1800.0000000000002,0.14567355997860432
1816.6666666666667,0.14645068642372885
1833.3333333333335,0.14722781286885342
1850.0000000000002,0.14800493931397796
1866.6666666666667,0.1487820657591025
1883.3333333333335,0.14955919220422706
1900.0000000000002,0.1503363186493516
1916.6666666666667,0.15111344509447616
1933.3333333333335,0.1518905715396007
1950.0000000000002,0.15266769798472524
1966.6666666666667,0.1534448244298498
1983.3333333333335,0.15422195087497434
2000.0000000000002,0.15499907732009888
2016.6666666666667,0.15566644246379535
2033.3333333333335,0.15633380760749183
2050.0,0.15700117275118827
2066.666666666667,0.15766853789488475
2083.3333333333335,0.15833590303858122
2100.0,0.15900326818227767
2116.666666666667,0.15967063332597417
2133.3333333333335,0.16033799846967062
2150.0,0.1610053636133671
2166.666666666667,0.16167272875706357
2183.3333333333335,0.16234009390076
2200.0,0.1630074590444565
2216.666666666667,0.16367482418815296
2233.3333333333335,0.1643421893318494
2250.0,0.16500955447554588
2266.666666666667,0.16567691961924236
2283.3333333333335,0.16634428476293883
2300.0,0.16701164990663528
2316.666666666667,0.16767901505033175
2333.3333333333335,0.16834638019402823
2350.0,0.16901374533772467
2366.666666666667,0.16968111048142118
2383.3333333333335,0.17034847562511762
2400.0,0.1710158407688141
2416.666666666667,0.17168320591251057
2433.3333333333335,0.17235057105620702
2450.0,0.1730179361999035
2466.666666666667,0.17368530134359997
2483.3333333333335,0.17435266648729641
2500.0,0.1750200316309929
2516.666666666667,0.17568739677468936
2533.3333333333335,0.17635476191838584
2550.0,0.17702212706208229
2566.666666666667,0.17768949220577876
2583.3333333333335,0.17835685734947523
2600.0,0.17902422249317168
2616.666666666667,0.17969158763686816
2633.3333333333335,0.18035895278056463
2650.0,0.1810263179242611
2666.666666666667,0.18169368306795758
2683.3333333333335,0.18236104821165403
2700.0,0.1830284133553505
2716.666666666667,0.18369577849904697
2733.3333333333335,0.18436314364274342
2750.0,0.1850305087864399
2766.666666666667,0.18569787393013637
2783.3333333333335,0.18636523907383284
2800.0,0.1870326042175293
2816.666666666667,0.18769996936122577
2833.3333333333335,0.18836733450492224
2850.0,0.1890346996486187
2866.666666666667,0.18970206479231516
2883.3333333333335,0.19036942993601164
2900.0,0.1910367950797081
2916.666666666667,0.19170416022340458
2933.3333333333335,0.19237152536710103
2950.0,0.1930388905107975
2966.666666666667,0.19370625565449398
2983.3333333333335,0.19437362079819043
3000.0,0.1950409859418869
3016.666666666667,0.19563841943939528
3033.3333333333335,0.19623585293690365
3050.0,0.196833286434412
3066.666666666667,0.19743071993192038
3083.3333333333335,0.19802815342942875
3100.0,0.1986255869269371
3116.666666666667,0.19922302042444548
3133.3333333333335,0.19982045392195386
3150.0,0.2004178874194622
3166.666666666667,0.20101532091697058
3183.3333333333335,0.20161275441447896
3200.0,0.2022101879119873
3216.666666666667,0.20280762140949568
3233.3333333333335,0.20340505490700406
3250.0000000000005,0.20400248840451243
3266.666666666667,0.20459992190202078
3283.3333333333335,0.20519735539952916
3300.0000000000005,0.20579478889703753
3316.666666666667,0.20639222239454588
3333.3333333333335,0.20698965589205426
3350.0000000000005,0.20758708938956263
3366.666666666667,0.20818452288707098
3383.3333333333335,0.20878195638457936
3400.0000000000005,0.20937938988208774
3416.666666666667,0.20997682337959608
3433.3333333333335,0.21057425687710446
3450.0000000000005,0.21117169037461284
3466.666666666667,0.21176912387212118
3483.3333333333335,0.21236655736962956
3500.0000000000005,0.21296399086713794
3516.666666666667,0.21356142436464629
3533.3333333333335,0.21415885786215466
3550.0000000000005,0.21475629135966304
3566.666666666667,0.21535372485717139
3583.3333333333335,0.21595115835467976
3600.0000000000005,0.21654859185218814
3616.666666666667,0.2171460253496965
3633.3333333333335,0.21774345884720486
3650.0000000000005,0.21834089234471324
3666.666666666667,0.2189383258422216
3683.3333333333335,0.21953575933972996
3700.0000000000005,0.22013319283723834
3716.666666666667,0.2207306263347467
3733.3333333333335,0.22132805983225506
3750.0000000000005,0.22192549332976344
3766.666666666667,0.2225229268272718
3783.3333333333335,0.22312036032478016
3800.0000000000005,0.22371779382228854
3816.666666666667,0.2243152273197969
3833.3333333333335,0.22491266081730527
3850.0000000000005,0.22551009431481364
3866.666666666667,0.226107527812322
3883.3333333333335,0.22670496130983037
3900.0000000000005,0.22730239480733871
3916.666666666667,0.2278998283048471
3933.3333333333335,0.22849726180235547
3950.0000000000005,0.22909469529986382
3966.666666666667,0.2296921287973722
3983.3333333333335,0.23028956229488057
4000.0000000000005,0.23088699579238894
4016.666666666667,0.23143486728270848
4033.3333333333335,0.23198273877302805
4050.0000000000005,0.23253061026334765
4066.666666666667,0.23307848175366722
4083.3333333333335,0.23362635324398678
4100.0,0.23417422473430632
4116.666666666667,0.23472209622462592
4133.333333333334,0.2352699677149455
4150.0,0.23581783920526506
4166.666666666667,0.23636571069558462
4183.333333333334,0.2369135821859042
4200.0,0.23746145367622376
4216.666666666667,0.23800932516654333
4233.333333333334,0.23855719665686292
4250.0,0.23910506814718246
4266.666666666667,0.23965293963750203
4283.333333333334,0.24020081112782163
4300.0,0.24074868261814117
4316.666666666667,0.24129655410846076
4333.333333333334,0.24184442559878033
4350.0,0.24239229708909987
4366.666666666667,0.24294016857941947
4383.333333333334,0.24348804006973904
4400.0,0.2440359115600586
4416.666666666667,0.24458378305037817
4433.333333333334,0.24513165454069774
4450.0,0.2456795260310173
4466.666666666667,0.24622739752133688
4483.333333333334,0.24677526901165647
4500.0,0.247323140501976
4516.666666666667,0.24787101199229558
4533.333333333334,0.24841888348261518
4550.0,0.24896675497293472
4566.666666666667,0.2495146264632543
4583.333333333334,0.2500624979535739
4600.0,0.2506103694438934
4616.666666666667,0.251158240934213
4633.333333333334,0.2517061124245326
4650.0,0.25225398391485215
4666.666666666667,0.25280185540517175
4683.333333333334,0.2533497268954913
4700.0,0.25389759838581083
4716.666666666667,0.2544454698761304
4733.333333333334,0.25499334136645
4750.0,0.25554121285676956
4766.666666666667,0.25608908434708916
4783.333333333334,0.2566369558374087
4800.0,0.2571848273277283
4816.666666666667,0.25773269881804783
4833.333333333334,0.25828057030836743
4850.0,0.25882844179868697
4866.666666666667,0.25937631328900657
4883.333333333334,0.25992418477932616
4900.0,0.2604720562696457
4916.666666666667,0.2610199277599653
4933.333333333334,0.26156779925028484
4950.0,0.2621156707406044
4966.666666666667,0.262663542230924
4983.333333333334,0.26321141372124357
5000.0,0.2637592852115631
