seed,model,curve_nrmse,final_reference,final_prediction,final_relative_error,monotonic,within_bounds
18427,mean_curve,0.051065954849050486,0.2843179552259188,0.2635333315291935,-0.07310345095936642,True,True
18427,geometry_ridge,0.04546153849775517,0.2843179552259188,0.2648942207807708,-0.0683169461798989,True,True
18427,G_access_power_1D,0.01993227805549155,0.2843179552259188,0.2706408881626396,-0.048104830566931364,True,True
18427,gnn_init_11,0.050903077257006636,0.2843179552259188,0.2637592852115631,-0.07230872914100618,True,True
18427,gnn_init_29,0.05109056813876394,0.2843179552259188,0.2636888027191162,-0.07255662939194493,True,True
18427,gnn_init_47,0.04837313173554357,0.2843179552259188,0.264466792345047,-0.06982029279543067,True,True
18427,gnn_ensemble,0.05012143603282229,0.2843179552259188,0.26397162675857544,-0.07156188377612727,True,True
18427,interpolation_oracle,0.002184583009868964,0.2843179552259188,0.2843179552259188,0.0,True,True
27183,mean_curve,0.12627857488201588,0.3148366297083697,0.26192708550380134,-0.16805396580943574,True,True
27183,geometry_ridge,0.18561869249589036,0.3148366297083697,0.2349490028341501,-0.25374311416120404,True,True
27183,G_access_power_1D,0.014028367390276216,0.3148366297083697,0.3055280852449657,-0.02956626893137046,True,True
27183,gnn_init_11,0.12722988315860695,0.3148366297083697,0.2617473304271698,-0.16862491296001997,True,True
27183,gnn_init_29,0.12628706926000466,0.3148366297083697,0.2620847523212433,-0.1675531765029691,True,True
27183,gnn_init_47,0.12712093110988926,0.3148366297083697,0.2618131935596466,-0.16841571515308812,True,True
27183,gnn_ensemble,0.12687927783765796,0.3148366297083697,0.2618817587693532,-0.16819793487202578,True,True
27183,interpolation_oracle,0.0024002337101989876,0.3148366297083697,0.3148366297083697,0.0,True,True
31991,mean_curve,0.06444177136512777,0.2913050297483481,0.26316559076485513,-0.09659784799391209,True,True
31991,geometry_ridge,0.14738379477492816,0.2913050297483481,0.2299681963249004,-0.21055878601353098,True,True
31991,G_access_power_1D,0.018365039183258908,0.2913050297483481,0.2785433679232975,-0.04380858729447663,True,True
31991,gnn_init_11,0.06840817921034724,0.2913050297483481,0.2619747221469879,-0.10068589487348702,True,True
31991,gnn_init_29,0.06445607098910518,0.2913050297483481,0.26332521438598633,-0.09604988759216725,True,True
31991,gnn_init_47,0.06636846438429071,0.2913050297483481,0.2627439498901367,-0.09804526850389318,True,True
31991,gnn_ensemble,0.06641024768441796,0.2913050297483481,0.2626812954743703,-0.09826035032318255,True,True
31991,interpolation_oracle,0.0021566612597177155,0.2913050297483481,0.2913050297483481,0.0,True,True
40213,mean_curve,0.0028238420752347807,0.2649596669322829,0.26455218880780595,-0.001537887366763209,True,True
40213,geometry_ridge,0.05318849947370911,0.2649596669322829,0.24576940583759835,-0.07242710302617154,True,True
40213,G_access_power_1D,0.019494572190552145,0.2649596669322829,0.2627185026960079,-0.00845851092063685,True,True
40213,gnn_init_11,0.005319698677678293,0.2649596669322829,0.2638528645038605,-0.004177248715765096,True,True
40213,gnn_init_29,0.0029632111832124663,0.2649596669322829,0.26471567153930664,-0.0009208774897751462,True,True
40213,gnn_init_47,0.0036323169473320986,0.2649596669322829,0.26453495025634766,-0.0016029484066485897,True,True
40213,gnn_ensemble,0.003941304986075532,0.2649596669322829,0.26436782876650494,-0.0022336915373962077,True,True
40213,interpolation_oracle,0.0021724374030385614,0.2649596669322829,0.2649596669322829,0.0,True,True
47837,mean_curve,0.009038784348864109,0.2643349040834956,0.2645850710630053,0.0009464016126703847,True,True
47837,geometry_ridge,0.017995434039901545,0.2643349040834956,0.2729844434188657,0.03272189635856024,True,True
47837,G_access_power_1D,0.012651150061427544,0.2643349040834956,0.2577238101344045,-0.025010295072507134,True,True
47837,gnn_init_11,0.008900629945427885,0.2643349040834956,0.26484644412994385,0.0019351967468007414,True,True
47837,gnn_init_29,0.009095878597156057,0.2643349040834956,0.26474466919898987,0.0015501740752513504,True,True
47837,gnn_init_47,0.010617031778197939,0.2643349040834956,0.26419955492019653,-0.0005120366671527229,True,True
47837,gnn_ensemble,0.009510539248423142,0.2643349040834956,0.26459688941637677,0.0009911113849665264,True,True
47837,interpolation_oracle,0.0022317806603709177,0.2643349040834956,0.2643349040834956,0.0,True,True
52691,mean_curve,0.03444711405260988,0.2757138322879656,0.26398618010487523,-0.04253559600463413,True,True
52691,geometry_ridge,0.09401600841798628,0.2757138322879656,0.31298294711700286,0.1351731776377184,True,True
52691,G_access_power_1D,0.014282124917830654,0.2757138322879656,0.26627579772199667,-0.03423126974678403,True,True
52691,gnn_init_11,0.026272476441462467,0.2757138322879656,0.26686349511146545,-0.032099721305445854,True,True
52691,gnn_init_29,0.03452675050155312,0.2757138322879656,0.2641286551952362,-0.04201884612241507,True,True
52691,gnn_init_47,0.03497846399888914,0.2757138322879656,0.263977974653244,-0.04256535675897541,True,True
52691,gnn_ensemble,0.03192043920131546,0.2757138322879656,0.26499004165331524,-0.038894641395612044,True,True
52691,interpolation_oracle,0.0022450709070280885,0.2757138322879656,0.2757138322879656,0.0,True,True
61417,mean_curve,0.17437100107946688,0.2149245541232466,0.26718561579775524,0.24316003300646605,True,True
61417,geometry_ridge,0.17175631476909076,0.2149245541232466,0.26767475187372675,0.24543588314358447,True,True
61417,G_access_power_1D,0.02697538021385806,0.2149245541232466,0.21107007405675707,-0.017934107539333135,True,True
61417,gnn_init_11,0.1817132271720217,0.2149245541232466,0.269199013710022,0.25252796176863146,True,True
61417,gnn_init_29,0.17447391185469263,0.2149245541232466,0.2673809230327606,0.24406875763219393,True,True
61417,gnn_init_47,0.16610208647491218,0.2149245541232466,0.2653477191925049,0.23460867593724802,True,True
61417,gnn_ensemble,0.17409492048630631,0.2149245541232466,0.2673092186450958,0.2437351317793578,True,True
61417,interpolation_oracle,0.0019332860407733246,0.2149245541232466,0.2149245541232466,0.0,True,True
69371,mean_curve,0.06069812460395353,0.2878364645639539,0.26334814682719165,-0.08507719052851702,True,True
69371,geometry_ridge,0.048852039192854774,0.2878364645639539,0.26664822811345906,-0.07361206469303008,True,True
69371,G_access_power_1D,0.023624054507002154,0.2878364645639539,0.272363768350947,-0.05375516349690657,True,True
69371,gnn_init_11,0.060761974448532076,0.2878364645639539,0.2634809911251068,-0.0846156635356935,True,True
69371,gnn_init_29,0.06070386335851943,0.2878364645639539,0.2635100483894348,-0.08451471293385775,True,True
69371,gnn_init_47,0.0603173968621376,0.2878364645639539,0.2636256814002991,-0.0841129813080909,True,True
69371,gnn_ensemble,0.06059440327788827,0.2878364645639539,0.2635389069716136,-0.08441445259254732,True,True
69371,interpolation_oracle,0.002220689128362266,0.2878364645639539,0.2878364645639539,0.0,True,True
74167,mean_curve,0.059145119849936256,0.2448765184284501,0.2656091966237972,0.08466584843824014,True,True
74167,geometry_ridge,0.1328254469272059,0.2448765184284501,0.29108768570661125,0.1887121214183037,True,True
74167,G_access_power_1D,0.03025187075381968,0.2448765184284501,0.22794761037548295,-0.06913242707635754,True,True
74167,gnn_init_11,0.05872094802497148,0.2448765184284501,0.26565390825271606,0.0848484369085673,True,True
74167,gnn_init_29,0.05921425005584195,0.2448765184284501,0.2657853364944458,0.0853851492179925,True,True
74167,gnn_init_47,0.05988670018031927,0.2448765184284501,0.2659507989883423,0.08606084689189925,True,True
74167,gnn_ensemble,0.059273881891906244,0.2448765184284501,0.26579668124516803,0.08543147767281961,True,True
74167,interpolation_oracle,0.0020949666799775436,0.2448765184284501,0.2448765184284501,0.0,True,True
81929,mean_curve,0.04629144879286,0.2485817652085521,0.2654141836353707,0.06771381003227155,True,True
81929,geometry_ridge,0.021355474947119518,0.2485817652085521,0.25755326804412043,0.03609075198271895,True,True
81929,G_access_power_1D,0.018606523652737572,0.2485817652085521,0.23740970601302971,-0.04494319680347185,True,True
81929,gnn_init_11,0.046262569071485175,0.2485817652085521,0.2655784487724304,0.06837461931135072,True,True
81929,gnn_init_29,0.046315754661684916,0.2485817652085521,0.26558512449264526,0.06840147454029015,True,True
81929,gnn_init_47,0.04773707151739759,0.2485817652085521,0.2659357190132141,0.06981185361726995,True,True
81929,gnn_ensemble,0.04677147803871438,0.2485817652085521,0.26569976409276325,0.06886264915630354,True,True
81929,interpolation_oracle,0.0021083196678278503,0.2485817652085521,0.2485817652085521,0.0,True,True
90709,mean_curve,0.04519591800941938,0.2847758578739309,0.26350923138982446,-0.07467847395098036,True,True
90709,geometry_ridge,0.03829178880496186,0.2847758578739309,0.26849383602454263,-0.05717486717780777,True,True
90709,G_access_power_1D,0.05077635781255126,0.2847758578739309,0.2924488722759428,0.026944048063964447,True,True
90709,gnn_init_11,0.04487959477806979,0.2847758578739309,0.2637939751148224,-0.07367858678665486,True,True
90709,gnn_init_29,0.04523193473050474,0.2847758578739309,0.2636619806289673,-0.07414208986181207,True,True
90709,gnn_init_47,0.044712787244648416,0.2847758578739309,0.26381710171699524,-0.0735973769455345,True,True
90709,gnn_ensemble,0.04494133459745304,0.2847758578739309,0.26375768582026166,-0.07380601786466708,True,True
90709,interpolation_oracle,0.0020900481136890917,0.2847758578739309,0.2847758578739309,0.0,True,True
98251,mean_curve,0.11987967561830584,0.3129742683579579,0.2620251045222441,-0.1627902642061351,True,True
98251,geometry_ridge,0.12735167113718104,0.3129742683579579,0.2595765329508025,-0.1706138197472605,True,True
98251,G_access_power_1D,0.017198199687634946,0.3129742683579579,0.30101966226897553,-0.03819676982297318,True,True
98251,gnn_init_11,0.12338194896765696,0.3129742683579579,0.26105445623397827,-0.1658916319107659,True,True
98251,gnn_init_29,0.12088838851445712,0.3129742683579579,0.2618720233440399,-0.1632793816630025,True,True
98251,gnn_init_47,0.1136741707179417,0.3129742683579579,0.26423001289367676,-0.15574524934596504,True,True
98251,gnn_ensemble,0.11931238141376757,0.3129742683579579,0.262385497490565,-0.16163875430657776,True,True
98251,interpolation_oracle,0.0023705040606132456,0.3129742683579579,0.3129742683579579,0.0,True,True
105019,mean_curve,0.21939707386098614,0.2055532556608265,0.26767884203261944,0.3022359639698598,True,True
105019,geometry_ridge,0.19169879523482983,0.2055532556608265,0.2605433318378266,0.26752228273015805,True,True
105019,G_access_power_1D,0.0297411108106198,0.2055532556608265,0.20038371958875653,-0.025149375792908702,True,True
105019,gnn_init_11,0.2084072534844698,0.2055532556608265,0.26513007283210754,0.2898364075030068,True,True
105019,gnn_init_29,0.21954099558573126,0.2055532556608265,0.26788192987442017,0.3032239699303971,True,True
105019,gnn_init_47,0.22024615135244024,0.2055532556608265,0.2680545151233673,0.30406358323835614,True,True
105019,gnn_ensemble,0.2160641200844981,0.2055532556608265,0.267022172609965,0.2990413202239201,True,True
105019,interpolation_oracle,0.0019011853866464602,0.2055532556608265,0.2055532556608265,0.0,True,True
113117,mean_curve,0.04954139753183829,0.281763344934014,0.26366778470245167,-0.06422254901821997,True,True
113117,geometry_ridge,0.05626167840415845,0.281763344934014,0.3063181705264389,0.0871469835729533,True,True
113117,G_access_power_1D,0.027860454807379215,0.281763344934014,0.265346836670819,-0.05826346314507159,True,True
113117,gnn_init_11,0.04831510166646191,0.281763344934014,0.2641738951206207,-0.06242632382687159,True,True
113117,gnn_init_29,0.04957314866833754,0.281763344934014,0.2638220191001892,-0.06367515915892631,True,True
113117,gnn_init_47,0.04879940922372749,0.281763344934014,0.2640385329723358,-0.06290673460676424,True,True
113117,gnn_ensemble,0.04889581163209491,0.281763344934014,0.26401148239771527,-0.06300273919752064,True,True
113117,interpolation_oracle,0.0022408843258143922,0.281763344934014,0.281763344934014,0.0,True,True
121021,mean_curve,0.010516009272059612,0.2685458230112915,0.264363443751016,-0.015574173574465264,True,True
121021,geometry_ridge,0.01641375346325969,0.2685458230112915,0.2612127198832888,-0.027306710809254845,True,True
121021,G_access_power_1D,0.03190037275434461,0.2685458230112915,0.26721973897650864,-0.004938017727898493,True,True
121021,gnn_init_11,0.010130278435516555,0.2685458230112915,0.265069842338562,-0.012943715280141665,True,True
121021,gnn_init_29,0.010552687887866804,0.2685458230112915,0.2645221948623657,-0.014983022650687742,True,True
121021,gnn_init_47,0.010577437616921247,0.2685458230112915,0.26444268226623535,-0.015279108418244172,True,True
121021,gnn_ensemble,0.010386023799620872,0.2685458230112915,0.2646782398223877,-0.014401948783024527,True,True
121021,interpolation_oracle,0.0020858510684795485,0.2685458230112915,0.2685458230112915,0.0,True,True
129121,mean_curve,0.12888048145261563,0.226316329052256,0.26658604869622843,0.17793554628872688,True,True
129121,geometry_ridge,0.12630440057876857,0.226316329052256,0.2647732450465899,0.1699255027482099,True,True
129121,G_access_power_1D,0.023142635564956514,0.226316329052256,0.2209569391367031,-0.023680968748460936,True,True
129121,gnn_init_11,0.1374733194893511,0.226316329052256,0.2690632939338684,0.1888814875206916,True,True
129121,gnn_init_29,0.12895161709619637,0.226316329052256,0.2667672634124756,0.17873626056774525,True,True
129121,gnn_init_47,0.12825587869694294,0.226316329052256,0.26657596230506897,0.1778909786200938,True,True
129121,gnn_ensemble,0.13155976774440215,0.226316329052256,0.2674688398838043,0.18183624223617686,True,True
129121,interpolation_oracle,0.0019749930227256334,0.226316329052256,0.226316329052256,0.0,True,True
137077,mean_curve,0.03126298106846195,0.2521114080676108,0.2652284129585782,0.052028605097670565,True,True
137077,geometry_ridge,0.017259606149076144,0.2521114080676108,0.25996381750314473,0.031146585137583706,True,True
137077,G_access_power_1D,0.05209631025360291,0.2521114080676108,0.2282348350877682,-0.0947064361857017,True,True
137077,gnn_init_11,0.0313852035575115,0.2521114080676108,0.26542821526527405,0.052821121026351905,True,True
137077,gnn_init_29,0.03134637806744977,0.2521114080676108,0.26540982723236084,0.05274818488651536,True,True
137077,gnn_init_47,0.031851365434856053,0.2521114080676108,0.26554420590400696,0.05328119794084759,True,True
137077,gnn_ensemble,0.03152741277922893,0.2521114080676108,0.26546074946721393,0.05295016795123821,True,True
137077,interpolation_oracle,0.0021999558098841146,0.2521114080676108,0.2521114080676108,0.0,True,True
145093,mean_curve,0.0212300908348426,0.2725654795364886,0.2641518828812688,-0.030868166686139193,True,True
145093,geometry_ridge,0.15992945893441843,0.2725654795364886,0.2134882439701221,-0.21674511264900576,True,True
145093,G_access_power_1D,0.01965262820212423,0.2725654795364886,0.2694422725474139,-0.011458556653564026,True,True
145093,gnn_init_11,0.02134347996999698,0.2725654795364886,0.2642955482006073,-0.030341081159450983,True,True
145093,gnn_init_29,0.021245602277183615,0.2725654795364886,0.2643171548843384,-0.030261809625257353,True,True
145093,gnn_init_47,0.021201046224613863,0.2725654795364886,0.2643127143383026,-0.030278101292284733,True,True
145093,gnn_ensemble,0.021263365312520602,0.2725654795364886,0.2643084724744161,-0.030293664025664423,True,True
145093,interpolation_oracle,0.0021443453514794477,0.2725654795364886,0.2725654795364886,0.0,True,True
153133,mean_curve,0.05566309081114217,0.2478319171685908,0.2654536493216845,0.07110356226275055,True,True
153133,geometry_ridge,0.050855510000621586,0.2478319171685908,0.26548255890576977,0.0712202122262239,True,True
153133,G_access_power_1D,0.02145632346443355,0.2478319171685908,0.24078408015831357,-0.02843797155264245,True,True
153133,gnn_init_11,0.05598294058278589,0.2478319171685908,0.2656051218509674,0.07171475282695798,True,True
153133,gnn_init_29,0.0556735995137296,0.2478319171685908,0.26561975479125977,0.07177379663559869,True,True
153133,gnn_init_47,0.05411665200638132,0.2478319171685908,0.2651917338371277,0.07004673516981938,True,True
153133,gnn_ensemble,0.05525748234706471,0.2478319171685908,0.2654722034931183,0.07117842821079201,True,True
153133,interpolation_oracle,0.0020313273519172053,0.2478319171685908,0.2478319171685908,0.0,True,True
161123,mean_curve,0.054638021063702386,0.2473262503070457,0.26548026336702896,0.07340107666471223,True,True
161123,geometry_ridge,0.06503467296640839,0.2473262503070457,0.26984339336716423,0.0910422691977273,True,True
161123,G_access_power_1D,0.04972562500581691,0.2473262503070457,0.25475586899419517,0.030039749836201775,True,True
161123,gnn_init_11,0.05229484945649497,0.2473262503070457,0.2649231255054474,0.07114843319928991,True,True
161123,gnn_init_29,0.05464570298116617,0.2473262503070457,0.265644907951355,0.07406677464105571,True,True
161123,gnn_init_47,0.05620279238643803,0.2473262503070457,0.266021728515625,0.07559035155131984,True,True
161123,gnn_ensemble,0.05438086631126911,0.2473262503070457,0.26552992065747577,0.07360185313055508,True,True
161123,interpolation_oracle,0.0020667521166062544,0.2473262503070457,0.2473262503070457,0.0,True,True
