seed,status,error,bed_height_m,porosity,network_ready_for_transport,result_directory,solver_success,physical_bounds_ok,cells,fit_weighting,effective_diffusivity_m2_s,effective_over_molecular_diffusivity,fit_normalized_rmse,final_homogeneous_loading_mol_kg,maximum_relative_mass_balance_error,final_reference_loading_mol_kg,final_loading_error_mol_kg,final_loading_relative_error,maximum_absolute_mass_balance_residual_mol,final_relative_mass_balance_error,fit_at_bound,case_qa_pass
18427,succeeded,,0.035830774,0.4499378234869928,True,co2_homogeneous_campaign_100cells/seed_18427,True,True,100,time,8.742169165661848e-07,0.05828112777107898,0.014122421459988451,0.2762984469828763,1.2889801034740443e-07,0.2843179552259188,-0.008019508243042484,-0.028206126611561303,1.379899534192903e-13,7.036294842058771e-11,False,True
27183,succeeded,,0.035485827000000005,0.4447510275308164,True,co2_homogeneous_campaign_100cells/seed_27183,True,True,100,time,1.0957187056727472e-06,0.07304791371151648,0.008399504951647565,0.31049403066113934,1.2061504466424625e-07,0.3148366297083697,-0.004342599047230389,-0.01379318236017486,1.1491447412404897e-13,5.479756705958834e-11,False,True
31991,succeeded,,0.035736118000000004,0.4486273931922884,True,co2_homogeneous_campaign_100cells/seed_31991,True,True,100,time,9.089370760330842e-07,0.06059580506887227,0.016269191866187447,0.28208579924758664,1.270041181106701e-07,0.2913050297483481,-0.00921923050076151,-0.03164803061837208,1.3151576698947694e-13,7.343088781931168e-11,False,True
40213,succeeded,,0.035418383,0.4436563661721765,True,co2_homogeneous_campaign_100cells/seed_40213,True,True,100,time,7.492319773130388e-07,0.04994879848753592,0.013818494683182077,0.25747222285209886,1.3500615430009762e-07,0.2649596669322829,-0.007487444080184091,-0.02825880696059939,1.1063196194009185e-13,5.6929311512864646e-11,False,True
47837,succeeded,,0.035641695,0.4470947964020088,True,co2_homogeneous_campaign_100cells/seed_47837,True,True,100,time,7.596460170441361e-07,0.05064306780294241,0.01250354778430931,0.2584204468104297,1.3435183183248638e-07,0.2643349040834956,-0.005914457273065887,-0.022374863030565517,1.112181235626684e-13,5.789541061969445e-11,False,True
52691,succeeded,,0.035687458,0.4479874483615318,True,co2_homogeneous_campaign_100cells/seed_52691,True,True,100,time,8.270062794076845e-07,0.05513375196051229,0.011874311692267173,0.2694042421274288,1.3091849838700757e-07,0.2757138322879656,-0.006309590160536782,-0.022884561533158106,1.2112503870144662e-13,6.479451897762816e-11,False,True
61417,succeeded,,0.035589922,0.446556851549834,True,co2_homogeneous_campaign_100cells/seed_61417,True,True,100,time,4.792910460147182e-07,0.03195273640098121,0.020710700456238667,0.20581724694370793,1.57540240828126e-07,0.2149245541232466,-0.009107307179538698,-0.042374437935631094,1.393499726010496e-13,9.315465279400976e-11,False,True
69371,succeeded,,0.035429206,0.44397080151578033,True,co2_homogeneous_campaign_100cells/seed_69371,True,True,100,time,8.894407133776001e-07,0.05929604755850667,0.013411193951805562,0.28030142068427155,1.2840854970762607e-07,0.2878364645639539,-0.0075350438796824015,-0.026178211614352992,1.2186018050219273e-13,5.007351677975157e-11,False,True
74167,succeeded,,0.035576775000000005,0.44682474343937717,True,co2_homogeneous_campaign_100cells/seed_74167,True,True,100,time,6.362928051212703e-07,0.04241952034141802,0.01582234964754003,0.2370575299885244,1.424446344278637e-07,0.2448765184284501,-0.007818988439925706,-0.0319303316222634,1.220678482051458e-13,7.942491931617111e-11,False,True
81929,succeeded,,0.035629904,0.4469594167405619,True,co2_homogeneous_campaign_100cells/seed_81929,True,True,100,time,6.599222548109476e-07,0.043994816987396504,0.015525165159955792,0.24105374307608568,1.4123022032683196e-07,0.2485817652085521,-0.007528022132466505,-0.030283887179539244,1.2211533753085006e-13,7.793257720320373e-11,False,True
90709,succeeded,,0.035797144,0.44938657236188645,True,co2_homogeneous_campaign_100cells/seed_90709,True,True,100,time,8.559966050932071e-07,0.05706644033954714,0.02117229229913417,0.27355046395001553,1.2986875180773102e-07,0.2847758578739309,-0.011225393923915417,-0.039418348197496615,1.4374019264754665e-13,7.066140379105485e-11,False,True
98251,succeeded,,0.035392063,0.44339975747362975,True,co2_homogeneous_campaign_100cells/seed_98251,True,True,100,time,1.0719761696508922e-06,0.07146507797672615,0.008916168423022846,0.3075855932430359,1.2122508549593127e-07,0.3129742683579579,-0.00538867511492197,-0.017217629881184943,1.1382751316525426e-13,5.5793553847253725e-11,False,True
105019,succeeded,,0.035724320999999996,0.44828252181082967,True,co2_homogeneous_campaign_100cells/seed_105019,True,True,100,time,4.340114878862916e-07,0.02893409919241944,0.02459968140319202,0.19547865618215565,1.635447225828103e-07,0.2055532556608265,-0.010074599478670898,-0.04901211341208095,1.4144053715926677e-13,9.730731461171614e-11,False,True
113117,succeeded,,0.035860424,0.4503219317936816,True,co2_homogeneous_campaign_100cells/seed_113117,True,True,100,time,8.693662240582694e-07,0.05795774827055129,0.011920635786956098,0.27540726359783707,1.2930857763102352e-07,0.281763344934014,-0.0063560813361769886,-0.022558226435257275,1.379011684845503e-13,7.083296182117488e-11,False,True
121021,succeeded,,0.035734117,0.4482225253014753,True,co2_homogeneous_campaign_100cells/seed_121021,True,True,100,time,7.588818215129808e-07,0.05059212143419872,0.02072926894013662,0.25788821245596305,1.3415952029108495e-07,0.2685458230112915,-0.01065761055532849,-0.03968637618645951,1.1356152957322337e-13,5.8134707043427874e-11,False,True
129121,succeeded,,0.035401105,0.4434945160551283,True,co2_homogeneous_campaign_100cells/seed_129121,True,True,100,time,5.303161922398666e-07,0.03535441281599111,0.01971848823582205,0.2169785513286774,1.509558069378074e-07,0.226316329052256,-0.009337777723578577,-0.04125984970983911,1.2308831686582282e-13,7.998014557103273e-11,False,True
137077,succeeded,,0.035296067,0.44153612435641787,True,co2_homogeneous_campaign_100cells/seed_137077,True,True,100,time,6.832211598050066e-07,0.04554807732033377,0.013667660380037838,0.2463451342607911,1.3898574058137793e-07,0.2521114080676108,-0.005766273806819683,-0.022871927339651738,1.1316661570815909e-13,5.4320517716386045e-11,False,True
145093,succeeded,,0.035598278,0.44666858828097594,True,co2_homogeneous_campaign_100cells/seed_145093,True,True,100,time,7.951500928624066e-07,0.0530100061908271,0.014977479438977832,0.26455630118760554,1.3268149870911693e-07,0.2725654795364886,-0.008009178348883095,-0.02938441934210858,1.268651262398301e-13,6.444390530988723e-11,False,True
153133,succeeded,,0.035722874,0.4485407451820323,True,co2_homogeneous_campaign_100cells/seed_153133,True,True,100,time,6.448128612002848e-07,0.042987524080018984,0.019988451123711205,0.23802227585864627,1.420731549899474e-07,0.2478319171685908,-0.009809641309944606,-0.03958183200137,1.227674046694701e-13,7.967451765878415e-11,False,True
161123,succeeded,,0.03562482300000001,0.44675521948994823,True,co2_homogeneous_campaign_100cells/seed_161123,True,True,100,time,6.449193527532435e-07,0.0429946235168829,0.01757607564064924,0.23830915263081795,1.414770254888669e-07,0.2473262503070457,-0.009017097676227798,-0.0364583123102923,1.224236844169467e-13,7.900457202484079e-11,False,True
