time_s,mean_gas_concentration_mol_m3,gas_inventory_mol,adsorbed_inventory_mol,total_inventory_mol,cumulative_reservoir_input_mol,inventory_change_mol,mass_balance_residual_mol,relative_mass_balance_error,mean_loading_mol_kg
0.0,0.07436328794874908,2.3301344822930633e-07,0.0,2.3301344822930633e-07,0.0,0.0,0.0,0.0,0.0
5e-05,0.07441065864135706,2.3316188180095263e-07,1.0203137732472882e-10,2.3326391317827737e-07,2.504649489710591e-10,2.50464948971041e-10,-1.809457589959748e-23,7.22439446075478e-14,1.6072501238886565e-08
5.3177247874300556e-05,0.07441365029945854,2.3317125600412975e-07,1.0851702612518291e-10,2.3327977303025494e-07,2.663248009485918e-10,2.663248009486056e-10,1.380357647197865e-23,5.182985746281441e-14,1.7094153608123152e-08
5.655639382969606e-05,0.07441682967011397,2.3318121839471325e-07,1.1541507525069216e-10,2.3329663346996394e-07,2.8318524065761027e-10,2.831852406576107e-10,4.1359030627651384e-25,1.460493863720007e-15,1.8180769373024497e-08
6.0150267471166206e-05,0.07442020837374572,2.33191805384685e-07,1.2275176584668276e-10,2.333145571505317e-07,3.011089212253738e-10,3.011089212253756e-10,1.809457589959748e-24,6.009312452769859e-15,1.9336482172216585e-08
6.397251366039366e-05,0.07442379873191844,2.3320305558301917e-07,1.305550110618768e-10,2.3333361059408104e-07,3.2016236477472315e-10,3.2016236477470986e-10,-1.3286588589133007e-23,4.1499532896322437e-14,2.05656890267843e-08
6.803764432121665e-05,0.07442761380517311,2.3321500991423339e-07,1.3885450294070895e-10,2.333538644171741e-07,3.4041618786772746e-10,3.4041618786776716e-10,3.970466940254533e-23,1.1663566780193307e-13,2.1873067178508307e-08
7.236109353705672e-05,0.07443166743488853,2.3322771174955953e-07,1.4768182611655462e-10,2.3337539357567608e-07,3.6194534636979044e-10,3.619453463697443e-10,-4.611531914983129e-23,1.2740962029863048e-13,2.32635919994003e-08
7.695927614951026e-05,0.07443597428701311,2.3324120704397488e-07,1.57070578818478e-10,2.3339827762279337e-07,3.8482939348704375e-10,3.848293934870396e-10,-4.1359030627651384e-24,1.074736787979888e-14,2.4742556053301096e-08
8.184965008058509e-05,0.07444054989491956,2.3325554447048516e-07,1.670565017454456e-10,2.334226009722306e-07,4.091527429242916e-10,4.0915274292426936e-10,-2.223047896236262e-23,5.433295840442668e-14,2.6315589396801925e-08
8.705078261520076e-05,0.07444541071318647,2.3327077558864618e-07,1.7767761498330339e-10,2.334484532036295e-07,4.350049743231399e-10,4.350049743231576e-10,1.7680985593320967e-23,4.0645479102466704e-14,2.7988681147102645e-08
9.258242089560769e-05,0.07445057416337168,2.3328695498799231e-07,1.88974364039424e-10,2.3347592935203174e-07,4.624811227254384e-10,4.624811227254049e-10,-3.350081480839762e-23,7.243715075541815e-14,2.976820248613179e-08
9.846556689537107e-05,0.07445605868647687,2.333041404524316e-07,2.0098977515776066e-10,2.3350513022758936e-07,4.916819982830689e-10,4.916819982830244e-10,-4.446095792472524e-23,9.042624720852273e-14,3.166093112656339e-08
0.00010472255715757342,0.07446188379401901,2.333223931202754e-07,2.137696207541013e-10,2.3353616274102949e-07,5.227145117231826e-10,5.227145117231551e-10,-2.750375536738817e-23,5.261716434219357e-14,3.36740773720192e-08
0.0001113771475999778,0.07446807013319962,2.3334177768844274e-07,2.2736259521136275e-10,2.335691402836541e-07,5.556920543477535e-10,5.556920543477676e-10,1.406207041340147e-23,2.530550923551812e-14,3.5815311809237156e-08
0.00011845460370913158,0.07447463953918748,2.333623625762856e-07,2.418205024595475e-10,2.3360418307874514e-07,5.907348494387754e-10,5.907348494388084e-10,3.298382692555198e-23,5.583524817756435e-14,3.8092794856619656e-08
0.0001259817964658508,0.07448161509351678,2.3338422010857625e-07,2.571984555743828e-10,2.3364141856415063e-07,6.279703348443147e-10,6.279703348442946e-10,-2.005912985441092e-23,3.1942798475319614e-14,4.0515208206025904e-08
0.00013398730436628458,0.07448902119520384,2.3340742673834806e-07,2.735550890234509e-10,2.336809818273715e-07,6.675335980652085e-10,6.675335980651782e-10,-3.029548993475464e-23,4.538421739754169e-14,4.3091788256861356e-08
0.0001425015219259054,0.07449688362146425,2.3343206323714907e-07,2.909527850170206e-10,2.337230160221661e-07,7.095677928597714e-10,7.09567792859766e-10,-5.37667398159468e-24,7.577392936515718e-15,4.583236177201128e-08
0.00015155677507837893,0.07450522959655842,2.334582149107661e-07,3.0945791438383596e-10,2.3376767282514994e-07,7.54224595843672e-10,7.542245958436061e-10,-6.586425627453483e-23,8.73271126896351e-14,4.874738382181959e-08
0.0001611874439074515,0.07451408786096157,2.3348597181596548e-07,3.291410931457556e-10,2.3381511290911124e-07,8.016646798049317e-10,8.016646798049083e-10,-2.347124988119216e-23,2.927813894320927e-14,5.1847978201030275e-08
0.0001714300931778293,0.07452348874426946,2.335154289889388e-07,3.5007745573582826e-10,2.3386550644467463e-07,8.520582153682669e-10,8.520582153683031e-10,3.618915179919496e-23,4.2472628215376295e-14,5.514598046748764e-08
0.00018232361116063742,0.0745334642397065,2.3354668667877067e-07,3.723469460221844e-10,2.3391903362479284e-07,9.055853954865164e-10,9.055853954865107e-10,-5.790264287871194e-24,6.393946188542974e-15,5.865398378569907e-08
0.00019390935728053616,0.0745440480796151,2.3357985058398032e-07,3.9603462732829314e-10,2.339758852113086e-07,9.624369820022848e-10,9.62436982002273e-10,-1.1787323728880644e-23,1.2247371983106797e-14,6.238538776280199e-08
0.00020623131914506758,0.0745552758128149,2.3361503209492275e-07,4.2123101268984427e-10,2.340362631076126e-07,1.0228148783062326e-09,1.0228148783062595e-09,2.68833699079734e-23,2.6283710257022448e-14,6.635445047230679e-08
0.0002193362795524249,0.07456718488595244,2.336523485486937e-07,4.4803241664502976e-10,2.3410038096533874e-07,1.086932736032423e-09,1.0869327360324095e-09,-1.34416849539867e-23,1.2366620774577294e-14,7.057634386989023e-08
0.00023327399411172362,0.0745798147246546,2.336919234834195e-07,4.765413300961365e-10,2.3416846481351564e-07,1.1550165842092838e-09,1.1550165842093088e-09,2.5022213529729087e-23,2.1663943073907097e-14,7.506721284349929e-08
0.0002480973801501451,0.07459320681406428,2.337338868906117e-07,5.068668197911021e-10,2.3424075371040282e-07,1.227305481096493e-09,1.227305481096486e-09,-7.031035206700735e-24,5.728838756932059e-15,7.98442381417165e-08
0.00026386271762417684,0.0746074047870899,2.3377837549169193e-07,5.391249538718668e-10,2.343175004455638e-07,1.3040522162575134e-09,1.3040522162574637e-09,-4.963083675318166e-23,3.805893363351409e-14,8.492570340829976e-08
0.00028062986279774857,0.07462245450591012,2.338255329933828e-07,5.734392555934908e-10,2.343989722489763e-07,1.3855240196699865e-09,1.3855240196699617e-09,-2.481541837659083e-23,1.7910493087302475e-14,9.03310666543241e-08
0.00029846247549853664,0.0746384041505192,2.3387551036516005e-07,6.099411867648681e-10,2.3448545155192491e-07,1.4720033226186296e-09,1.4720033226185831e-09,-4.6528909456107807e-23,3.160924214038791e-14,9.608103641222054e-08
0.0003174282608152608,0.0746553043055131,2.3392846611119234e-07,6.487706631356001e-10,2.3457723677432793e-07,1.5637885450216583e-09,1.5637885450216015e-09,-5.686866711302065e-23,3.636595708164177e-14,1.0219765292213657e-07
0.000337599226153625,0.07467320804774685,2.3398456654501083e-07,6.90076603819234e-10,2.3467464314883007e-07,1.6611949195237476e-09,1.6611949195237406e-09,-7.031035206700735e-24,4.232516680653274e-15,1.0870437467987744e-07
0.0003590519546268674,0.07469217103402584,2.340439860642854e-07,7.340175170777407e-10,2.3477800358136315e-07,1.7645553520568641e-09,1.7645553520568203e-09,-4.3840572465310467e-23,2.4845110364040125e-14,1.1562617071265517e-07
0.0003818678958189009,0.07471225158855622,2.3410690742484584e-07,7.807621249419445e-10,2.3488766954978777e-07,1.874221320481469e-09,1.874221320481442e-09,-2.68833699079734e-23,1.4343754184306967e-14,1.2298961897247388e-07
0.00040613367502398553,0.07473351079599572,2.3417352203225147e-07,8.304900291684817e-10,2.3500401206141994e-07,1.9905638321136455e-09,1.9905638321136108e-09,-3.474158572722716e-23,1.745313823487761e-14,1.3082301124105538e-07
0.0004319414221370222,0.07475601258234525,2.3424403019526115e-07,8.833924217904209e-10,2.3512742261705157e-07,2.113974387745198e-09,2.11397438774524e-09,4.17726209339279e-23,1.9760230386935992e-14,1.391564650593849e-07
0.0004593891214431669,0.0747798238130772,2.3431864143331259e-07,9.396728425846058e-10,2.352583142758972e-07,2.2448660465908176e-09,2.244866046590857e-09,3.9291079096268815e-23,1.750263858992291e-14,1.4802204304781768e-07
0.000488580983634809,0.07480501437274509,2.343975747259756e-07,9.995479875617597e-10,2.3539712271353737e-07,2.3836744842310673e-09,2.3836744842310396e-09,-2.771055052052643e-23,1.1625140388858664e-14,1.5745388026355014e-07
0.0005196278414683565,0.07483165725868174,2.3448105880654985e-07,1.0632485711741428e-09,2.3554430737772398e-07,2.53085914841767e-09,2.530859148417645e-09,-2.481541837659083e-23,9.80513609068517e-15,1.6748832001995323e-07
0.000552647570563011,0.07485982866947945,2.345693324393131e-07,1.1310202464319752e-09,2.357003526857451e-07,2.68690445643882e-09,2.6869044564387636e-09,-5.624828165360588e-23,2.0934232149123922e-14,1.7816405882798882e-07
0.0005877655369391849,0.07488960809195548,2.346626446920231e-07,1.2031245868350017e-09,2.358657692788581e-07,2.8523210495517875e-09,2.852321049551776e-09,-1.1580528575742387e-23,4.060036852289873e-15,1.8952230107506144e-07
0.0006251150729957279,0.07492107838380858,2.3476125519491704e-07,1.279840134469154e-09,2.360410953293862e-07,3.0276471000798394e-09,3.0276471000798633e-09,2.3988237764037803e-23,7.923062685675963e-15,2.0160692412653264e-07
0.0006648379837331062,0.07495432586631959,2.3486543443118444e-07,1.361463518514187e-09,2.3622689794969862e-07,3.213449720392324e-09,3.2134497203922882e-09,-3.556876633978019e-23,1.1068717246161757e-14,2.1446465451872986e-07
0.0007070850851445119,0.07498944040501689,2.3497546398972786e-07,1.4483106496154025e-09,2.3642377463934328e-07,3.4103264100369548e-09,3.4103264100369436e-09,-1.1166938269465874e-23,3.274448520997985e-15,2.2814525610245193e-07
0.0007520167768190125,0.07502651552306108,2.3509163692044794e-07,1.5407179943213396e-09,2.3663235491476928e-07,3.618906685462972e-09,3.6189066854629518e-09,-2.0265925007549178e-23,5.6000131445656574e-15,2.427017307988729e-07
0.0007998036509307438,0.07506564844195586,2.352142578618086e-07,1.6390439377840362e-09,2.3685330179959263e-07,3.839853570286342e-09,3.839853570286302e-09,-3.970466940254533e-23,1.0340151955217529e-14,2.581905332590143e-07
0.0008506271399262945,0.07510694023265309,2.3534364351431708e-07,1.743670236384491e-09,2.3708731375070157e-07,4.07386552139523e-09,4.073865521395234e-09,4.1359030627651384e-24,1.0152281760514907e-15,2.746717996886929e-07
0.0009046802053693582,0.07515049586463791,2.3548012279432937e-07,1.8550035719069138e-09,2.3733512636623628e-07,4.321678136929982e-09,4.321678136929944e-09,-3.8050308177439273e-23,8.804521524240422e-15,2.9220959266994895e-07
0.0009621680705579899,0.0751964243259746,2.3562403721020758e-07,1.9734772100771e-09,2.375975144202847e-07,4.584066190978338e-09,4.584066190978359e-09,2.150669592637872e-23,4.6916198480521134e-15,3.108721624224423e-07
0.0010233089996959947,0.07524483866789707,2.3577574100204208e-07,2.0995527744968e-09,2.3787529377653888e-07,4.861845547232637e-09,4.861845547232545e-09,-9.181704799338607e-23,1.8885225188950798e-14,3.307322262426122e-07
0.0010883351265767295,0.07529585613567648,2.3593560155171815e-07,2.233722140084382e-09,2.3816932369180254e-07,5.155875462496207e-09,5.155875462496208e-09,1.6543612251060553e-24,3.208691205091868e-16,3.51867266768076e-07
0.0011574933359255802,0.0753495981619952,2.3610399936215368e-07,2.3765094600874265e-09,2.384805088222411e-07,5.467060592934782e-09,5.467060592934747e-09,-3.474158572722716e-23,6.354710202430274e-15,3.743598512829575e-07
0.0012310462007473126,0.07540619066762795,2.3628132899946764e-07,2.5284733250718285e-09,2.388098023245395e-07,5.7963540952331275e-09,5.796354095233153e-09,2.5642598989143858e-23,4.423918650903678e-15,3.9829797181282543e-07
0.001309272979237116,0.07546576385012929,2.3646799843084346e-07,2.6902090837854804e-09,2.3915820751462894e-07,6.144759285322637e-09,6.144759285322604e-09,-3.3087224502121107e-23,5.3846250057594934e-15,4.237754107189393e-07
0.0013924706750403219,0.07552845251871172,2.366644300738521e-07,2.862351310743594e-09,2.395267813845957e-07,6.513333155289343e-09,6.5133331552893465e-09,3.308722450212111e-24,5.079922017385467e-16,4.508921294048333e-07
0.0014809551648862765,0.0755943960558187,2.3687106067604284e-07,3.0455764543389025e-09,2.3991663713038174e-07,6.9031889010753676e-09,6.903188901075409e-09,4.1359030627651384e-23,5.9912934761510425e-15,4.797546854600972e-07
0.0015750623978776637,0.07566373864000493,2.370883420133272e-07,3.24060566217466e-09,2.4032894767550187e-07,7.315499446195529e-09,7.315499446195536e-09,6.617444900424222e-24,9.045786892739987e-16,5.104766777211931e-07
0.0016751496709886146,0.07573662863608968,2.3731673897905622e-07,3.4482078243422807e-09,2.407649468033985e-07,7.751498574092182e-09,7.751498574092178e-09,-3.308722450212111e-24,4.268493915835639e-16,5.4317922566402e-07
0.0017815969856142919,0.07581321941322776,2.37556732147403e-07,3.669202791763033e-09,2.41225934939166e-07,8.212486709859684e-09,8.212486709859678e-09,-6.617444900424222e-24,8.057784608015864e-16,5.779914763734581e-07
0.0018948084903223578,0.0758936689340312,2.3780881648589707e-07,3.904464851662443e-09,2.417132813375595e-07,8.699833108253173e-09,8.699833108253188e-09,1.4889251025954498e-23,1.7114409944059334e-15,6.150511520177643e-07
0.002015214015284025,0.07597813958112624,2.380735008119498e-07,4.154926440044298e-09,2.422284272519941e-07,9.214979022687761e-09,9.214979022687748e-09,-1.3234889800848443e-23,1.4362365631287333e-15,6.545051346563503e-07
0.002143270704210462,0.07606679864446955,2.3835130931983397e-07,4.421582097136037e-09,2.4277289141697e-07,9.75944318766372e-09,9.75944318766369e-09,-2.9778502051908996e-23,3.0512501050828466e-15,6.965100893216476e-07
0.0022794647499905295,0.07615981795846029,2.386427804435939e-07,4.705492723440556e-09,2.433482731670345e-07,1.0334824937728088e-08,1.0334824937728143e-08,5.459392042849983e-23,5.282520096610457e-15,7.412331344540248e-07
0.0024243132406195386,0.07625737348433693,2.389484655485076e-07,5.007790137416875e-09,2.4395625568592446e-07,1.094280745661821e-08,1.0942807456618133e-08,-7.77549775799846e-23,7.105578517052166e-15,7.888525598508141e-07
0.0025783661224274813,0.07635964566623826,2.3926893004678516e-07,5.329681934346781e-09,2.445986119811319e-07,1.1585163751825598e-08,1.1585163751825587e-08,-1.1580528575742387e-23,9.995999041375241e-16,8.395585920596867e-07
0.002742208288060507,0.07646681919888247,2.3960475266960345e-07,5.6724567052335455e-09,2.45277209374837e-07,1.2263761145530724e-08,1.2263761145530653e-08,-7.113753267956038e-23,5.800629336741852e-15,8.935542164861086e-07
0.0029164617971430998,0.07657908278656896,2.399565247119512e-07,6.037489627191045e-09,2.4599401433914225e-07,1.298056610983595e-08,1.2980566109835917e-08,-3.3087224502121107e-23,2.5489816254661998e-15,9.510560580198535e-07
0.003101788238052134,0.07669662904833502,2.4032484973544195e-07,6.426248448384314e-09,2.467510981838263e-07,1.373764995451997e-08,1.3737649954519957e-08,-1.3234889800848443e-23,9.63402754085599e-16,1.0122953238132648e-06
0.003298891239769766,0.07681965442110775,2.407103432648462e-07,6.840299901382229e-09,2.4755064316622844e-07,1.4537194936922089e-08,1.4537194936922104e-08,1.4889251025954498e-23,1.0242176080433667e-15,1.0775188135451716e-06
0.003508519143351911,0.07694835910900144,2.4111363262921717e-07,7.281316576021101e-09,2.483949492052383e-07,1.5381500975931888e-08,1.5381500975931944e-08,5.624828165360588e-23,3.656878593423349e-15,1.1469900020693018e-06
0.0037314678431550645,0.07708294709016304,2.415353569833407e-07,7.751084286529562e-09,2.4928644126987024e-07,1.627299304056393e-08,1.627299304056391e-08,-1.9852334701272664e-23,1.219955951052548e-15,1.2209901999212444e-06
0.003968583808608775,0.07722362676531214,2.419761693399011e-07,8.251509955697585e-09,2.502276792955987e-07,1.721423106629238e-08,1.7214231066292374e-08,-6.617444900424222e-24,3.844171066915679e-16,1.2998197952728337e-06
0.004220767298006492,0.077370611203031,2.4243673733808485e-07,8.784630083190476e-09,2.512213674212753e-07,1.820791919196903e-08,1.8207919191968977e-08,-5.293955920339377e-23,2.9075018757082264e-15,1.383799587904018e-06
0.004488975776516661,0.07752411795268911,2.4291774265738923e-07,9.35261984446947e-09,2.522703625018587e-07,1.925691427255231e-08,1.925691427255239e-08,7.940933880509066e-23,4.123679301946927e-15,1.4732722225110878e-06
0.004774227551391146,0.07768436996997896,2.4341988391773997e-07,9.957802828503364e-09,2.533776867462433e-07,2.036423851693708e-08,2.036423851693698e-08,-9.926167350636332e-23,4.8743130475419784e-15,1.568603722640513e-06
0.00507760563817284,0.0778515962471104,2.4394387865417226e-07,1.0602661500335761e-08,2.5454654015450803e-07,2.153309192520173e-08,2.1533091925201698e-08,-3.3087224502121107e-23,1.5365756398130982e-15,1.670185138805724e-06
0.005400261872581263,0.07802603232271788,2.4449046491459825e-07,1.1289848447307975e-08,2.557803133619062e-07,2.2766865132599882e-08,2.276686513259988e-08,-3.308722450212111e-24,1.4533061231492736e-16,1.778434320049313e-06
0.005743421283687767,0.07820792163753768,2.4506040550775e-07,1.2022198441488425e-08,2.570826039492384e-07,2.4069155719932108e-08,2.406915571993209e-08,-1.9852334701272664e-23,8.24803949597309e-16,1.8937978140782331e-06
0.006108386744983959,0.07839751761735717,2.4565449452999177e-07,1.2802741373217287e-08,2.5845723590320905e-07,2.5443787673902683e-08,2.5443787673902716e-08,3.3087224502121107e-23,1.3004048346173765e-15,2.0167529046215004e-06
0.006496543921002078,0.07859508381762279,2.4627355781844107e-07,1.363471622316942e-08,2.599082740416105e-07,2.689482581230412e-08,2.689482581230415e-08,2.9778502051908996e-23,1.1072204839596169e-15,2.1478098123805728e-06
0.00690936652826816,0.07880089584208957,2.4691845896295624e-07,1.452158602519063e-08,2.614400449881469e-07,2.8426596758840622e-08,2.842659675884055e-08,-7.279189390466644e-23,2.560696748970778e-15,2.287514052051385e-06
0.007348421930562229,0.07901524161793001,2.4759010016817553e-07,1.5467054007955637e-08,2.6305715417613116e-07,3.004370594682493e-08,3.0043705946824826e-08,-1.0587911840678754e-22,3.524169707764598e-15,2.436448975040366e-06
0.007815377089729078,0.07923842152438239,2.482894226566298e-07,1.647508098660441e-08,2.6476450364323425e-07,3.1751055413928e-08,3.175105541392792e-08,-7.940933880509066e-23,2.5009984005210976e-15,2.5952385090834077e-06
0.008312004894633058,0.07947075041683284,2.4901741301109727e-07,1.7549903994473478e-08,2.6656731700557077e-07,3.355386877626442e-08,3.355386877626444e-08,1.9852334701272664e-23,5.916556100772482e-16,2.764550093210897e-06
0.008840190892286033,0.07971255757862247,2.4977510302359344e-07,1.8696056411451246e-08,2.684711594350447e-07,3.545771120573843e-08,3.5457711205738357e-08,-7.279189390466644e-23,2.052921393665305e-15,2.9450978484685657e-06
0.009401940446704572,0.07996418770299017,2.5056357277223737e-07,1.9918389523305142e-08,2.704819622955425e-07,3.746851406623628e-08,3.7468514066236163e-08,-1.1911400820763599e-22,3.1790427556606063e-15,3.1376459740523055e-06
0.009999386352676424,0.0802259986595098,2.5138394362250016e-07,2.1222095874395503e-08,2.7260603949689566e-07,3.959259126758939e-08,3.959259126758933e-08,-5.955700410381799e-23,1.5042461783139597e-15,3.3430124259463705e-06
0.010634796933343448,0.08049836097932045,2.52237376614201e-07,2.2612734264216082e-08,2.748501108784171e-07,4.18366626491108e-08,4.183666264911075e-08,-4.632211430296955e-23,1.107213419279611e-15,3.562072854505511e-06
0.01131058465234512,0.08078165470202095,2.531250625814172e-07,2.4096256731606002e-08,2.772213193130232e-07,4.420787108371693e-08,4.4207871083716875e-08,-5.293955920339377e-23,1.197514331851483e-15,3.7957648551452164e-06
0.01202931527322032,0.08107626611802066,2.5404821194481173e-07,2.5679037656407848e-08,2.797272496012196e-07,4.671380137191328e-08,4.6713801371913264e-08,-1.3234889800848443e-23,2.833186213101881e-16,4.045092552582837e-06
0.012793717600842944,0.08138258579580485,2.5500804853017324e-07,2.7367904822792634e-08,2.823759533529659e-07,4.936250512365955e-08,4.936250512365955e-08,0.0,0.0,4.311131494090446e-06
0.013606693841876542,0.08170100290393074,2.5600579177668967e-07,2.9170172963223406e-08,2.8517596473991307e-07,5.216251651060679e-08,5.216251651060674e-08,-5.293955920339377e-23,1.0148965721895142e-15,4.595033933510509e-06
0.014471330623583757,0.0820319018891427,2.5704264632799667e-07,3.1093679485728735e-08,2.881363258137254e-07,5.5122877584419e-08,5.512287758441905e-08,5.293955920339377e-23,9.603917923609559e-16,4.898034459197624e-06
0.015390910712825398,0.08237565525724505,2.5811977941142315e-07,3.3146823099955346e-08,2.912666025113785e-07,5.825315428207215e-08,5.825315428207218e-08,2.6469779601696886e-23,4.543922115105645e-16,5.221456078590695e-06
0.016368925479742884,0.08273261754692775,2.5923830195529076e-07,3.5338605107352035e-08,2.945769070626428e-07,6.156345883333648e-08,6.156345883333645e-08,-2.6469779601696886e-23,4.2995926647583936e-16,5.5667167224525975e-06
0.01740908815344483,0.0831031179910961,2.603992455935771e-07,3.7678673709792256e-08,2.980779193033694e-07,6.506447107406297e-08,6.506447107406307e-08,1.0587911840678754e-22,1.6272954603175832e-15,5.935336224589657e-06
0.018515347920025703,0.0834874533963795,2.616035403542313e-07,4.017737135213859e-08,3.0178091170636985e-07,6.876746347706356e-08,6.876746347706352e-08,-3.970466940254533e-23,5.773758023776502e-16,6.328943779493073e-06
0.019691904916442442,0.08388588113008964,2.628519926841763e-07,4.284578524080351e-08,3.056977779249798e-07,7.268432969567346e-08,7.268432969567347e-08,1.3234889800848443e-23,1.8208725121718015e-16,6.749285900279426e-06
0.020943226177176352,0.08429861258046721,2.6414526495733667e-07,4.569580125200599e-08,3.0984106620934263e-07,7.682761798003628e-08,7.68276179800363e-08,2.6469779601696886e-23,3.4453469074851535e-16,7.198234910593299e-06
0.02227406259422494,0.0847258080853825,2.654838595839887e-07,4.874016138737551e-08,3.1422402097136424e-07,8.121057274205785e-08,8.121057274205791e-08,6.617444900424221e-23,8.148501699948154e-16,7.677797995306108e-06
0.023689466954815715,0.08516756982917613,2.6686809675338454e-07,5.199252524956271e-08,3.1886062200294727e-07,8.584717377364095e-08,8.584717377364094e-08,-1.3234889800848443e-23,1.5416803162030438e-16,8.1901268844668e-06
0.02519481312532575,0.08562393287644292,2.6829808633858626e-07,5.5467535727447735e-08,3.23765622066034e-07,9.075217383672765e-08,9.075217383672766e-08,1.3234889800848443e-23,1.45835512708041e-16,8.737528200369788e-06
0.02679581645424257,0.08609485822898727,2.6977370614080087e-07,5.918088867788572e-08,3.289545948186866e-07,9.59411465893803e-08,9.594114658938027e-08,-2.6469779601696886e-23,2.7589601065521163e-16,9.322474434177733e-06
0.028498555471630372,0.08658022923087745,2.7129459062480715e-07,6.314940673574056e-08,3.344439973605477e-07,1.0143054913124142e-07,1.0143054913124136e-07,-6.617444900424221e-23,6.5241142408308185e-16,9.947615572853282e-06
0.030309494967487857,0.0870798481103717,2.728601200832632e-07,6.739111776071142e-08,3.402512378439746e-07,1.072377896146683e-07,1.0723778961466828e-07,-2.6469779601696886e-23,2.468325736366751e-16,1.0615791456501967e-05
0.03223551053661934,0.08759343200630336,2.744694081855934e-07,7.192533804469712e-08,3.4639474623029055e-07,1.1338129800098421e-07,1.1338129800098422e-07,1.3234889800848443e-23,1.1672903762958823e-16,1.1330044885619229e-05
0.03428391468320868,0.08812060554299317,2.7612127871186697e-07,7.677276086965423e-08,3.5289403958152117e-07,1.198805913522149e-07,1.1988059135221484e-07,-5.293955920339377e-23,4.416024195931335e-16,1.2093635571174421e-05
0.036462484584207214,0.08866089319191935,2.7781424161849314e-07,8.195555030070769e-08,3.597697919192008e-07,1.2675634368989455e-07,1.267563436898945e-07,-5.293955920339377e-23,4.176482033349649e-16,1.2910054909378392e-05
0.038779491616945,0.08921371683018683,2.7954648538781323e-07,8.749743982556012e-08,3.6704392521337335e-07,1.3403047698406705e-07,1.3403047698406702e-07,-2.6469779601696886e-23,1.9749075133742528e-16,1.3783041519864686e-05
0.0412437327630729,0.08977839458994324,2.8131587342280607e-07,9.342383632647942e-08,3.747397097492855e-07,1.4172626151997918e-07,1.4172626151997916e-07,-2.6469779601696886e-23,1.8676693590739663e-16,1.4716597623885569e-05
0.04386456400806678,0.09035413800750236,2.831199351140163e-07,9.976192963754304e-08,3.8288186475155935e-07,1.498684165222529e-07,1.4986841652225302e-07,1.0587911840678754e-22,7.064805304796573e-16,1.571500630232609e-05
0.0466519358631018,0.090940047129239,2.8495585050413396e-07,1.0654080803211016e-07,3.914966585362441e-07,1.5848321030693784e-07,1.5848321030693777e-07,-7.940933880509066e-23,5.010583685886781e-16,1.6782849687877793e-05
0.04961643114416272,0.09153510645996471,2.8682043759244266e-07,1.1379157969046844e-07,4.006120172829111e-07,1.6759856905360476e-07,1.675985690536048e-07,2.6469779601696886e-23,1.5793559426650464e-16,1.7925028099239903e-05
0.052769305151826144,0.09213818522408902,2.887101531531549e-07,1.2154749973442956e-07,4.1025765288758447e-07,1.7724420465827813e-07,1.7724420465827813e-07,0.0,0.0,1.9146780052254634e-05
0.056122528404265286,0.092748040043886,2.9062110112761903e-07,1.298441028473662e-07,4.2046520397498524e-07,1.8745175574567893e-07,1.874517557456789e-07,-2.6469779601696886e-23,1.412084912003128e-16,2.0453703150889563e-05
0.05968883208572178,0.09336331545907162,2.925490342523879e-07,1.387193421741558e-07,4.312683764265437e-07,1.982549281972374e-07,1.982549281972374e-07,0.0,0.0,2.1851775967462904e-05
0.0634817563829987,0.09398254837753489,2.9448936800535036e-07,1.4821373349516987e-07,4.427031015005202e-07,2.09689653271214e-07,2.096896532712139e-07,-1.0587911840678754e-22,5.049324883466844e-16,2.3347380753663192e-05
0.06751570189349367,0.09460417222732463,2.9643719361576326e-07,1.5837050621895216e-07,4.5480769983471545e-07,2.2179425160540914e-07,2.2179425160540911e-07,-2.6469779601696886e-23,1.1934384868003196e-16,2.4947327225683575e-05
0.07180598429995393,0.09522652435662253,2.9838730125167765e-07,1.6923576047523387e-07,4.676230617269115e-07,2.3460961349760531e-07,2.3460961349760516e-07,-1.5881867761018131e-22,6.769487202271121e-16,2.6658877310312106e-05
0.07636889251953569,0.0958478560843769,3.003342115130703e-07,1.808586297544702e-07,4.811928412675406e-07,2.4817939303823423e-07,2.4817939303823423e-07,0.0,0.0,2.848977076473837e-05
0.08122175054794334,0.09646634304348219,3.0227220784165257e-07,1.932914499649074e-07,4.9556365780656e-07,2.6255020957725353e-07,2.6255020957725364e-07,1.0587911840678754e-22,4.032718868412608e-16,3.0448251807282085e-05
0.08638298323345181,0.09708010029172356,3.041953838702195e-07,2.0658993340912583e-07,5.107853172793454e-07,2.777718690500386e-07,2.7777186905003904e-07,4.235164736271502e-22,1.5246917374158435e-15,3.254309652306257e-05
0.09187218623053632,0.0976871972609873,3.0609769026521375e-07,2.2081335029389124e-07,5.26911040559105e-07,2.9389759232979874e-07,2.9389759232979864e-07,-1.0587911840678754e-22,3.602585430096846e-16,3.478364145635327e-05
0.09771020039870265,0.09828567298040942,3.0797298242766057e-07,2.360247174885825e-07,5.439976999162431e-07,3.109842516869367e-07,3.1098425168693674e-07,5.293955920339377e-23,1.7023228319833778e-16,3.7179813344768805e-05
0.10391919092898785,0.09887355451266355,3.098150782623051e-07,2.5229099300985623e-07,5.621060712721613e-07,3.290926230428549e-07,3.2909262304285497e-07,5.293955920339377e-23,1.6086522606889276e-16,3.974215975547807e-05
0.11052273149855106,0.09944887739255753,3.1161782222087916e-07,2.6968327780352965e-07,5.813011000244088e-07,3.482876517951026e-07,3.482876517951024e-07,-1.5881867761018131e-22,4.559985884989522e-16,4.248188087091218e-05
0.11754589377286433,0.1000097095979281,3.133751604136378e-07,2.8827702303873316e-07,6.016521834523709e-07,3.686387352230646e-07,3.686387352230646e-07,0.0,0.0,4.541086214279313e-05
0.1250153425953162,0.1005541715997482,3.150812034353149e-07,3.0815224896526315e-07,6.23233452400578e-07,3.902200041712714e-07,3.902200041712717e-07,2.6469779601696886e-22,6.783296427335135e-16,4.8541708767656655e-05
0.13295943722563466,0.10108045736130908,3.1673029216495533e-07,3.293937734848198e-07,6.461240656497751e-07,4.131106174204686e-07,4.1311061742046873e-07,1.0587911840678754e-22,2.562972577851287e-16,5.18877816925555e-05
0.1414083390115016,0.10158685882601683,3.183170744971358e-07,3.520914497286836e-07,6.704085242258194e-07,4.37395075996513e-07,4.3739507599651305e-07,5.293955920339377e-23,1.2103373382240775e-16,5.546323503950283e-05
0.15039412590215492,0.10207179154797542,3.1983658565404796e-07,3.763404142894511e-07,6.961769999434991e-07,4.631635517141927e-07,4.6316355171419276e-07,5.293955920339377e-23,1.1429992495623125e-16,5.928305520819707e-05
0.15995091423875318,0.10253381897752777,3.2128432428296273e-07,4.0224135006610876e-07,7.235256743490715e-07,4.905122261197655e-07,4.905122261197652e-07,-3.1763735522036263e-22,6.475625648173079e-16,6.336310228071422e-05
0.17011498828390337,0.10297167128212564,3.226563114304355e-07,4.2990077057648543e-07,7.525570820069209e-07,5.195436337776145e-07,5.195436337776145e-07,0.0,0.0,6.772015480785058e-05
0.1809249379821373,0.10338426886826087,3.2394916424703925e-07,4.594313191403634e-07,7.833804833874026e-07,5.503670351580966e-07,5.503670351580963e-07,-3.1763735522036263e-22,5.771373191512446e-16,7.237195693796743e-05
0.19242180547437143,0.10377074118298445,3.251601549009351e-07,4.909520938434699e-07,8.16112248744405e-07,5.830988005150989e-07,5.830988005150987e-07,-2.117582368135751e-22,3.6316013105585487e-16,7.733726960697083e-05
0.20464924092262188,0.10413044956683118,3.262872821863086e-07,5.245889931136759e-07,8.508762752999844e-07,6.178628270706778e-07,6.178628270706781e-07,3.1763735522036263e-22,5.140904118253867e-16,8.263592497523133e-05
0.21765366823659435,0.1044630009139928,3.273293143268029e-07,5.604750987668319e-07,8.878044130936348e-07,6.547909648643284e-07,6.547909648643285e-07,1.0587911840678754e-22,1.6169911328682659e-16,8.828888676691122e-05
0.23148446133136313,0.104768254076032,3.2828580904122e-07,5.987510997599091e-07,9.270369088011291e-07,6.940234605718232e-07,6.940234605718228e-07,-4.235164736271502e-22,6.102336559029351e-16,9.431831702171339e-05
0.2461941315853368,0.10504633210184565,3.291571518968007e-07,6.395657474397351e-07,9.687228993365358e-07,7.357094511072295e-07,7.357094511072295e-07,0.0,0.0,0.00010074764780797664
0.2618385272102325,0.10529762605389979,3.2994456826719655e-07,6.830763607302813e-07,1.0130209289974778e-06,7.80007480768172e-07,7.800074807681715e-07,-5.293955920339377e-22,6.787057881965118e-16,0.00010760166080234526
0.2784770452900065,0.10552279384618247,3.3065011969125583e-07,7.294493816036886e-07,1.0600995012949445e-06,8.270860530656383e-07,8.270860530656382e-07,-1.0587911840678754e-22,1.2801463404483848e-16,0.00011490657479038872
0.2961728572937903,0.10572274504038957,3.3127665623267225e-07,7.788609975547369e-07,1.110137653787409e-06,8.771242055581032e-07,8.771242055581028e-07,-4.235164736271502e-22,4.828466378460869e-16,0.00012269014372194456
0.3149931489190346,0.10589862775708367,3.318277754667905e-07,8.314978160919541e-07,1.1633255915587446e-06,9.303121433294388e-07,9.303121433294382e-07,-5.293955920339377e-22,5.69051576752847e-16,0.00013098176296038672
0.33500937517547946,0.10605180999580224,3.323077639481484e-07,8.87557601067949e-07,1.2198653650160974e-06,9.868519167867912e-07,9.86851916786791e-07,-2.117582368135751e-22,2.1457954654743336e-16,0.00013981258527312262
0.3562975316784205,0.10618385161614761,3.327215094146972e-07,9.472500780211699e-07,1.279971587435867e-06,1.0469581392065617e-06,1.0469581392065606e-06,-1.0587911840678754e-21,1.0113023094412173e-15,0.00014921564769312118
0.37893844318129644,0.10629646161368946,3.330743669140913e-07,1.010797821815776e-06,1.3438721887298672e-06,1.1108587405005601e-06,1.110858740500561e-06,8.470329472543003e-22,7.625028425059888e-16,0.00015922601134445754
0.4030180704430672,0.10639146184455191,3.333720451365913e-07,1.0784371963559594e-06,1.4118092414925507e-06,1.178795793263245e-06,1.1787957932632442e-06,-8.470329472543003e-22,7.185578300287873e-16,0.00016988090947089036
0.42862783659546616,0.10647074601392738,3.336204779077311e-07,1.1504193596697117e-06,1.4840398375774428e-06,1.251026389348137e-06,1.2510263893481363e-06,-6.352747104407253e-22,5.078028056400498e-16,0.00018121990576176587
0.45586497424924605,0.10653623521377178,3.338256848680264e-07,1.2270113321557741e-06,1.5608370170238004e-06,1.3278235687944955e-06,1.3278235687944942e-06,-1.2705494208814505e-21,9.568661460309497e-16,0.00019328506262770819
0.48483289465727597,0.10658982213916442,3.3399359667787465e-07,1.3084971484466596e-06,1.6424907451245343e-06,1.4094772968952285e-06,1.4094772968952279e-06,-6.352747104407253e-22,4.507165257929994e-16,0.00020612112264793806
0.5156415803360923,0.10663333416987143,3.3412993933557813e-07,1.3951790353167298e-06,1.729308974652308e-06,1.4962955264230022e-06,1.4962955264230015e-06,-6.352747104407253e-22,4.2456500017706617e-16,0.00021977569412034105
0.5484080026365689,0.10666849951700921,3.342401280996952e-07,1.487378639702988e-06,1.8216187678026832e-06,1.5886053195733785e-06,1.5886053195733768e-06,-1.6940658945086007e-21,1.0663856362784583e-15,0.00023429944450554567
0.583256565849098,0.10669690804655413,3.343291447315707e-07,1.5854383312284777e-06,1.9197674759600484e-06,1.6867540277307435e-06,1.686754027730742e-06,-1.4823076576950256e-21,8.787930150605494e-16,0.0002497463056070304
0.6203195795294159,0.10671998743373362,3.344014627763755e-07,1.6897225398955275e-06,2.0241240026719032e-06,1.7911105544425972e-06,1.7911105544425968e-06,-4.235164736271502e-22,2.3645468035274386e-16,0.00026617368429136416
0.6597377608383529,0.10673899159650714,3.3446101132002817e-07,1.8006191342853355e-06,2.135080145605364e-06,1.9020666973760587e-06,1.9020666973760574e-06,-1.2705494208814505e-21,6.679836320325678e-16,0.00028364267958921066
0.7016607688027423,0.1067549974775325,3.345111649056555e-07,1.918540851030754e-06,2.2530520159364095e-06,2.020038567707104e-06,2.020038567707103e-06,-8.470329472543003e-22,4.193152352609518e-16,0.0003022183078731485
0.7462477725259145,0.1067689031092331,3.345547374705829e-07,2.0439268012844063e-06,2.378481538754989e-06,2.1454680905256823e-06,2.1454680905256827e-06,4.235164736271502e-22,1.9740049991765672e-16,0.0003219697401641871
0.7936680555051042,0.10678143677082061,3.345940110393828e-07,2.1772440351724574e-06,2.5118380462118404e-06,2.2788245979825356e-06,2.278824597982534e-06,-1.6940658945086007e-21,7.433945973763724e-16,0.0003429705485724777
0.8441016583501812,0.1067931801963527,3.3463080844510194e-07,2.3189891576864597e-06,2.6536199661315617e-06,2.4206065179022557e-06,2.4206065179022552e-06,-4.235164736271502e-22,1.7496295680232148e-16,0.0003652989608408111
0.8977400623439151,0.10680458888555805,3.3466655697216207e-07,2.469690046101188e-06,2.80435660307335e-06,2.5713431548440437e-06,2.5713431548440437e-06,0.0,0.0,0.0003890381308810061
0.9547869164390482,0.10681600395432211,3.347023254892336e-07,2.6299076911782992e-06,2.964610016667533e-06,2.7315965684382244e-06,2.7315965684382265e-06,2.117582368135751e-21,7.752178314334556e-16,0.00041427642880966924
1.0154588104523672,0.10682768148063816,3.347389164032282e-07,2.8002380978984465e-06,3.1349770143016745e-06,2.9019635660723685e-06,2.901963566072368e-06,-4.235164736271502e-22,1.4594134763737023e-16,0.0004411077403611807
1.0799860973913584,0.10683981534731674,3.347769372357266e-07,2.981314313596521e-06,3.3160912508322477e-06,3.083077802602941e-06,3.0830778026029413e-06,4.235164736271502e-22,1.373680785057027e-16,0.000469631786369867
1.1486137680355755,0.10685254987341432,3.3481684020289515e-07,3.173808600774186e-06,3.508625440977081e-06,3.2756119927477754e-06,3.2756119927477746e-06,-8.470329472543003e-22,2.5858769266006974e-16,0.0004999544650424772
1.2216023810932433,0.10686599451354911,3.348589682750182e-07,3.3784347274176614e-06,3.7132936956926796e-06,3.4802802474633727e-06,3.480280247463373e-06,4.235164736271502e-22,1.2169033626985447e-16,0.0005321882127406837
1.2992290524646235,0.10688023908003101,3.349036028742409e-07,3.595950383539205e-06,3.930853986413446e-06,3.697840538184139e-06,3.6978405381841393e-06,4.235164736271502e-22,1.1453075633032085e-16,0.0005664523846469804
1.3817885073680785,0.10689536119934168,3.3495098723905737e-07,3.827159752696007e-06,4.162110739935065e-06,3.929097291705759e-06,3.929097291705759e-06,0.0,0.0,0.0006028736598434119
1.469594199323442,0.10691143043984798,3.3500133935828293e-07,4.072916232570717e-06,4.407917571929e-06,4.174904123699693e-06,4.174904123699694e-06,1.6940658945086007e-21,4.0577360445043283e-16,0.0006415864698712479
1.5629795002411386,0.1069285145049918,3.3505487137708876e-07,4.33412529502033e-06,4.669180166397419e-06,4.436166718168113e-06,4.436166718168113e-06,0.0,0.0,0.0006827334492604234
1.662298966135469,0.10694668247966194,3.351117997693372e-07,4.611747505062503e-06,4.9468593048318395e-06,4.7138458566025335e-06,4.7138458566025335e-06,0.0,0.0,0.0007264659110956101
1.7679296832675877,0.1069660057117145,3.351723480997796e-07,4.906801703050419e-06,5.241974051150198e-06,5.008960602920896e-06,5.008960602920892e-06,-3.3881317890172014e-21,6.764141420959603e-16,0.0007729443482885786
1.8802726998290837,0.10698655825890435,3.352367484244923e-07,5.220368349957538e-06,5.55560509838203e-06,5.322591650152723e-06,5.322591650152724e-06,8.470329472543003e-22,1.5913919438662855e-16,0.0008223389605444566
1.9997545486018304,0.10700841856314189,3.3530524653707227e-07,5.553593036253701e-06,5.888898282790773e-06,5.655884834561465e-06,5.655884834561467e-06,1.6940658945086007e-21,2.995226996413818e-16,0.0008748302070977326
2.1268288663751913,0.10703167035092938,3.353781047901069e-07,5.907690164929652e-06,6.243068269719759e-06,6.010054821490448e-06,6.010054821490453e-06,5.082197683525802e-21,8.456158611653814e-16,0.0009306093868809996
2.2619781162690242,0.10705640268483968,3.3545560225648e-07,6.283946813393444e-06,6.619402415649924e-06,6.3863889674206195e-06,6.386388967420618e-06,-1.6940658945086007e-21,2.652619348979009e-16,0.00098987924687051
2.405715419501627,0.10708270991194939,3.355380345677894e-07,6.683726776130483e-06,7.019264810698272e-06,6.786251362468968e-06,6.786251362468966e-06,-2.541098841762901e-21,3.7444808717465493e-16,0.0010528546189065376
2.5585865035572994,0.1071106923636531,3.3562571610717864e-07,7.10847478909282e-06,7.444100505199999e-06,7.211087056970695e-06,7.211087056970693e-06,-1.6940658945086007e-21,2.349251757917704e-16,0.0011197630851406517
2.7211717741501302,0.1071404570283147,3.35718982117054e-07,7.559720940487226e-06,7.89543992260428e-06,7.662426474374974e-06,7.662426474374974e-06,0.0,0.0,0.001190845672845479
2.8940885188506336,0.1071721177219382,3.358181892338725e-07,8.039085270307398e-06,8.374903459541271e-06,8.141890011311968e-06,8.141890011311964e-06,-3.3881317890172014e-21,4.1613578472687384e-16,0.0012663575789563987
3.0779932507417502,0.10720579561576186,3.359237171413308e-07,8.54828256340022e-06,8.88420628054155e-06,8.65119283231224e-06,8.651192832312242e-06,1.6940658945086007e-21,1.9581876480446226e-16,0.0013465689250997046
3.273584201002371,0.10724161942992294,3.36035969177203e-07,9.089127317724806e-06,9.425163286902009e-06,9.19214983867271e-06,9.192149838672702e-06,-8.470329472543003e-21,9.214742602331281e-16,0.0014317655402180266
3.4816039698819448,0.10727972633406505,3.3615537515534666e-07,9.66353891854822e-06,9.999694293703567e-06,9.76668084547427e-06,9.76668084547426e-06,-1.0164395367051604e-20,1.0407215642519565e-15,0.0015222497756359442
3.7028423461312205,0.1073202621599512,3.362823920319144e-07,1.0273546967255046e-05,1.060982935928696e-05,1.0376815911057655e-05,1.0376815911057653e-05,-1.6940658945086007e-21,1.6325488560545673e-16,0.0016183413444811586
3.938139305593531,0.10736338217340029,3.364175063241763e-07,1.092129719811065e-05,1.1257714704434828e-05,1.1024701256205533e-05,1.102470125620552e-05,-1.1858461261560205e-20,1.0756265395296193e-15,0.001720378253723121
4.188388200341461,0.1074092516621937,3.3656123595269456e-07,1.1609055414655175e-05,1.1945616650607869e-05,1.1712603202378572e-05,1.1712603202378562e-05,-1.0164395367051604e-20,8.678169311658606e-16,0.0018287174242538238
4.45453915046707,0.10745804651932972,3.3671413206892e-07,1.2339231619166777e-05,1.2675945751235696e-05,1.24429323030064e-05,1.2442932303006389e-05,-1.0164395367051604e-20,8.168810308962087e-16,0.0019437384918835152
4.737602651403273,0.10750995406711716,3.3687678163744656e-07,1.3114340475152502e-05,1.3451217256789948e-05,1.321820380856064e-05,1.3218203808560641e-05,1.6940658945086007e-21,1.2816158072940708e-16,0.0020658375791912697
5.038653410472308,0.10756517368425374,3.3704980940092797e-07,1.3937043063745492e-05,1.427409287314642e-05,1.404107942491712e-05,1.4041079424917113e-05,-6.776263578034403e-21,4.826027524642679e-16,0.0021954338732049473
5.358834427227516,0.10762391762022776,3.372338804319628e-07,1.4810145985321586e-05,1.5147379865753549e-05,1.4914366417524254e-05,1.4914366417524242e-05,-1.1858461261560205e-20,7.951032534393559e-16,0.002332969483883273
5.699361333080262,0.1076864109771685,3.374297000762236e-07,1.5736631545908007e-05,1.6074061245984232e-05,1.5841047797754913e-05,1.5841047797754927e-05,1.3552527156068805e-20,8.555322431379532e-16,0.002478914199232389
6.061527006688263,0.10775289390862297,3.37638020842208e-07,1.6719624868387082e-05,1.705726288922929e-05,1.6824249441e-05,1.6824249440999984e-05,-1.6940658945086007e-20,1.0069191499147844e-15,0.0026337603044954703
6.446706482628578,0.10782362292341499,3.3785964648681246e-07,1.776238940494129e-05,1.81002490514281e-05,1.7867235603198802e-05,1.7867235603198796e-05,-6.776263578034403e-21,3.792564070079893e-16,0.002798021875250259
6.856362171992004,0.10789887045859933,3.3809543067720685e-07,1.8868376494915962e-05,1.920647192559317e-05,1.897345847736388e-05,1.8973458477363865e-05,-1.3552527156068805e-20,7.142887087368669e-16,0.0029722425840155242
7.292049414719931,0.10797892522037897,3.3834627805908034e-07,2.0041257397669724e-05,2.0379603675728803e-05,2.01465902274995e-05,2.0146590227499498e-05,-3.3881317890172014e-21,1.6817395652354618e-16,0.003157000746228506
7.755422384764201,0.10806409629995312,3.3861315715343483e-07,2.128483035717413e-05,2.1623443514327565e-05,2.139043006609827e-05,2.139043006609826e-05,-1.0164395367051604e-20,4.751842452743001e-16,0.003352894680588208
8.248240370490102,0.10815471219261728,3.3889709728298646e-07,2.2603100695254727e-05,2.2941997792537714e-05,2.2708984344308395e-05,2.270898434430841e-05,1.3552527156068805e-20,5.967914262737822e-16,0.0035605553257498862
8.772374454167297,0.10825112267181614,3.391991944444117e-07,2.4000267250436513e-05,2.4339466444880925e-05,2.410645299665162e-05,2.410645299665162e-05,0.0,0.0,0.0037806441041030488
9.32981461590873,0.10835369989910647,3.3952061478635777e-07,2.5480730093287713e-05,2.5820250708074072e-05,2.5587237259844784e-05,2.5587237259844767e-05,-1.6940658945086007e-20,6.620745636994485e-16,0.004013854137131628
9.922677289029014,0.10846284015867702,3.398626000444693e-07,2.7049092434020647e-05,2.7388955034065116e-05,2.715594158583581e-05,2.715594158583581e-05,0.0,0.0,0.004260910545908967
10.553213395507772,0.10857896531886974,3.4022647212098826e-07,2.8710165543697776e-05,2.9050392015818764e-05,2.8817378567589462e-05,2.881737856758946e-05,-3.3881317890172014e-21,1.1757251899476344e-16,0.004522571226311212
11.223816892066118,0.10870252516878569,3.406136404063854e-07,3.0468976200504866e-05,3.080958984091125e-05,3.0576576392681956e-05,3.057657639268194e-05,-1.3552527156068805e-20,4.432323286302386e-16,0.004799628021992119
11.937033859303233,0.10883399809569744,3.4102560390199656e-07,3.233076297079789e-05,3.267178857469989e-05,3.243877512647058e-05,3.243877512647058e-05,0.0,0.0,0.005092906138554649
12.695572168401734,0.1089738931139863,3.4146395757759054e-07,3.4300978855210585e-05,3.464244281278818e-05,3.440942936455887e-05,3.440942936455887e-05,0.0,0.0,0.005403264560379287
13.502311762103409,0.10912275235141954,3.4193040016198797e-07,3.6385294245090056e-05,3.672722464525204e-05,3.649421119702279e-05,3.6494211197022734e-05,-5.421010862427522e-20,1.485444042936259e-15,0.005731596516336809
14.360315588989138,0.10928115353716396,3.4242674193912074e-07,3.858958943998987e-05,3.893201618192899e-05,3.869900273369972e-05,3.8699002733699684e-05,-3.3881317890172014e-20,8.755088115143498e-16,0.006078828301105751
15.272841232577157,0.10944971086680155,3.4295490745851317e-07,4.09199648955151e-05,4.1262919802973607e-05,4.102990635474432e-05,4.10299063547443e-05,-2.0328790734103208e-20,4.9546276217012555e-16,0.00644592088946506
16.243353279391872,0.10962907836309987,3.43516946066079e-07,4.338272641021544e-05,4.372624335628152e-05,4.3493229908052216e-05,4.349322990805221e-05,-6.776263578034403e-21,1.5580042209695409e-16,0.006833867602858195
17.27553647296109,0.10981995215592671,3.441150390481139e-07,4.598436675417862e-05,4.6328481793226734e-05,4.6095468344997406e-05,4.6095468344997426e-05,2.0328790734103208e-20,4.4101495144716147e-16,0.007243691215435765
18.373309703683436,0.11002307294900474,3.447515073607415e-07,4.8731590511111314e-05,4.907634201847206e-05,4.884332857024273e-05,4.884332857024275e-05,2.0328790734103208e-20,4.1620404114899524e-16,0.007676447867306402
19.54084088768132,0.11023922875529323,3.4542882020108795e-07,5.1631252996782074e-05,5.197668181698316e-05,5.1743668368753865e-05,5.174366836875385e-05,-1.3552527156068805e-20,2.6191662832032003e-16,0.008133217442659383
20.782562791129937,0.11046925786562953,3.4614960430936354e-07,5.469039251298869e-05,5.503654211729805e-05,5.4803528669068704e-05,5.4803528669068745e-05,4.0657581468206416e-20,7.418788982314867e-16,0.00861510865057353
22.103189860142646,0.11071405183686044,3.469166533320153e-07,5.791621703445835e-05,5.8263133687790365e-05,5.803012023956103e-05,5.8030120239561057e-05,2.710505431213761e-20,4.670859581238502e-16,0.009123256927870046
23.507736120110646,0.11097455849683191,3.4773293723770393e-07,6.13160592734452e-05,6.16637922106829e-05,6.143077876245356e-05,6.14307787624536e-05,4.0657581468206416e-20,6.618438230357625e-16,0.009658817360659492
25.001534212455446,0.11125178797233147,3.48601621205544e-07,6.489728166210394e-05,6.52458832833095e-05,6.501286983508008e-05,6.501286983508019e-05,1.0842021724855044e-19,1.667673147233506e-15,0.010222949716682249
26.590255641070982,0.11154681104067615,3.495260604598917e-07,6.866740260335914e-05,6.901692866381903e-05,6.878391521558966e-05,6.878391521558972e-05,6.776263578034403e-20,9.851523509232544e-16,0.010816838332987244
28.27993230532501,0.11186076504561063,3.505098188075e-07,7.263399269637688e-05,7.298450251518438e-05,7.275148906695499e-05,7.275148906695507e-05,8.131516293641283e-20,1.1177113208167656e-15,0.011441675768840729
30.07697940137416,0.11219486035611924,3.515566888758664e-07,7.68045294268101e-05,7.715608611568596e-05,7.69230726674566e-05,7.692307266745666e-05,5.421010862427522e-20,7.047314511034807e-16,0.012098639915795
31.988219778742113,0.11255037968553373,3.5267068997969245e-07,8.11865237258814e-05,8.153919441586109e-05,8.130618096763179e-05,8.130618096763179e-05,0.0,0.0,0.012788913933918516
34.02090984463546,0.11292868277518922,3.5385608279687366e-07,8.578743541311245e-05,8.614129149590932e-05,8.590827804767995e-05,8.590827804768002e-05,6.776263578034403e-20,7.887788851120381e-16,0.01351367293190478
36.182767114348245,0.11333121406549558,3.551173934053976e-07,9.061445520479265e-05,9.096957259819805e-05,9.073655914996866e-05,9.073655914996875e-05,9.486769009248164e-20,1.0455288472608376e-15,0.014274049627938136
38.48199951235575,0.11375950104389626,3.564594081067598e-07,9.567467927092355e-05,9.603113867903031e-05,9.579812523080108e-05,9.579812523080101e-05,-6.776263578034403e-20,7.073482452510139e-16,0.01507116184679104
40.9273365353451,0.11421516214370635,3.5788719817655717e-07,0.00010097492986501684,0.0001013328170631934,0.00010109980361496409,0.0001010998036149641,1.3552527156068805e-20,1.340509741016238e-16,0.015906084264517995
43.528062395499276,0.11469990817232208,3.5940612433970715e-07,0.00010652168192324039,0.0001068810880475801,0.00010664807459935077,0.0001066480745993508,2.710505431213761e-20,2.541541834108518e-16,0.01677983684597989
46.29405126986972,0.11521554636584244,3.610218494753913e-07,0.0001123210114953221,0.00011268203334479748,0.0001124490198965682,0.00011244901989656818,-2.710505431213761e-20,2.410430463250736e-16,0.017693376721417835
49.23580478966881,0.11576398335854074,3.627403479217378e-07,0.00011837851436260585,0.00011874125471052759,0.0001185082412622983,0.00011850824126229829,-1.3552527156068805e-20,1.1435936447721418e-16,0.018647585366755613
52.364491911817865,0.1163472285713293,3.6456791609339745e-07,0.00012469922029771386,0.00012506378821380726,0.00012483077476557796,0.00012483077476557796,0.0,0.0,0.019643255097345828
55.69199132413091,0.11696739605265358,3.6651117824988854e-07,0.00013128752686627934,0.00013165403804452923,0.00013142102459630012,0.00013142102459629993,-1.8973538018496328e-19,1.443721663012395e-15,0.020681078640082312
59.230936545134114,0.117626707093674,3.6857709469013124e-07,0.00013814709048479414,0.00013851566757948428,0.0001382826541312551,0.00013828265413125498,-1.0842021724855044e-19,7.840478469963425e-16,0.02176163197227848
62.99476388975128,0.11832749178362241,3.707729666260753e-07,0.00014528076797886655,0.00014565154094549264,0.00014541852749726348,0.00014541852749726334,-1.3552527156068805e-19,9.319670188741142e-16,0.022885365115626995
66.99776348296685,0.11907218810394285,3.731064333442378e-07,0.00015269051751798797,0.0001530636239513322,0.000152830610503103,0.0001528306105031029,-1.0842021724855044e-19,7.09414278276073e-16,0.02405258653094062
71.25513351514981,0.11986334289093728,3.75585475222103e-07,0.00016037732775885143,0.00016075291323407352,0.00016051989978584425,0.00016051989978584422,-2.710505431213761e-20,1.6885790701526418e-16,0.025263451956447528
75.7830379450302,0.12070361072528853,3.7821841024850063e-07,0.00016834115160560412,0.00016871937001585263,0.00016848635656762335,0.00016848635656762333,-2.710505431213761e-20,1.6087388239806098e-16,0.02651795397336958
80.59866786940792,0.12159575157737855,3.8101388664533504e-07,0.00017658075008688602,0.00017696176397353136,0.00017672875052530184,0.00017672875052530206,2.168404344971009e-19,1.2269675072820485e-15,0.02781589741263975
85.72030679259859,0.1225426180593937,3.8398084292272774e-07,0.0001850938553855785,0.00018547783622850124,0.000185244822780272,0.00018524482278027194,-5.421010862427522e-20,2.926403437929086e-16,0.029156925036176933
91.1674000434221,0.12354716464259344,3.8712853676084394e-07,0.00019387678685114048,0.00019426391538790132,0.00019403090193967183,0.00019403090193967202,1.8973538018496328e-19,9.778616616643657e-16,0.030540457049197084
96.96062860329154,0.12461242657545944,3.9046647895102245e-07,0.00020292482710062868,0.0002033152935795797,0.00020308228013135035,0.0002030822801313504,5.421010862427522e-20,2.6693667507186243e-16,0.031965750345557875
103.12198762570462,0.12574152117190646,3.9400443743231657e-07,0.00021223183333421772,0.00021262583777165004,0.00021239282432342074,0.00021239282432342074,0.0,0.0,0.03343183728020352
109.674869945253,0.12693763010031794,3.9775238179511976e-07,0.00022179067011689465,0.00022218842249868977,0.00022195540905046036,0.00022195540905046047,1.0842021724855044e-19,4.884774726256013e-16,0.03493759384313736
116.6441548932079,0.1282039959766621,4.0172047260587366e-07,0.00023159280664913543,0.0002319945271217413,0.0002317615136735119,0.000231761513673512,8.131516293641283e-20,3.5085705839392927e-16,0.03648167621945153
124.0563027568885,0.1295438986987832,4.0591898725181623e-07,0.00024162886811226564,0.00024203478709951745,0.0002418017736512883,0.00024180177365128815,-1.6263032587282567e-19,6.725770593699662e-16,0.03806260764005098
131.93945524144672,0.1309606456713971,4.103582893115196e-07,0.00025188835852675974,0.00025229871681607126,0.00025206570336784204,0.00025206570336784194,-1.0842021724855044e-19,4.3012681138271207e-16,0.0396787347248839
140.32354231549192,0.13245755341490326,4.150487709270705e-07,0.00026236005329844113,0.0002627751020693682,0.0002625420886211389,0.00026254208862113885,-5.421010862427522e-20,2.0648159275712575e-16,0.04132828931881468
149.24039584621636,0.13403793799027622,4.2000082280097174e-07,0.0002730320917178891,0.0002734520925406901,0.0002732190790924608,0.00027321907909246077,-5.421010862427522e-20,1.9841260282533134e-16,0.04300940306260074
158.72387045545966,0.13570509103439185,4.252247591040989e-07,0.00028389231993307314,0.00028431754469217724,0.00028408453124394807,0.0002840845312439479,-1.6263032587282567e-19,5.724715990719408e-16,0.04472016141968538
168.809972055567,0.13746226778905538,4.307307799652894e-07,0.0002949283952537545,0.0002953591260337198,0.0002951261125854901,0.00029512611258549046,3.7947076036992655e-19,1.2857918841729182e-15,0.04645862010675738
179.53699455305272,0.1393126695269329,4.365289164039243e-07,0.00030612822440444654,0.00030656475332085047,0.0003063317398726211,0.00030633173987262114,5.421010862427522e-20,1.76965366523289e-16,0.0482228741295852
190.94566523909268,0.14125942868290303,4.4262898373980123e-07,0.00031748021235872336,0.00031792284134246314,0.00031768982789423376,0.0003176898278942338,5.421010862427522e-20,1.7063847773660226e-16,0.050011096980662195
203.07929941884896,0.1433056027079513,4.4904056233463607e-07,0.0003289736360659953,0.00032942267662833,0.0003291896631801005,0.00032918966318010065,1.6263032587282567e-19,4.940322982858977e-16,0.05182159951054822
215.98396486670865,0.14545416689542462,4.557729751135088e-07,0.0003405990412733989,0.0003410548142485124,0.00034082180080028285,0.00034082180080028307,2.168404344971009e-19,6.36228181377888e-16,0.053652892437270935
229.7086567318238,0.14770800896152989,4.6283527058314166e-07,0.00035234849890930937,0.0003528113341798925,0.000352578320731663,0.00035257832073166316,1.6263032587282567e-19,4.612601408258415e-16,0.0555037267331601
244.30548355801628,0.15006992844295347,4.7023622094437086e-07,0.00036421636875123115,0.0003646866049721755,0.0003644535915239463,0.0003644535915239462,-1.0842021724855044e-19,2.9748703201193927e-16,0.0573732139216958
259.82986512430983,0.15254268991049885,4.779844888342794e-07,0.00037619919809670985,0.00037667718258554414,0.00037644416913731497,0.0003764441691373148,-1.6263032587282567e-19,4.320171202160479e-16,0.059260810115635394
276.3407428572301,0.15512899736857022,4.86088547108326e-07,0.0003882964987992043,0.00038878258734631265,0.0003885495738980831,0.0003885495738980833,2.168404344971009e-19,5.580766241014543e-16,0.0611664384196542
293.90080361374555,0.15783153421124343,4.945568040405913e-07,0.00040051084223136427,0.0004010053990354049,0.0004007723855871749,0.00040077238558717556,6.505213034913027e-19,1.6231689779180208e-15,0.06309050388944372
312.5767176844855,0.16065297763585076,5.033976484879853e-07,0.0004128479346052293,0.0004133513322537173,0.00041311831880548773,0.00041311831880548795,2.168404344971009e-19,5.248869987757617e-16,0.06503390539653232
332.4393919208631,0.16359603450092014,5.126195622492135e-07,0.0004253169865775691,0.0004258296061398183,0.00042559659269158866,0.000425596592691589,3.2526065174565133e-19,7.642463716370805e-16,0.0669980938503973
353.56423894714976,0.16666348083228122,5.222312438550805e-07,0.0004379307932943107,0.0004384530245381658,0.0004382200110899361,0.0004382200110899365,3.7947076036992655e-19,8.659366317528736e-16,0.06898508480746997
376.0314634796203,0.16985820183016634,5.322417339286343e-07,0.0004507057174532804,0.00045123795918720905,0.00045100494573897945,0.0004510049457389797,2.710505431213761e-19,6.009923963854873e-16,0.07099745580309269
399.92636683983534,0.1731832467264021,5.426605870772892e-07,0.000463661958436511,0.0004642046190235883,0.0004639716055753584,0.000463971605575359,5.963111948670274e-19,1.2852320868376365e-15,0.07303838874660806
425.3396708182076,0.17664189698062624,5.534980855820805e-07,0.0004768231770674678,0.0004773766751530499,0.00047714366170481943,0.00047714366170482057,1.1384122811097797e-18,2.3858899792198124e-15,0.07511161081120957
452.3678621174646,0.1802376559865645,5.647652071428257e-07,0.0004902162359826023,0.0004907810011897452,0.0004905479877415146,0.0004905479877415159,1.3010426069826053e-18,2.652222900704595e-15,0.0772213535359489
481.11355868375665,0.1839742980868302,5.764737784634185e-07,0.0005038708983381699,0.0005044473721166334,0.0005042143586684018,0.0005042143586684041,2.2768245622195593e-18,4.515588505318449e-15,0.07937230536450221
511.6858993162595,0.1878559137391894,5.88636616777943e-07,0.0005178195809604359,0.0005184082175772138,0.0005181752041289824,0.0005181752041289845,2.0599841277224584e-18,3.9754587083825144e-15,0.0815695727601357
544.2009580345026,0.19188693498242787,6.012676096466276e-07,0.0005320968679769046,0.0005326981355865512,0.0005324651221383205,0.0005324651221383219,1.4094628242311558e-18,2.6470519206420633e-15,0.08381860359042438
578.7821847766517,0.1960721932263164,6.143818960376585e-07,0.000546739532231159,0.0005473539141271967,0.0005471209006789665,0.0005471209006789674,8.673617379884035e-19,1.5853200579835698e-15,0.0861251905006264
615.5608741019447,0.20041695045110824,6.279959640891636e-07,0.0005617859122886159,0.0005624139082527051,0.0005621808948044738,0.0005621808948044759,2.0599841277224584e-18,3.664272739896136e-15,0.08849537277646269
654.6766636768047,0.20492687299857668,6.421275689848075e-07,0.000577275369955526,0.0005779174975245108,0.0005776844840762786,0.0005776844840762815,2.927345865710862e-18,5.06737838111005e-15,0.09093535088975191
696.2780644372309,0.2096080484773116,6.567957859256488e-07,0.0005932479853075082,0.0005939047810934339,0.0005936717676452019,0.0005936717676452046,2.710505431213761e-18,4.565663349572718e-15,0.0934514384577551
740.5230244403368,0.21446701922956557,6.720211149967403e-07,0.0006097443553876423,0.0006104163765026391,0.0006101833630544075,0.0006101833630544098,2.2768245622195593e-18,3.7313776482243024e-15,0.0960500305330757
787.5795285458105,0.21951080506060966,6.878255523883695e-07,0.0006268056458446947,0.0006274934713970831,0.0006272604579488515,0.0006272604579488538,2.2768245622195593e-18,3.629791314543869e-15,0.09873761173797548
837.6262362041068,0.22474696867859975,7.042327954484343e-07,0.0006444735378482959,0.0006451777706437443,0.0006449447571955115,0.000644944757195515,3.469446951953614e-18,5.379448260096254e-15,0.10152074790218336
890.8531597728643,0.23018356063305287,7.212680701500573e-07,0.0006627898646673077,0.0006635111327374577,0.0006632781192892237,0.0006632781192892285,4.7704895589362195e-18,7.19229146899689e-15,0.10440602881487246
947.4623859369098,0.23582913289311908,7.389581736383858e-07,0.0006817965298772525,0.0006825354880508909,0.0006823024746026564,0.0006823024746026616,5.204170427930421e-18,7.627365606377239e-15,0.1074000553402784
1007.6688429708654,0.24169278917962128,7.573316319433895e-07,0.0007015358691097967,0.0007022932007417401,0.0007020601872935057,0.0007020601872935108,5.095750210681871e-18,7.258281131602592e-15,0.11050949640231703
1071.7011167574271,0.24778422838123104,7.764188360221616e-07,0.0007220509501575116,0.0007228273689935337,0.0007225943555452979,0.0007225943555453045,6.613633252161577e-18,9.152622355001113e-15,0.11374113625861192
1139.8023186594885,0.2541138198888782,7.962522778153254e-07,0.0007433858065192182,0.0007441820587970336,0.000743949045348799,0.0007439490453488043,5.312590645178972e-18,7.141067897584486e-15,0.1171019112897443
1212.2310085411627,0.26069257665349327,8.16866465824889e-07,0.000765585273430868,0.0007664021398966929,0.0007661691264484584,0.0007661691264484636,5.204170427930421e-18,6.792456454169692e-15,0.12059888417000392
1289.2621764421353,0.2675321925348535,8.38298042144888e-07,0.0007886951353813512,0.000789533433423496,0.0007893004199752619,0.0007893004199752667,4.87890977618477e-18,6.181308982880883e-15,0.12423926710482897
1371.1882866324731,0.2746451282216932,8.605860516875279e-07,0.0008127626156133928,0.0008136232016650803,0.0008133901882168448,0.0008133901882168511,6.288372600415926e-18,7.731065227380682e-15,0.12803049893947574
1458.3203880118501,0.282044685061088,8.837721735236744e-07,0.0008378366241034571,0.0008387203962769808,0.0008384873828287448,0.0008384873828287515,6.7220534694101275e-18,8.016880882252949e-15,0.13198028422207367
1550.9892950690466,0.2897450747169615,9.079009391541154e-07,0.0008639678034288282,0.0008648757043679823,0.0008646426909197457,0.000864642690919753,7.37257477290143e-18,8.526730001104785e-15,0.1360966004288412
1649.5468438854675,0.2977614201524085,9.330197355876207e-07,0.0008912084319415243,0.0008921414516771119,0.0008919084382288762,0.0008919084382288826,6.396792817664476e-18,7.172028588906481e-15,0.1403876827115484
1754.367227951357,0.30610983700978495,9.591790603411691e-07,0.0009196126954919583,0.0009205718745522994,0.0009203388611040619,0.0009203388611040701,8.239936510889834e-18,8.953155037922578e-15,0.14486206670080934
1865.8484188663774,0.31480750977485333,9.864327600962886e-07,0.0009492368405101643,0.0009502232732702606,0.0009499902598220203,0.0009499902598220314,1.1058862159352145e-17,1.1641026889500829e-14,0.1495286126202152
1984.4136773185828,0.3238727423024517,1.0148381890185813e-06,0.0009801391409690378,0.0009811539791580563,0.0009809209657098165,0.000980920965709827,1.0408340855860843e-17,1.0610784374793154e-14,0.1543965000822157
2110.513160078451,0.3333249824926723,1.0444562860792287e-06,0.0010123798669374202,0.0010134243232234994,0.0010131913097752578,0.00101319130977527,1.214306433183765e-17,1.1984966920542411e-14,0.1594752231344413
2244.6256291093036,0.343184840303574,1.07535163149688e-06,0.0010460212811695467,0.0010470966328010435,0.0010468636193527994,0.0010468636193528141,1.474514954580286e-17,1.408507208887297e-14,0.1647745897224556
2387.2602692830656,0.35347411455331457,1.1075925307207206e-06,0.0010811276215883237,0.0010822352141190443,0.0010820022006707976,0.001082002200670815,1.734723475976807e-17,1.6032531864550008e-14,0.17030471893043223
2538.9586216027014,0.36421578018107936,1.141250974513264e-06,0.0011177649752900473,0.0011189062262645605,0.0011186732128163135,0.0011186732128163311,1.7564075194265172e-17,1.5700809667236506e-14,0.1760760211337375
2700.2966392711865,0.37543395160064696,1.1764025241206784e-06,0.0011560011778342628,0.0011571775803583834,0.0011569445669101356,0.001156944566910154,1.8431436932253575e-17,1.5931132276698717e-14,0.18209918213455714
2871.8868744132933,0.38715381283571393,1.2131260923555049e-06,0.0011959056233557378,0.0011971187494480933,0.0011968857359998437,0.0011968857359998639,2.0166160408230382e-17,1.6848860172423908e-14,0.18838513324976908
3054.3808037525196,0.3994015305093003,1.251503670953539e-06,0.0012375490736897246,0.0012388005773606781,0.0012385675639124286,0.0012385675639124487,2.0166160408230382e-17,1.628184121383618e-14,0.1949450212433843
3248.471302073062,0.41220416682920447,1.291620057918336e-06,0.0012810035112553325,0.0012822951313132508,0.0012820621178649962,0.0012820621178650214,2.5153490401663703e-17,1.9619556690085372e-14,0.20179018515198793
3454.895272857822,0.4255895136963532,1.3335623377084557e-06,0.0013263418560995124,0.0013276754184372208,0.0013274424049889617,0.0013274424049889914,2.970713952610282e-17,2.237923047693296e-14,0.20893211171206913
3674.4364460901934,0.43958590089339605,1.3774192802065225e-06,0.001373637672419052,0.0013750150916992585,0.001374782078250997,0.001374782078251029,3.209238430557093e-17,2.3343615554254414e-14,0.21638238912987395
3907.928353842045,0.4542220214312207,1.423280793451724e-06,0.0014229649620112598,0.0014243882428047116,0.0014241552293564465,0.0014241552293564822,3.5778671692021646e-17,2.512273308028969e-14,0.2241526745447071
4156.257494945316,0.46952675011624745,1.4712373551299794e-06,0.001474397973482085,0.001475869210837215,0.0014756361973889511,0.0014756361973889856,3.447762908503904e-17,2.336458616699991e-14,0.23225466397442493
4420.366700762531,0.48552891161971573,1.521379285831258e-06,0.0015280109510443973,0.0015295323303302286,0.0015292993168819632,0.0015292993168819992,3.599551212651875e-17,2.3537257703029606e-14,0.24070005274486367
4701.258714835066,0.5022570632479809,1.573796068371739e-06,0.001583877944351574,0.0015854517404199457,0.0015852187269716747,0.0015852187269717163,4.163336342344337e-17,2.62634819505171e-14,0.2495005055338592
5000.0,0.5197393433567262,1.6285758728077248e-06,0.0016420727610147543,0.0016437013368875621,0.0016434683234392861,0.0016434683234393328,4.662069341687669e-17,2.83672601120247e-14,0.25866764889152366
