time_s,pnm_loading_mol_kg,trial_1_loading_mol_kg,trial_2_loading_mol_kg,trial_4_loading_mol_kg,trial_8_loading_mol_kg
0.0,0.0,0.0,0.0,0.0,0.0
5e-05,3.1007063009982625e-11,2.3524623813223006e-12,1.0850482602784879e-11,7.73545295069687e-12,1.0438461592313681e-11
5.317724787430056e-05,3.5068177606260965e-11,2.660104860752872e-12,1.2272517682083556e-11,8.748811365610592e-12,1.180644694214178e-11
5.655639382969606e-05,3.966086259688313e-11,3.0080700599734622e-12,1.388100103964473e-11,9.895027672304935e-12,1.3353792964646399e-11
6.0150267471166206e-05,4.485462819055625e-11,3.401644281443271e-12,1.570030234295436e-11,1.1191521868562106e-11,1.5104017551383006e-11
6.397251366039366e-05,5.0728061193286105e-11,3.846806937421696e-12,1.7757025585333516e-11,1.2657998112080466e-11,1.7083254970945015e-11
6.803764432121665e-05,5.7370005368544326e-11,4.350319759945502e-12,2.0083207504015917e-11,1.4316744231960136e-11,1.9321138857676718e-11
7.236109353705672e-05,6.488089844979542e-11,4.9198338427467604e-12,2.2714166705210695e-11,1.6192970514140737e-11,2.185221910860269e-11
7.695927614951026e-05,7.337428063941548e-11,5.56400238298615e-12,2.568985209973876e-11,1.8315192910678852e-11,2.4714925889059636e-11
8.184965008058509e-05,8.297849830384162e-11,6.292613090636631e-12,2.9055450004726114e-11,2.0715666498045175e-11,2.7952727610381248e-11
8.705078261520076e-05,9.383862996989164e-11,7.116537437628339e-12,3.286207084942007e-11,2.343009646955494e-11,3.16147915195829e-11
9.258242089560768e-05,1.0611865980023324e-10,8.047391498243465e-12,3.7166722289326505e-11,2.6499272859512672e-11,3.575673090665037e-11
9.846556689537109e-05,1.20003933833862e-10,9.100267839935392e-12,4.203404730802943e-11,2.9970538169356656e-11,4.0439866207701644e-11
0.0001047225571575,1.3570393144044044e-10,1.029116453022529e-11,4.7538672152838557e-11,3.389659422926489e-11,4.573574103251533e-11
0.0001113771475999,1.534553971140724e-10,1.1638177273293381e-11,5.376410472679869e-11,3.833705207210868e-11,5.172504034232949e-11
0.0001184546037091,1.7352587342930396e-10,1.3161774458631043e-11,6.08047993423725e-11,4.3359337828456117e-11,5.849862708860697e-11
0.0001259817964658,1.9621769104518388e-10,1.4885108275692567e-11,6.876613077011001e-11,4.9039717403978375e-11,6.615912755973362e-11
0.0001339873043662,2.2187247074815927e-10,1.6834366623733946e-11,7.776852372283125e-11,5.546195414093464e-11,7.482072201435954e-11
0.0001425015219259,2.5087620449833074e-10,1.9039171166050885e-11,8.794832867095937e-11,6.272454299703947e-11,8.461525720633287e-11
0.0001515567750783,2.8366498854103763e-10,2.1533027579352533e-11,9.945943332966865e-11,7.093799523911467e-11,9.569070668299832e-11
0.0001611874439074,3.2073149094864656e-10,2.4353834842958244e-11,1.1247653847569689e-10,8.022690250450628e-11,1.0821480585324208e-10
0.0001714300931778,3.6263224722051046e-10,2.754446130863938e-11,1.2719525889014563e-10,9.073181275664199e-11,1.2237683433415436e-10
0.0001823236111606,4.099958878995425e-10,3.115339630874778e-11,1.4383763413261138e-10,1.0260932551703242e-10,1.3838997065801915e-10
0.0001939093572805,4.6353241574021586e-10,3.5235487207234346e-11,1.6265459713757685e-10,1.1604017565166587e-10,1.5649572610536345e-10
0.000206231319145,5.240436642270089e-10,3.9852773097520027e-11,1.8392971776955545e-10,1.3122719372275505e-10,1.769670319595931e-10
0.0002193362795524,5.924350855020428e-10,4.50754278204429e-11,2.0798342808923245e-10,1.4840023893532413e-10,2.0011230895755693e-10
0.0002332739941117,6.697290337046292e-10,5.098282663673996e-11,2.3517779063194e-10,1.6781854206082168e-10,2.262800600834543e-10
0.0002480973801501,7.570797297292742e-10,5.76638000171067e-11,2.6592187866421105e-10,1.8977448318493155e-10,2.5586405324741615e-10
0.0002638627176241,8.557901162453895e-10,6.521566901373905e-11,3.006778459677765e-10,2.145990383267614e-10,2.893091686874192e-10
0.0002806298627977,9.673308368061074e-10,7.375662575840279e-11,3.399677733256824e-10,2.426662209708262e-10,3.2711799524072684e-10
0.0002984624754985,1.0933616007200212e-09,8.341629270183248e-11,3.8438138965544035e-10,2.7439865174559794e-10,3.698582700497504e-10
0.0003174282608152,1.2357552258427132e-09,9.434128467580207e-11,4.3458477778813197e-10,3.1027384346848747e-10,4.1817126793263637e-10
0.0003375992261536,1.3966246878776271e-09,1.0669743676708169e-10,4.913301883606068e-10,3.508312923205496e-10,4.727812596888829e-10
0.0003590519546268,1.5783535388294715e-09,1.206723243083878e-10,5.55467100332031e-10,3.9668047719882775e-10,5.345061731832565e-10
0.0003818678958189,1.7836301082032672e-09,1.3647256613680866e-10,6.279546834246862e-10,4.485098819365316e-10,6.042696073229229e-10
0.0004061336750239,2.015485934406604e-09,1.5433707698003516e-10,7.098776025463516e-10,5.070971692193249e-10,6.831152356174558e-10
0.000431941422137,2.2773389405135863e-09,1.7453943992061849e-10,8.024616358235807e-10,5.733206508565521e-10,7.722264514466953e-10
0.0004593891214431,2.57304191312622e-09,1.9738591494108792e-10,9.070844691520226e-10,6.481722167255016e-10,8.729281474554984e-10
0.0004885809836348,2.906936924981676e-09,2.2322290233467633e-10,1.0253041174996517e-09,7.327719044565603e-10,9.867209417936174e-10
0.0005196278414683,3.2839163682313606e-09,2.524326581680962e-10,1.1588787121007042e-09,8.283886708869932e-10,1.1152983220532677e-09
0.000552647570563,3.7094914247490076e-09,2.854594121278715e-10,1.3097918921537037e-09,9.364497116762831e-10,1.2605711432706521e-09
0.0005877655369391,4.189868763033273e-09,3.22801410056358e-10,1.4802813536962934e-09,1.058565787004984e-09,1.4246951773877366e-09
0.0006251150729957,4.732036474926711e-09,3.6502189418356437e-10,1.6728793045360756e-09,1.1965565626316712e-09,1.6101020816556252e-09
0.0006648379837331,5.3438602732760955e-09,4.1275762299309026e-10,1.8904319869390322e-09,1.3524755723109174e-09,1.8195388497947022e-09
0.0007070850851445,6.034191087181695e-09,4.667260677399021e-10,2.13614878909988e-09,1.5286399218174784e-09,2.056106105728281e-09
0.000752016776819,6.812985381134026e-09,5.277390064242027e-10,2.413649593761235e-09,1.7276636925717567e-09,2.323287749062743e-09
0.0007998036509307,7.691439607483434e-09,5.967135417806392e-10,2.7270154942929627e-09,1.9525003408036906e-09,2.6250164648540167e-09
0.0008506271399262,8.68214022629058e-09,6.746856842320417e-10,3.0808577229208486e-09,2.206484561212683e-09,2.965725816787685e-09
0.0009046802053693,9.79923110201835e-09,7.628256696324367e-10,3.4803520609131143e-09,2.4933621002271074e-09,3.350422745241171e-09
0.0009621680705579,1.1058600180991449e-08,8.624552298746856e-10,3.9313352551399265e-09,2.8173631637416658e-09,3.7847297950288765e-09
0.0010233089996959,1.2478087176229508e-08,9.750670611276945e-10,4.4403854933651976e-09,3.1832558282804853e-09,4.2749854675517756e-09
0.0010883351265767,1.4077714848897864e-08,1.1023467642620502e-09,5.0149127616489795e-09,3.5964179419969106e-09,4.828338009582524e-09
0.0011574933359255,1.5879946070504342e-08,1.2462004678258723e-09,5.6632488009707435e-09,4.0629185524210685e-09,5.452824079732259e-09
0.0012310462007473,1.790996920467342e-08,1.4087756117655761e-09,6.394772101908002e-09,4.589577663333792e-09,6.157485214092805e-09
0.0013092729792371,2.0196014731220057e-08,1.592498096281267e-09,7.220033265849854e-09,5.18408432318946e-09,6.952510496082169e-09
0.0013924706750403,2.276970611577937e-08,1.800106173446736e-09,8.150899320370552e-09,5.855095233723098e-09,7.849346695842274e-09
0.0014809551648862,2.5666448130026956e-08,2.0346900961034724e-09,9.200711285687841e-09,6.612355610805152e-09,8.860868726636326e-09
0.0015750623978776,2.8925856134695772e-08,2.299737160884162e-09,1.038446128425191e-08,7.466836483225514e-09,1.0001548900239283e-08
0.0016751496709886,3.2592229985244017e-08,2.599189286709421e-09,1.1718994055998429e-08,8.43088032262716e-09,1.1287649542768211e-08
0.0017815969856142,3.671507653312487e-08,2.9374815999851457e-09,1.3223227429510909e-08,9.518370125053458e-09,1.2737437197225948e-08
0.0018948084903223,4.1349684939713024e-08,3.3196209017451795e-09,1.4918394518491666e-08,1.0744910425854332e-08,1.437142158555219e-08
0.002015214015284,4.655775886422655e-08,3.751253039197894e-09,1.682832474828624e-08,1.2128048266742303e-08,1.6212623034855548e-08
0.0021432707042104,5.240811082509133e-08,4.23875016369219e-09,1.8979745983141057e-08,1.3687499059126767e-08,1.8286868158525698e-08
0.0022794647499905,5.8977422545236936e-08,4.7892917853356696e-09,2.14026184524603e-08,1.5445404680607573e-08,2.0623112711441655e-08
0.0024243132406195,6.635107718736346e-08,5.4109678784672935e-09,2.4130521553825077e-08,1.742661960692765e-08,2.3253820543706832e-08
0.0025783661224274,7.46240680964225e-08,6.112895755660191e-09,2.7201058968146206e-08,1.9659047895147733e-08,2.621535576465794e-08
0.0027422082880605,8.390198914476659e-08,6.905345816266861e-09,3.065632962977068e-08,2.2173986164860742e-08,2.9548435652402822e-08
0.002916461797143,9.43021122116274e-08,7.79988906372053e-09,3.454343709881748e-08,2.5006522311733013e-08,3.329863528650254e-08
0.0031017882380521,1.0595455754271892e-07,8.809553745035101e-09,3.891505190704734e-08,2.819599004478155e-08,3.7516923492870085e-08
0.0032988912397697,1.1900355984009187e-07,9.94900655775506e-09,4.3830039748229835e-08,3.1786440056599045e-08,4.2260286509684203e-08
0.0035085191433519,1.3360884010949237e-07,1.1234750485069786e-08,4.9354149968837924e-08,3.582720068949632e-08,4.75923920499734e-08
0.003731467843155,1.4994708168510337e-07,1.2685352775402434e-08,5.5560774608950016e-08,4.037345815188598e-08,5.35843250280039e-08
0.0039685838086087,1.682135218141875e-07,1.4321700638554977e-08,6.25317882803391e-08,4.548694414496298e-08,6.031541516372299e-08
0.0042207672980064,1.8862366005553322e-07,1.616727678779571e-08,7.035846545067204e-08,5.123666283042812e-08,6.787412357309301e-08
0.0044889757765166,2.1141508618821221e-07,1.8248465622673267e-08,7.91424958795114e-08,5.769966337598122e-08,7.635903515404727e-08
0.0047742275513911,2.368494338800121e-07,2.0594917772566876e-08,8.899709307158648e-08,6.496200826126461e-08,8.587994740461073e-08
0.0050776056381728,2.65214463361873e-07,2.3239932220968145e-08,1.0004821357264254e-07,7.311966666666712e-08,9.6559049792713e-08
0.0054002618725812,2.968262685066675e-07,2.622088243475629e-08,1.1243589242379943e-07,8.227966160392023e-08,1.0853223804797499e-07
0.0057434212836877,3.320316215637003e-07,2.9579709160265275e-08,1.2631570746233975e-07,9.256120866825826e-08,1.2195053347333917e-07
0.0061083867449839,3.7121045229935473e-07,3.336345059454592e-08,1.4186036717552273e-07,1.0409704845106328e-07,1.369816466135728e-07
0.006496543921002,4.1477845830669033e-07,3.762483334620789e-08,1.5926146031347404e-07,1.1703483173892665e-07,1.5381168384476329e-07
0.0069093665282681,4.631898487761657e-07,4.2422936514983824e-08,1.7873136851167233e-07,1.3153871586082878e-07,1.7264701026858402e-07
0.0073484219305622,5.169402244565119e-07,4.782390480995644e-08,2.005053145656615e-07,1.47791052721881e-07,1.9371627228941336e-07
0.007815377089729,5.765695757206378e-07,5.3901789333886985e-08,2.2484366242332337e-07,1.6599422713155136e-07,2.1727260735046366e-07
0.008312004894633,6.426654175858352e-07,6.073941709833425e-08,2.5203434675578627e-07,1.8637270781744187e-07,2.435960622970942e-07
0.008840190892286,7.158660502833112e-07,6.842935064648573e-08,2.8239556366632947e-07,2.0917521822149453e-07,2.729961950179892e-07
0.0094019404467045,7.968639498591306e-07,7.707498993085388e-08,3.162786928824671e-07,2.3467717976230114e-07,3.058149222451036e-07
0.0099993863526764,8.864092776446716e-07,8.67918206681969e-08,3.5407142718040074e-07,2.631832689616645e-07,3.424296378197682e-07
0.0106347969333434,9.853135105676504e-07,9.770860898240097e-08,3.96201227281298e-07,2.95030283663228e-07,3.8325650725564644e-07
0.0113105846523451,1.0944531714730109e-06,1.099688894330976e-07,4.4313901648350913e-07,3.305901919743993e-07,4.287541513157367e-07
0.0120293152732203,1.2147736701167391e-06,1.2373262195237273e-07,4.954032041106193e-07,3.7027343950120313e-07,4.79427548563319e-07
0.0127937176008429,1.3472932868497286e-06,1.3917767722182787e-07,5.535639852184968e-07,4.145325599316137e-07,5.358323243806315e-07
0.0136066938418765,1.4931073072668373e-06,1.5650201423985615e-07,6.182481293401136e-07,4.6386603839810677e-07,5.985792366237519e-07
0.0144713306235837,1.6533922776095158e-06,1.759254321305274e-07,6.90144007947083e-07,5.188224591593663e-07,6.683392401301569e-07
0.0153909107128253,1.8294104291860343e-06,1.976919588030839e-07,7.700070771349509e-07,5.800050215673668e-07,7.458488002575424e-07
0.0163689254797428,2.0225141484968286e-06,2.2207223566378236e-07,8.586657693255362e-07,6.480764456337783e-07,8.319156299133596e-07
0.0174090881534448,2.234150683040277e-06,2.493660410555978e-07,9.57027887137772e-07,7.23764059634595e-07,9.274249251671189e-07
0.0185153479200257,2.4658671192432296e-06,2.7990516193562205e-07,1.0660872596346364e-06,8.078655332943245e-07,1.033346009898396e-06
0.0196919049164424,2.7193157046410347e-06,3.140563840969693e-07,1.1869311288998805e-06,9.012548103932602e-07,1.1507394913944478e-06
0.0209432261771763,2.996259424196501e-06,3.5222475685029805e-07,1.3207479076215049e-06,1.004888519879356e-06,1.280764765359038e-06
0.0222740625942249,3.2985779438025546e-06,3.948570848986684e-07,1.468835544251393e-06,1.1198128910136128e-06,1.4246882204516862e-06
0.0236894669548157,3.6282736857654334e-06,4.4244565161550443e-07,1.6326104087740313e-06,1.247170844507617e-06,1.5838918730845574e-06
0.0251948131253257,3.987478559094629e-06,4.955321820737261e-07,1.813616752364882e-06,1.3882098791360473e-06,1.7598825700597471e-06
0.0267958164542425,4.378461537360436e-06,5.547121040002965e-07,2.0135367996905526e-06,1.5442903329644009e-06,1.954301926713331e-06
0.0284985554716303,4.803636962491898e-06,6.206389866576452e-07,2.234200941655823e-06,1.7168940796281849e-06,2.1689365906479587e-06
0.0303094949674878,5.265573332988651e-06,6.940293222878709e-07,2.477599093967123e-06,1.9076337549033615e-06,2.4057292552778315e-06
0.0322355105366193,5.7670031615067e-06,7.75667506191046e-07,2.745892488327436e-06,2.1182624258859156e-06,2.666789746917573e-06
0.0342839146832086,6.310832875519085e-06,8.664109519302953e-07,3.041426062362287e-06,2.350683824401749e-06,2.9544072333342522e-06
0.0364624845842072,6.9001547753518e-06,9.671957309958005e-07,3.3667413326522373e-06,2.6069626032134758e-06,3.271062884985008e-06
0.038779491616945,7.538260478225741e-06,1.0790421626452413e-06,3.724589883150808e-06,2.8893353581598454e-06,3.619443086900394e-06
0.0412437327630729,8.228655088866697e-06,1.2030606676727975e-06,4.117946977094343e-06,3.2002223771680124e-06,4.0024530244382795e-06
0.0438645640080667,8.975072533635483e-06,1.3404581261037597e-06,4.5500260468665404e-06,3.542239424010952e-06,4.423230873505062e-06
0.0466519358631018,9.781491178436892e-06,1.4925439189980303e-06,5.024293779062275e-06,3.918209833620121e-06,4.885161854437428e-06
0.0496164311441627,1.065215221481333e-05,1.6607363630777251e-06,5.544485599332825e-06,4.3311769843562854e-06,5.391893278749329e-06
0.0527693051518261,1.1591579306760588e-05,1.8465693107111838e-06,6.114621248565202e-06,4.784416454291929e-06,5.9473500378604744e-06
0.0561225284042652,1.2604599521492248e-05,2.0516984802795414e-06,6.739020753087301e-06,5.281448812453904e-06,6.555750268319987e-06
0.0596888320857217,1.3696364636136171e-05,2.277908151791471e-06,7.422320008139572e-06,5.826052626567969e-06,7.221620912456688e-06
0.0634817563829987,1.4872372579177213e-05,2.5271171276248485e-06,8.169487173553253e-06,6.422277504815587e-06,7.949813347864773e-06
0.0675157018934936,1.6138491081923987e-05,2.8013857218246066e-06,8.985839224099788e-06,7.074456699538409e-06,8.745518721429303e-06
0.0718059842999539,1.750098320556712e-05,3.102921729778315e-06,9.87705796799805e-06,7.787219748538417e-06,9.614283786522991e-06
0.0763688925195356,1.896653224284734e-05,3.4340862712782835e-06,1.0849205742586512e-05,8.565503887339567e-06,1.0562026584787553e-05
0.0812217505479433,2.0542266455505573e-05,3.7973994297019495e-06,1.1908740241407708e-05,9.414566284368391e-06,1.1595051289423333e-05
0.0863829832334518,2.2235782586134564e-05,4.1955451986055216e-06,1.3062529082043537e-05,1.0339995723503965e-05,1.2720062377549534e-05
0.0918721862305363,2.40551733598718e-05,4.631376102966051e-06,1.4317864571930733e-05,1.1347723669822199e-05,1.3944177615451893e-05
0.0977102003987026,2.600905471272992e-05,5.107916917997326e-06,1.568247697987343e-05,1.2444034417264857e-05,1.527494137432232e-05
0.1039191909289878,2.8106590148616354e-05,5.628368760872598e-06,1.716454687578382e-05,1.3635574028908551e-05,1.6720337278459233e-05
0.110522731498551,3.035751547581293e-05,6.196112442851439e-06,1.877271553675739e-05,1.4929359105436651e-05,1.8288799266001814e-05
0.1175458937728643,3.277216565715785e-05,6.814710440000311e-06,2.0516096069020284e-05,1.633278592538576e-05,1.998922139001654e-05
0.1250153425953162,3.536150161935062e-05,7.4879091991262316e-06,2.2404284141792636e-05,1.7853638065706774e-05,2.1830967028440413e-05
0.1329594372256346,3.81371374613453e-05,8.219638876991443e-06,2.444736684661828e-05,1.9500094058951464e-05,2.3823878850421595e-05
0.1414083390115016,4.111136645796216e-05,9.014015103698534e-06,2.6655931401047168e-05,2.128073382597978e-05,2.5978287747461086e-05
0.1503941259021549,4.429718829153287e-05,9.87534047521222e-06,2.904107434171014e-05,2.320454618474907e-05,2.830502248532022e-05
0.1599509142387531,4.7708341440875e-05,1.080810610870639e-05,3.1614412361648814e-05,2.528093795459292e-05,3.0815418052435736e-05
0.1701149882839033,5.135933413898573e-05,1.1816993030142148e-05,3.438809534916187e-05,2.751974440854833e-05,3.352132829458895e-05
0.1809249379821373,5.52654786353168e-05,1.2906875291024103e-05,3.737481970230087e-05,2.9931240652979087e-05,3.6435141308071865e-05
0.1924218054743714,5.944292715977692e-05,1.4082821960856583e-05,4.058784650850643e-05,3.252615484804658e-05,3.956979694611735e-05
0.2046492409226218,6.390871532335712e-05,1.5350104044968208e-05,4.404102542482754e-05,3.531568875815053e-05,4.293880857824815e-05
0.2176536682365943,6.868080935436765e-05,1.671420434687542e-05,4.774882547267898e-05,3.831154217027049e-05,4.655629163140698e-05
0.2314844613313631,7.377815739052829e-05,1.8180830040913988e-05,5.1726370450807575e-05,4.152594308392312e-05,5.0437001956537056e-05
0.2461941315853368,7.922074820250217e-05,1.975592800670292e-05,5.598948467130543e-05,4.4971682957607155e-05,5.459637986358495e-05
0.2618385272102325,8.50296785003325e-05,2.14457033926151e-05,6.055474944281503e-05,4.8662162021984705e-05,5.9050603189758374e-05
0.2784770452900065,9.1227229479266e-05,2.325664400731687e-05,6.543957180836389e-05,5.261144665362625e-05,6.381665289198574e-05
0.2961728572937903,9.783695067077966e-05,2.519555288308434e-05,7.066226072710307e-05,5.683433186520913e-05,6.891239213014982e-05
0.3149931489190346,0.0001048837531145,2.7269583812466787e-05,7.624211761154139e-05,6.134641398516355e-05,7.435665424357523e-05
0.3350093751754794,0.0001123940155235,2.9486281754222623e-05,8.219954100597326e-05,6.616417256979847e-05,8.016933957380566e-05
0.3562975316784205,0.0001203956997521,3.185362630696393e-05,8.85561409450452e-05,7.130506787479936e-05,8.637153029110506e-05
0.3789384431812964,0.0001289184759727,3.4380082439739415e-05,9.533486124357509e-05,7.678763988835103e-05,9.298561191688377e-05
0.4030180704430672,0.0001379938556405,3.7074655311760007e-05,0.0001025601123565279,8.263161491500053e-05,0.0001000354026096416
0.4286278365954661,0.0001476553388873,3.9946949050930264e-05,0.00011025791566926196,8.885801992075306e-05,0.00010754628852257819
0.455864974249246,0.0001579385677394,4.300722541237921e-05,0.00011845604719370702,9.548930454653876e-05,0.0001155453679812965
0.4848328946572759,0.0001688814849632,4.626645777822813e-05,0.0001271841830210581,0.00010254946021425669,0.000124061598308525
0.5156415803360923,0.0001805245015217,4.973639500136682e-05,0.00013647405391861708,0.00011006413785432306,0.00013312593891621086
0.5484080026365689,0.0001929106717211,5.34296254591339e-05,0.000146359596151766,0.00011806077536901998,0.00014277149785388456
0.583256565849098,0.0002060858721012,5.7359632080276524e-05,0.00015687709841666998,0.0001265687192388457,0.0001530336831871863
0.6203195795294159,0.0002200989828651,6.154084880062553e-05,0.00016806534988138923,0.00013561934226868276,0.00016395034526856602
0.6597377608383529,0.0002350020781825,6.598871666988084e-05,0.0001799657959950223,0.00014524616435402922,0.0001755619200218535
0.7016607688027423,0.0002508506233904,7.071974574748709e-05,0.0001926226851070058,0.00015548497831377507,0.00018791158102700442
0.7462477725259145,0.0002677036747126,7.575157178529901e-05,0.00020608322134910633,0.00016637397390345334,0.0002010453890398278
0.7936680555051042,0.0002856240878972,8.11030116695942e-05,0.0002203977281651149,0.0001779538630171744,0.00021501244612114563
0.8441016583501812,0.0003046787411467,8.679412687971933e-05,0.00023561981676351127,0.0001902680208003166,0.00022986506326610318
0.8977400623439151,0.000324938766819,9.284629250597064e-05,0.0002518065633874684,0.0002033626298114484,0.0002456589295512508
0.9547869164390482,0.0003464797931474,9.928226778894705e-05,0.0002690186978045427,0.00021728683129523563,0.00026245330385080953
1.0154588104523672,0.0003693822047168,0.00010612626949863853,0.0002873208174883758,0.00023209289461933322,0.0002803112173449104
1.0799860973913584,0.0003937314216833,0.00011340405672661803,0.00030678160550622426,0.0002478363991153992,0.00029929968667157745
1.1486137680355757,0.0004196181909904,0.00012114302239137611,0.0003274740664877237,0.0002645764248211004,0.0003194899474764906
1.2216023810932433,0.000447138898232,0.0001293722890492608,0.00034947578772527165,0.00028237575978267516,0.00034095770655806647
1.2992290524646235,0.000476395902709,0.00013812281145964648,0.00037286921345545975,0.00030130112432544785,0.00036378340845235577
1.3817885073680785,0.0005074978893864,0.0001474274894481138,0.00039774193452250627,0.00032142340813735273,0.0003880525214068249
1.469594199323442,0.000540560242087,0.0001573212865200232,0.00042418700223426233,0.0003428179218332266,0.00041385584219638194
1.5629795002411386,0.0005757054395068,0.0001678413564184378,0.0004523032605253294,0.00036556466607524566,0.00044128981888717984
1.662298966135469,0.0006130634747672,0.0001790271776188975,0.00048219569523029145,0.0003897486167370323,0.00047045689330214456
1.7679296832675877,0.000652772296007,0.00019092069624905062,0.0005139758057321038,0.00041546002566459505,0.0005014658641254659
1.880272699829084,0.0006949782715385,0.00020356647670358036,0.000547761999315612,0.00044279473969641576,0.0005344322707534484
1.9997545486018304,0.0007398366799087,0.00021701186185964886,0.0005836800072322579,0.0004718545382456194,0.0005694787987268536
2.126828866375192,0.0007875122262805,0.0002313071433980648,0.0006218633226019518,0.0005027474897304445,0.0006067357083768936
2.261978116269024,0.0008381795846792,0.00024650574131174116,0.0006624536646126861,0.0005355883277938519,0.0006463412878661015
2.405715419501627,0.0008920239666711,0.0002626643934572806,0.0007056014685186319,0.0005704988486763605,0.0006884423309923279
2.5585865035572994,0.0009492417188746,0.00027984335633761853,0.0007514664020847581,0.000607608330759805,0.000733194640904326
2.7211717741501302,0.0010100409493456,0.00029810661766637,0.0008002179095964522,0.0006470539766871014,0.0007807635615527977
2.8940885188506336,0.0010746421836809,0.00031752212091456226,0.0008520357854420581,0.0006889813792067321,0.0008313245375745345
3.0779932507417502,0.0011432790505443,0.0003381620021654858,0.0009071107782118101,0.0007335450119736885,0.0008850637038524599
3.273584201002371,0.0012161989978786,0.00036010284026429093,0.0009656452262076418,0.0007809087461872988,0.0009421785057374088
3.4816039698819448,0.0012936640401972,0.0003834259208883385,0.0010278537254516103,0.0008312463938653666,0.0010028783511526968
3.702842346131221,0.0013759515370627,0.0004082175149485931,0.0010939638315425276,0.0008847422788160599,0.0010673852958489687
3.938139305593531,0.0014633550027133,0.00043456917374593706,0.0011642168079984624,0.0009415918360183847,0.0011359347623739252
4.188388200341461,0.0015561849457637,0.00046257803954027,0.0012388685595878704,0.001002002240725753,0.0012087762943094856
4.45453915046707,0.00165476973981,0.0004923472441895288,0.0013181901201042947,0.0010661930673742438,0.0012861743579206844
4.737602651403273,0.0017594565516147,0.0005239860118987851,0.001402468326755465,0.0011343969940319735,0.0013684091128224778
5.038653410472308,0.0018706121753443,0.0005576102434529194,0.001492007155771898,0.0012068607388207734,0.0014557779123726992
5.358834427227516,0.0019886259716425,0.0005933428242081941,0.0015871291279964848,0.0012838452962151505,0.0015485945273072566
5.699361333080262,0.0021139058645981,0.000631314131364225,0.00168817522038576,0.0013656267390264288,0.0016471914762046225
6.061527006688263,0.0022468824080452,0.0006716623437152302,0.0017955057052070932,0.0014524974155277802,0.0017519211104470587
6.446706482628578,0.0023880100341178,0.0007145336587899221,0.0019095024954954034,0.0015447678847434355,0.001863156617925047
6.856362171992004,0.0025377726434722,0.0007600830540477017,0.002030569987342674,0.0016427648336040353,0.001981291137495107
7.292049414719931,0.0026966742915847,0.000808474920448073,0.002159134764279775,0.0017468341325732335,0.002106741398910933
7.755422384764201,0.002865244686814,0.0008598830947058849,0.0022956480212769155,0.0018573427835673667,0.0022399485780359722
8.248240370490102,0.0030440455138287,0.0009144915918217399,0.002440586444253073,0.0019746772471214784,0.002381377467932481
8.772374454167297,0.0032336686824247,0.0009724951738839869,0.0025944534059107955,0.00209924596494004,0.0025315193142727995
9.32981461590873,0.003434731270333,0.0010340998720687379,0.002757780209020887,0.002231480185673582,0.0026908926852724775
9.922677289029014,0.003647882809571,0.0010995235624519626,0.002931127468233801,0.0023718349944381934,0.002860044652246132
10.553213395507772,0.0038738048436338,0.001168996560277461,0.003115086323609646,0.002520790337236534,0.0030395520639186426
11.223816892066118,0.0041132115167411,0.0012427622392383085,0.00331027961609316,0.002678852176780219,0.003230023060678135
11.937033859303233,0.0043668503772569,0.0013210777206063412,0.003517363400902932,0.002846553654786968,0.003432097932298628
12.695572168401734,0.0046355034432062,0.0014042143639543688,0.003737028208413857,0.003024455867331823,0.0036464506635564566
13.502311762103409,0.004919987856134,0.0014924585521227313,0.003970000380889722,0.0032131492543599777,0.003873790210320999
14.360315588989138,0.0052211554320502,0.0015861123372043406,0.004217043303140163,0.0034132545975942134,0.004114861765756583
15.272841232577155,0.0055398940328909,0.001685494118913124,0.004478958604069885,0.003625424114312046,0.004370448019365267
16.243353279391872,0.0058771267123448,0.0017909393022621483,0.004756587703317368,0.0038503424203488127,0.004641370071717301
17.27553647296109,0.0062338132239749,0.0019028009987036882,0.005050811820710392,0.004088727433108729,0.004928489098009427
18.37330970368344,0.0066109488125347,0.002021450697420295,0.005362555343864322,0.004341331647082911,0.005232706519679544
19.54084088768132,0.0070095615802454,0.002147278967165519,0.005692785092968017,0.004608941826080354,0.005554966033613575
20.782562791129937,0.00743071644417,0.0022806959721425562,0.006042511706894571,0.004892382087674857,0.0058962544989337555
22.10318986014265,0.0078755076466743,0.0024221323737573393,0.006412789840096303,0.005192512777348357,0.006257602087845978
23.507736120110646,0.0083450625347838,0.0025720397357037,0.006804718136535157,0.005510231552560908,0.0066400828110008345
25.001534212455446,0.0088405405140736,0.0027308911230270977,0.007219443144537879,0.005846472727553913,0.007044813197789336
26.590255641070986,0.00936312669939,0.0028991816208885457,0.007658156377772567,0.006202208410259615,0.007472957630917801
28.27993230532501,0.0099140212545071,0.003077428582286506,0.00812209281723965,0.006578450147199075,0.007925724184723334
30.07697940137416,0.0104944581417897,0.0032661723651652,0.008612533876290887,0.0069762466767936205,0.008404362803587024
31.98821977874212,0.0111056829006047,0.003465976456715355,0.00913080706880461,0.007396680247935312,0.008910168288575809
34.02090984463546,0.0117489425257334,0.0036774275867138694,0.00967828056122322,0.007840874125608735,0.009444479786494734
36.182767114348245,0.0124255069038979,0.0039011354745156685,0.010256364749009976,0.008309985637678236,0.010008673919498445
38.48199951235575,0.0131366336116839,0.0041377333831146374,0.010866511117419108,0.00880520251536691,0.010604167678859777
40.9273365353451,0.0138835746992244,0.00438787751058192,0.011510208700664246,0.009327747457751789,0.011232415578685156
43.52806239549928,0.0146675720125317,0.004652246255057086,0.012188979887142085,0.009878872113869874,0.011894905866358768
46.29405126986972,0.015489843355735,0.004931539867349864,0.012904378299954637,0.010459854478297687,0.012593156113678457
49.23580478966881,0.0163515738449472,0.005226479592155133,0.013657984135675207,0.011071995500526052,0.013328710413261695
52.364491911817865,0.0172539078140654,0.005537806196313635,0.014451401611460557,0.011716615713932512,0.014103134576987815
55.69199132413091,0.0181979373266704,0.00586627888743782,0.015286248967145,0.012395051345543206,0.014918012414925496
59.230936545134114,0.019184693775871,0.006212673308970434,0.016164155115740632,0.013108649287899827,0.015774935305243182
62.99476388975128,0.0202151338921055,0.006577779524499964,0.017086754110057212,0.013858759446111611,0.016675498623453924
66.99776348296685,0.0212901316203798,0.006962399096123106,0.01805567635137527,0.014646730689394807,0.017621297460298224
71.25513351514981,0.0224104646619503,0.007367342776300056,0.01907253767495746,0.015473906777300383,0.018613912007186376
75.7830379450302,0.023576804155932,0.007793427522964667,0.020138936635827373,0.016341612317682573,0.019654902192788176
80.59866786940792,0.0247897030572322,0.00824147227732144,0.021256440146977692,0.01725115048963817,0.020745803002827336
85.72030679259859,0.0260495885570271,0.008712292910796752,0.022426574785399108,0.01820379567415514,0.021888105833723203
91.1674000434221,0.0273567500967047,0.009206700334782516,0.023650820171564935,0.019200779159584583,0.023083256720927595
96.96062860329154,0.028711335814387,0.009725493647678241,0.024930593972179328,0.020243288120503408,0.024332643296889018
103.12198762570462,0.0301133437841346,0.01026945436676588,0.026267244044786656,0.021332451101108308,0.02563758356130843
109.674869945253,0.0315626225748792,0.010839343273726411,0.027662039042689168,0.022469331701314627,0.02699931797968309
116.6441548932079,0.0330588689363591,0.011435892175817943,0.029116158297618884,0.023654920803336973,0.028419000084477727
124.0563027568885,0.0346016340109301,0.01205979897371048,0.03063068366002228,0.02489012851601477,0.029897687800093817
131.93945524144672,0.0361903297093478,0.012711722113275824,0.032206592164565416,0.026175777885810225,0.03143633662709292
140.32354231549192,0.0378242412784595,0.013392273655992559,0.033844749303617125,0.027512599203172575,0.03303579293019531
149.24039584621636,0.0395025432876439,0.0141020131303208,0.03554590727580717,0.02890122537375992,0.03469679134084635
158.72387045545966,0.0412243251647173,0.01484144447554843,0.03731070036060024,0.03034219154775529,0.03641995197956596
168.809972055567,0.0429886155525202,0.015611008057578191,0.03913964935628582,0.0318359326032089,0.038205782489213753
179.53699455305272,0.0447944214331558,0.016411078715489545,0.04103316274799098,0.033382788565814135,0.04005468032167823
190.94566523909268,0.0466407519230511,0.01724196405135712,0.04299154618177029,0.034983006818956226,0.04196694282352754
203.07929941884896,0.0485266865938531,0.018103899604963048,0.0450150124685738,0.0366367534121612,0.043942775199509704
215.98396486670865,0.0504513925168013,0.0189970535022582,0.047103695669782036,0.038344122216362575,0.045982303564467246
229.7086567318238,0.0524141909740814,0.01992152460841349,0.04925767794606087,0.04010514813678166,0.04808560423814373
244.30548355801628,0.0544146111996523,0.020877349775277762,0.05147699800336408,0.0419198356838433,0.05025270756426143
259.82986512430983,0.0564524291516347,0.021864508751451267,0.053761698457016706,0.04378816206287138,0.05248365093998664
276.3407428572301,0.0585277325404402,0.022882933563612894,0.05611183467251317,0.04571012799516962,0.054778474316092195
293.90080361374555,0.0606409706576054,0.023932520635850954,0.05852751561876328,0.047685754316743975,0.057137286875525085
312.5767176844855,0.062793025277487,0.02501314204379136,0.06100894466966655,0.049715136276073234,0.05956026945679997
332.4393919208631,0.064985198925816,0.02612466486977264,0.06355643802509942,0.05179845598994886,0.06204772179083304
353.56423894714976,0.0672192734810189,0.02726696701898322,0.06617046997912367,0.05393601521404199,0.06460010092513911
376.0314634796203,0.0694975351921234,0.02843995799685849,0.06885169987763426,0.056128267281469524,0.06721804132340528
399.92636683983534,0.071822763021034,0.029643600418206878,0.07160102052444248,0.05837584002512063,0.06990239769601299
425.3396708182076,0.0741982406246021,0.030877929145234656,0.07441956520321817,0.060679568348924046,0.07265426186547974
452.3678621174646,0.0766277707397997,0.0321430735520314,0.07730873628767763,0.06304050544148482,0.07547500006866058
481.1135586837567,0.0791156441119335,0.03343927326191084,0.08027021494187384,0.06545994019373942,0.07836624836689034
511.6858993162595,0.0816666009845575,0.0347668970029284,0.08330597045837136,0.0679394091201865,0.08132991648970048
544.2009580345026,0.0842857764219778,0.03612645635703424,0.08641825642751223,0.07048068324445243,0.08436819814487746
578.7821847766517,0.0869786573489303,0.03751861642907031,0.08960960226839891,0.07308577441120245,0.0874835678209471
615.5608741019447,0.0897510378182871,0.03894420148091367,0.09288283020304147,0.07575693032630375,0.09067877054139604
654.6766636768047,0.0926089945410335,0.04040419568817177,0.09624101995004411,0.07849662139083956,0.09395680058754546
696.2780644372309,0.0955588436580742,0.0418997392779591,0.09968747543243926,0.08130751578300849,0.09732087428556799
740.5230244403368,0.0986070679903636,0.043432120254124,0.10322569559927594,0.08419246041284154,0.10077441102422165
787.5795285458105,0.1017602654131683,0.045002769440957116,0.10685935809943857,0.0871544597853491,0.10432100364675016
837.6262362041068,0.1050251361809616,0.046613255756454856,0.11059229207227805,0.09019664515122659,0.10796440336479135
890.8531597728643,0.1084084810096153,0.04826525414824733,0.11442848466801886,0.09332227559796694,0.1117085055404207
947.4623859369098,0.1119172384864082,0.049960527320088904,0.11837204017386072,0.09653471760373859,0.11555730970317814
1007.6688429708654,0.1155584634807005,0.05170091289008212,0.1224271405846293,0.09983741070930666,0.1195148964628622
1071.7011167574271,0.1193392820872748,0.053488313351030936,0.12659804533876853,0.10323385617528849,0.12358542595113117
1139.8023186594885,0.1232669182879281,0.055324696294375385,0.13088909610392158,0.10672761167745179,0.1277731497805047
1212.2310085411627,0.1273487635663355,0.0572120758630068,0.1353047303633015,0.11032231439780682,0.13208241384191968
1289.2621764421351,0.1315924340819877,0.05915248906430989,0.13984947434582257,0.11402167633605907,0.1365176208937088
1371.1882866324731,0.1360057513947002,0.06114799564972853,0.14452791420057326,0.11782945591162458,0.14108324543266504
1458.32038801185,0.1405967502553662,0.06320068581459207,0.1493447225641796,0.12174947476450015,0.14578385247143608
1550.9892950690466,0.1453737184954693,0.06531269510483301,0.15430467779759652,0.12578563561634096,0.1506241177603614
1649.5468438854675,0.1503452351453619,0.06748619008065859,0.1594126825534686,0.12994193575596752,0.15560882263763046
1754.367227951357,0.1555201844850025,0.06972336562927194,0.1646737406121844,0.13422246789014358,0.16074284564607885
1865.8484188663767,0.1609077362097577,0.07202645084488477,0.1700929710009863,0.13863140663520324,0.16603118310899304
1984.4136773185828,0.1665173417578803,0.07439772505389732,0.17567563202462824,0.14317303292898634,0.17147897285051317
2110.513160078451,0.1723587423930243,0.07683952600020759,0.18142712679537637,0.147851750626338,0.1770914903946905
2244.625629109304,0.1784419488687395,0.0793542453162494,0.18735300710210143,0.15267208102013052,0.1828741466879017
2387.2602692830656,0.1847772054610418,0.08194432480199584,0.19345896929195042,0.15763866570095822,0.18883250284017453
2538.958621602701,0.1913749570132037,0.08461227200298559,0.19975087542140296,0.16275627448000102,0.19497228189740862
2700.2966392711865,0.198245802511091,0.08736066660741588,0.2062347600887396,0.16802981856995364,0.20129937343999152
2871.8868744132933,0.2054004533046867,0.09019215434327679,0.21291683348206583,0.1734643518168956,0.2078198355350158
3054.38080375252,0.2128496767423696,0.09310945675113932,0.21980348252671522,0.1790650739755429,0.21453990032786494
3248.471302073062,0.2206042389840577,0.09611537203815976,0.22690128393097342,0.18483733488041068,0.221465988539977
3454.895272857822,0.2286748467920523,0.09921278040004898,0.23421701656233407,0.19078664660590505,0.22860471460006832
3674.4364460901934,0.2370721071251402,0.1024046479757123,0.24175765731927346,0.19691868812608862,0.23596288504850516
3907.928353842045,0.2458064838580912,0.10569402401335043,0.24953039125817766,0.20323930368024906,0.243547511677932
4156.257494945316,0.2548882603732215,0.10908404666797832,0.25754262362701114,0.20975451427946892,0.25136582350714
4420.366700762531,0.2643275243111099,0.11257795325410308,0.2658019859256687,0.21647052777630432,0.25942526444163044
4701.258714835066,0.2741341773578954,0.1161790747189737,0.2743163370423975,0.22339373703527543,0.26773350357404313
5000.0,0.2843179552259188,0.11989084127773628,0.2830937783758859,0.23053072887433793,0.27629844698290407
