seed,bin,z_low_m,z_high_m,z_center_m,solid_fraction,porosity
105019,0,0.0,0.0011908106999999999,0.0005954053499999999,0.5192360351873168,0.48076396481268324
105019,1,0.0011908106999999999,0.0023816213999999997,0.0017862160499999998,0.5572526014153333,0.4427473985846667
105019,2,0.0023816213999999997,0.0035724320999999996,0.0029770267499999994,0.5660527801223036,0.43394721987769636
105019,3,0.0035724320999999996,0.004763242799999999,0.00416783745,0.5531480158854131,0.44685198411458693
105019,4,0.004763242799999999,0.005954053499999999,0.005358648149999999,0.5651028957660489,0.4348971042339511
105019,5,0.005954053499999999,0.007144864199999999,0.0065494588499999985,0.5698307398862892,0.4301692601137108
105019,6,0.007144864199999999,0.0083356749,0.00774026955,0.5643018789770355,0.43569812102296446
105019,7,0.0083356749,0.009526485599999999,0.008931080249999999,0.5713076200800796,0.4286923799199204
105019,8,0.009526485599999999,0.010717296299999998,0.010121890949999999,0.5355357520548014,0.4644642479451986
105019,9,0.010717296299999998,0.011908106999999998,0.011312701649999998,0.5608164386399068,0.4391835613600932
105019,10,0.011908106999999998,0.013098917699999999,0.012503512349999999,0.5517509447834397,0.44824905521656033
105019,11,0.013098917699999999,0.014289728399999998,0.013694323049999998,0.5689081665649552,0.43109183343504476
105019,12,0.014289728399999998,0.015480539099999998,0.014885133749999998,0.5478283775564773,0.4521716224435227
105019,13,0.015480539099999998,0.0166713498,0.016075944449999997,0.572496658843581,0.42750334115641897
105019,14,0.0166713498,0.017862160499999998,0.01726675515,0.5649887197017209,0.43501128029827907
105019,15,0.017862160499999998,0.019052971199999998,0.018457565849999996,0.5648275820996166,0.4351724179003834
105019,16,0.019052971199999998,0.020243781899999997,0.01964837655,0.5802010802117838,0.41979891978821615
105019,17,0.020243781899999997,0.021434592599999996,0.020839187249999995,0.5676881468201856,0.43231185317981435
105019,18,0.021434592599999996,0.022625403299999996,0.022029997949999998,0.5689494242670555,0.4310505757329445
105019,19,0.022625403299999996,0.023816213999999995,0.023220808649999994,0.5696790405389189,0.43032095946108107
105019,20,0.023816213999999995,0.025007024699999998,0.024411619349999997,0.5522055065753042,0.4477944934246958
105019,21,0.025007024699999998,0.026197835399999998,0.02560243005,0.5615577067213755,0.4384422932786245
105019,22,0.026197835399999998,0.027388646099999997,0.026793240749999996,0.5550396570797148,0.4449603429202852
105019,23,0.027388646099999997,0.028579456799999996,0.02798405145,0.5493975964588762,0.4506024035411238
105019,24,0.028579456799999996,0.029770267499999996,0.029174862149999994,0.5572960074141803,0.4427039925858197
105019,25,0.029770267499999996,0.030961078199999995,0.030365672849999997,0.5657942911615441,0.4342057088384559
105019,26,0.030961078199999995,0.032151888899999995,0.03155648354999999,0.566096693245213,0.43390330675478705
105019,27,0.032151888899999995,0.0333426996,0.032747294249999996,0.5658997592684083,0.4341002407315917
105019,28,0.0333426996,0.034533510299999993,0.03393810494999999,0.534933176777193,0.465066823222807
105019,29,0.034533510299999993,0.035724320999999996,0.035128915649999995,0.3234006553543772,0.6765993446456229
113117,0,0.0,0.0011953474666666667,0.0005976737333333334,0.5302159309401301,0.4697840690598699
113117,1,0.0011953474666666667,0.0023906949333333334,0.0017930212000000002,0.5724048555890476,0.42759514441095237
113117,2,0.0023906949333333334,0.0035860424000000004,0.002988368666666667,0.5659641045874287,0.43403589541257126
113117,3,0.0035860424000000004,0.004781389866666667,0.004183716133333334,0.5585115476587359,0.4414884523412641
113117,4,0.004781389866666667,0.005976737333333333,0.0053790636,0.5559115581143889,0.44408844188561114
113117,5,0.005976737333333333,0.007172084800000001,0.0065744110666666675,0.5750508933600719,0.42494910663992813
113117,6,0.007172084800000001,0.008367432266666667,0.007769758533333334,0.571656046301969,0.428343953698031
113117,7,0.008367432266666667,0.009562779733333334,0.008965106,0.5650327162844484,0.4349672837155516
113117,8,0.009562779733333334,0.0107581272,0.010160453466666667,0.5674992206981696,0.4325007793018304
113117,9,0.0107581272,0.011953474666666667,0.011355800933333333,0.5708959327674015,0.42910406723259853
113117,10,0.011953474666666667,0.013148822133333333,0.0125511484,0.55683687780827,0.44316312219173004
113117,11,0.013148822133333333,0.014344169600000001,0.013746495866666666,0.5653868623545593,0.43461313764544074
113117,12,0.014344169600000001,0.015539517066666668,0.014941843333333335,0.5753476363718654,0.42465236362813463
113117,13,0.015539517066666668,0.016734864533333334,0.0161371908,0.549671437139319,0.450328562860681
113117,14,0.016734864533333334,0.017930212,0.01733253826666667,0.5730434315681356,0.42695656843186436
113117,15,0.017930212,0.019125559466666667,0.018527885733333332,0.5782124093118645,0.42178759068813554
113117,16,0.019125559466666667,0.020320906933333334,0.019723233200000002,0.554297892255561,0.44570210774443897
113117,17,0.020320906933333334,0.0215162544,0.020918580666666665,0.5672273059903699,0.43277269400963014
113117,18,0.0215162544,0.022711601866666667,0.022113928133333335,0.5623889619232169,0.43761103807678314
113117,19,0.022711601866666667,0.023906949333333333,0.0233092756,0.5484437587976538,0.45155624120234616
113117,20,0.023906949333333333,0.0251022968,0.02450462306666667,0.5625093617799817,0.4374906382200183
113117,21,0.0251022968,0.026297644266666666,0.02569997053333333,0.5735288690182695,0.4264711309817305
113117,22,0.026297644266666666,0.027492991733333333,0.026895318,0.565913886347703,0.434086113652297
113117,23,0.027492991733333333,0.028688339200000003,0.028090665466666668,0.5317530609284364,0.46824693907156356
113117,24,0.028688339200000003,0.02988368666666667,0.029286012933333334,0.5552255006560869,0.4447744993439131
113117,25,0.02988368666666667,0.031079034133333336,0.030481360400000004,0.5612498166213725,0.4387501833786275
113117,26,0.031079034133333336,0.0322743816,0.03167670786666667,0.5419994723345304,0.4580005276654696
113117,27,0.0322743816,0.03346972906666667,0.03287205533333333,0.5609699105065914,0.4390300894934086
113117,28,0.03346972906666667,0.03466507653333333,0.0340674028,0.5050485541470899,0.49495144585291007
113117,29,0.03466507653333333,0.035860424,0.03526275026666667,0.2681438504775982,0.7318561495224019
121021,0,0.0,0.0011911372333333334,0.0005955686166666667,0.5317849268461547,0.46821507315384525
121021,1,0.0011911372333333334,0.002382274466666667,0.00178670585,0.5657308455610375,0.4342691544389625
121021,2,0.002382274466666667,0.0035734117,0.0029778430833333333,0.545289154877765,0.45471084512223503
121021,3,0.0035734117,0.004764548933333334,0.004168980316666667,0.5619819134131562,0.4380180865868438
121021,4,0.004764548933333334,0.005955686166666667,0.005360117550000001,0.5674373992665549,0.4325626007334451
121021,5,0.005955686166666667,0.0071468234,0.006551254783333333,0.5680357490997388,0.43196425090026125
121021,6,0.0071468234,0.008337960633333334,0.007742392016666667,0.5580796538610829,0.44192034613891706
121021,7,0.008337960633333334,0.009529097866666668,0.00893352925,0.561815500973336,0.438184499026664
121021,8,0.009529097866666668,0.010720235100000001,0.010124666483333334,0.5578184155621044,0.44218158443789557
121021,9,0.010720235100000001,0.011911372333333335,0.011315803716666668,0.5590497158977553,0.4409502841022447
121021,10,0.011911372333333335,0.013102509566666668,0.012506940950000002,0.5725960354604598,0.4274039645395402
121021,11,0.013102509566666668,0.0142936468,0.013698078183333334,0.5705338773631272,0.4294661226368728
121021,12,0.0142936468,0.015484784033333334,0.014889215416666667,0.5608222695930831,0.4391777304069169
121021,13,0.015484784033333334,0.016675921266666668,0.01608035265,0.5584203998947596,0.44157960010524044
121021,14,0.016675921266666668,0.0178670585,0.017271489883333335,0.5645849183920082,0.4354150816079918
121021,15,0.0178670585,0.019058195733333335,0.018462627116666668,0.570913492696001,0.429086507303999
121021,16,0.019058195733333335,0.02024933296666667,0.019653764350000002,0.5554918488958839,0.4445081511041161
121021,17,0.02024933296666667,0.021440470200000002,0.020844901583333336,0.5595879930309938,0.4404120069690062
121021,18,0.021440470200000002,0.022631607433333336,0.02203603881666667,0.5724117067044668,0.42758829329553316
121021,19,0.022631607433333336,0.02382274466666667,0.023227176050000003,0.5458943887380101,0.4541056112619899
121021,20,0.02382274466666667,0.025013881900000003,0.024418313283333336,0.5615513326838794,0.43844866731612064
121021,21,0.025013881900000003,0.026205019133333337,0.02560945051666667,0.5458876709092555,0.4541123290907445
121021,22,0.026205019133333337,0.02739615636666667,0.026800587750000004,0.5452080073033768,0.4547919926966232
121021,23,0.02739615636666667,0.0285872936,0.027991724983333334,0.5707920149170358,0.4292079850829642
121021,24,0.0285872936,0.029778430833333334,0.029182862216666668,0.570698822826079,0.429301177173921
121021,25,0.029778430833333334,0.030969568066666668,0.03037399945,0.5447468300894017,0.4552531699105983
121021,26,0.030969568066666668,0.0321607053,0.031565136683333335,0.5713053486528707,0.42869465134712925
121021,27,0.0321607053,0.033351842533333335,0.03275627391666667,0.5592083048668098,0.44079169513319016
121021,28,0.033351842533333335,0.03454297976666667,0.03394741115,0.539774689075714,0.460225310924286
121021,29,0.03454297976666667,0.035734117,0.035138548383333336,0.3358706212534856,0.6641293787465143
129121,0,0.0,0.0011800368333333333,0.0005900184166666667,0.5254015878083194,0.47459841219168064
129121,1,0.0011800368333333333,0.0023600736666666666,0.0017700552499999998,0.5554790673179814,0.44452093268201864
129121,2,0.0023600736666666666,0.0035401104999999997,0.002950092083333333,0.5609748952725864,0.43902510472741363
129121,3,0.0035401104999999997,0.004720147333333333,0.0041301289166666665,0.556012280613145,0.443987719386855
129121,4,0.004720147333333333,0.005900184166666667,0.00531016575,0.5633007739525426,0.43669922604745737
129121,5,0.005900184166666667,0.007080220999999999,0.0064902025833333335,0.5859269447594347,0.41407305524056526
129121,6,0.007080220999999999,0.008260257833333333,0.007670239416666666,0.5606591986174281,0.4393408013825719
129121,7,0.008260257833333333,0.009440294666666666,0.00885027625,0.558400617177142,0.44159938282285804
129121,8,0.009440294666666666,0.0106203315,0.010030313083333332,0.5629036445153377,0.4370963554846623
129121,9,0.0106203315,0.011800368333333333,0.011210349916666668,0.5604253480177576,0.43957465198224244
129121,10,0.011800368333333333,0.012980405166666667,0.01239038675,0.5671984305337414,0.4328015694662586
129121,11,0.012980405166666667,0.014160441999999999,0.013570423583333333,0.572536436133074,0.42746356386692597
129121,12,0.014160441999999999,0.015340478833333332,0.014750460416666666,0.5744737582713384,0.4255262417286616
129121,13,0.015340478833333332,0.016520515666666666,0.015930497249999998,0.5808676191659671,0.4191323808340329
129121,14,0.016520515666666666,0.0177005525,0.017110534083333333,0.5717349963640224,0.42826500363597764
129121,15,0.0177005525,0.018880589333333333,0.018290570916666665,0.5619760505356947,0.43802394946430534
129121,16,0.018880589333333333,0.020060626166666665,0.01947060775,0.5487578037656468,0.45124219623435324
129121,17,0.020060626166666665,0.021240663,0.020650644583333332,0.5838906525892094,0.41610934741079064
129121,18,0.021240663,0.02242069983333333,0.021830681416666664,0.5803444742557989,0.41965552574420106
129121,19,0.02242069983333333,0.023600736666666667,0.02301071825,0.5688200063026589,0.43117999369734106
129121,20,0.023600736666666667,0.0247807735,0.024190755083333335,0.558624511095351,0.44137548890464895
129121,21,0.0247807735,0.025960810333333334,0.025370791916666666,0.5710888233861365,0.42891117661386347
129121,22,0.025960810333333334,0.027140847166666666,0.026550828749999998,0.5598069121003555,0.4401930878996445
129121,23,0.027140847166666666,0.028320883999999998,0.027730865583333333,0.5625106360661951,0.4374893639338049
129121,24,0.028320883999999998,0.029500920833333333,0.028910902416666665,0.5602809656230918,0.4397190343769082
129121,25,0.029500920833333333,0.030680957666666665,0.030090939249999997,0.5909093256568368,0.40909067434316315
129121,26,0.030680957666666665,0.031860994499999996,0.03127097608333333,0.5580376650755563,0.4419623349244437
129121,27,0.031860994499999996,0.03304103133333333,0.03245101291666666,0.5645908197168338,0.4354091802831662
129121,28,0.03304103133333333,0.03422106816666667,0.03363104975,0.5517204152496921,0.44827958475030794
129121,29,0.03422106816666667,0.035401105,0.03481108658333333,0.31750943822564054,0.6824905617743595
137077,0,0.0,0.0011765355666666668,0.0005882677833333334,0.5461126166334261,0.45388738336657386
137077,1,0.0011765355666666668,0.0023530711333333335,0.00176480335,0.5627688436128035,0.43723115638719645
137077,2,0.0023530711333333335,0.0035296067,0.002941338916666667,0.5593501769870712,0.44064982301292877
137077,3,0.0035296067,0.004706142266666667,0.004117874483333334,0.5708181155077039,0.4291818844922961
137077,4,0.004706142266666667,0.005882677833333334,0.00529441005,0.5524089511890715,0.4475910488109285
137077,5,0.005882677833333334,0.0070592134,0.006470945616666667,0.5738764627485762,0.4261235372514238
137077,6,0.0070592134,0.008235748966666668,0.007647481183333334,0.5748262316736926,0.4251737683263074
137077,7,0.008235748966666668,0.009412284533333334,0.00882401675,0.5806413181590336,0.41935868184096636
137077,8,0.009412284533333334,0.0105888201,0.010000552316666668,0.5600949698128929,0.43990503018710714
137077,9,0.0105888201,0.011765355666666668,0.011177087883333334,0.5732849048633635,0.4267150951366365
137077,10,0.011765355666666668,0.012941891233333334,0.01235362345,0.5856843392296928,0.41431566077030724
137077,11,0.012941891233333334,0.0141184268,0.013530159016666668,0.5517279096003275,0.44827209039967253
137077,12,0.0141184268,0.015294962366666668,0.014706694583333334,0.572603984786993,0.42739601521300696
137077,13,0.015294962366666668,0.016471497933333336,0.015883230150000004,0.5606509810069654,0.4393490189930346
137077,14,0.016471497933333336,0.0176480335,0.017059765716666668,0.5681760798003878,0.43182392019961224
137077,15,0.0176480335,0.018824569066666668,0.018236301283333332,0.5760507076298003,0.42394929237019974
137077,16,0.018824569066666668,0.020001104633333336,0.019412836850000004,0.5800225929879884,0.4199774070120116
137077,17,0.020001104633333336,0.0211776402,0.020589372416666668,0.5727957781306127,0.42720422186938733
137077,18,0.0211776402,0.022354175766666668,0.021765907983333332,0.5410683433549555,0.45893165664504454
137077,19,0.022354175766666668,0.023530711333333336,0.022942443550000004,0.5878893033609583,0.41211069663904165
137077,20,0.023530711333333336,0.0247072469,0.024118979116666668,0.5702614494375898,0.42973855056241017
137077,21,0.0247072469,0.025883782466666668,0.025295514683333332,0.5661558358925174,0.4338441641074826
137077,22,0.025883782466666668,0.027060318033333336,0.026472050250000004,0.5736370983221947,0.42636290167780533
137077,23,0.027060318033333336,0.0282368536,0.027648585816666668,0.5705081738420609,0.4294918261579391
137077,24,0.0282368536,0.029413389166666668,0.028825121383333333,0.5558825705811887,0.44411742941881127
137077,25,0.029413389166666668,0.030589924733333336,0.030001656950000004,0.5874379239120843,0.41256207608791573
137077,26,0.030589924733333336,0.0317664603,0.031178192516666668,0.5697568958834569,0.4302431041165431
137077,27,0.0317664603,0.03294299586666667,0.03235472808333334,0.559806573375202,0.440193426624798
137077,28,0.03294299586666667,0.034119531433333336,0.033531263650000004,0.5316701872668096,0.4683298127331904
137077,29,0.034119531433333336,0.035296067,0.03470779921666667,0.31794654294369185,0.6820534570563082
145093,0,0.0,0.0011866092666666665,0.0005933046333333333,0.5191044294708764,0.4808955705291236
145093,1,0.0011866092666666665,0.002373218533333333,0.0017799138999999998,0.5487881829361363,0.4512118170638637
145093,2,0.002373218533333333,0.0035598277999999996,0.002966523166666666,0.5493215694761207,0.45067843052387935
145093,3,0.0035598277999999996,0.004746437066666666,0.004153132433333333,0.5698861221816913,0.4301138778183087
145093,4,0.004746437066666666,0.005933046333333332,0.005339741699999999,0.5534599002736639,0.4465400997263361
145093,5,0.005933046333333332,0.007119655599999999,0.006526350966666665,0.5746768889434676,0.4253231110565324
145093,6,0.007119655599999999,0.008306264866666666,0.007712960233333333,0.556717967905595,0.443282032094405
145093,7,0.008306264866666666,0.009492874133333332,0.0088995695,0.5655009739144081,0.4344990260855919
145093,8,0.009492874133333332,0.010679483399999998,0.010086178766666665,0.5643794154385898,0.4356205845614102
145093,9,0.010679483399999998,0.011866092666666665,0.011272788033333331,0.5689762494838737,0.4310237505161263
145093,10,0.011866092666666665,0.013052701933333332,0.012459397299999998,0.5692410695560258,0.4307589304439742
145093,11,0.013052701933333332,0.014239311199999998,0.013646006566666665,0.5531442824206253,0.4468557175793747
145093,12,0.014239311199999998,0.015425920466666665,0.014832615833333332,0.5734718772764297,0.4265281227235703
145093,13,0.015425920466666665,0.016612529733333332,0.0160192251,0.5825787063740853,0.41742129362591474
145093,14,0.016612529733333332,0.017799139,0.017205834366666665,0.5696170868994009,0.43038291310059906
145093,15,0.017799139,0.018985748266666665,0.01839244363333333,0.5480397626341316,0.45196023736586843
145093,16,0.018985748266666665,0.02017235753333333,0.019579052899999998,0.562124519376468,0.437875480623532
145093,17,0.02017235753333333,0.021358966799999997,0.020765662166666664,0.5775050769606296,0.4224949230393704
145093,18,0.021358966799999997,0.022545576066666663,0.02195227143333333,0.5545005466375584,0.44549945336244157
145093,19,0.022545576066666663,0.02373218533333333,0.023138880699999996,0.5703304346618043,0.42966956533819567
145093,20,0.02373218533333333,0.0249187946,0.024325489966666662,0.5631970523643727,0.4368029476356273
145093,21,0.0249187946,0.026105403866666665,0.02551209923333333,0.5560330112289519,0.4439669887710481
145093,22,0.026105403866666665,0.02729201313333333,0.026698708499999998,0.5737429996135118,0.42625700038648817
145093,23,0.02729201313333333,0.028478622399999997,0.027885317766666664,0.582119030145588,0.41788096985441203
145093,24,0.028478622399999997,0.029665231666666663,0.02907192703333333,0.5468165110074409,0.4531834889925591
145093,25,0.029665231666666663,0.03085184093333333,0.030258536299999996,0.5749770205403238,0.42502297945967615
145093,26,0.03085184093333333,0.0320384502,0.031445145566666666,0.537067059927717,0.46293294007228303
145093,27,0.0320384502,0.033225059466666665,0.03263175483333333,0.5570700158669999,0.4429299841330001
145093,28,0.033225059466666665,0.03441166873333333,0.0338183641,0.531313740327397,0.468686259672603
145093,29,0.03441166873333333,0.035598278,0.035004973366666664,0.34624044702819107,0.653759552971809
153133,0,0.0,0.0011907624666666666,0.0005953812333333333,0.5276801916214909,0.47231980837850907
153133,1,0.0011907624666666666,0.0023815249333333332,0.0017861436999999998,0.5459531430760021,0.45404685692399793
153133,2,0.0023815249333333332,0.0035722873999999996,0.0029769061666666662,0.5641164505469233,0.4358835494530767
153133,3,0.0035722873999999996,0.0047630498666666665,0.004167668633333333,0.5602199676451945,0.43978003235480545
153133,4,0.0047630498666666665,0.005953812333333333,0.0053584311,0.5822679150196199,0.41773208498038006
153133,5,0.005953812333333333,0.007144574799999999,0.006549193566666667,0.5528216261174839,0.44717837388251613
153133,6,0.007144574799999999,0.008335337266666666,0.007739956033333333,0.5556751977273664,0.4443248022726336
153133,7,0.008335337266666666,0.009526099733333333,0.0089307185,0.5779788246948397,0.42202117530516026
153133,8,0.009526099733333333,0.0107168622,0.010121480966666666,0.5496724260500364,0.4503275739499636
153133,9,0.0107168622,0.011907624666666667,0.011312243433333334,0.569995883973918,0.430004116026082
153133,10,0.011907624666666667,0.013098387133333333,0.0125030059,0.5695718794820697,0.43042812051793033
153133,11,0.013098387133333333,0.014289149599999999,0.013693768366666666,0.574879938860878,0.42512006113912204
153133,12,0.014289149599999999,0.015479912066666665,0.014884530833333333,0.5552753378283498,0.4447246621716502
153133,13,0.015479912066666665,0.016670674533333332,0.016075293299999998,0.5825386691114166,0.4174613308885834
153133,14,0.016670674533333332,0.017861437,0.017266055766666667,0.5553444143910176,0.44465558560898244
153133,15,0.017861437,0.019052199466666666,0.01845681823333333,0.5711540945366502,0.4288459054633498
153133,16,0.019052199466666666,0.02024296193333333,0.0196475807,0.5443636631735076,0.4556363368264924
153133,17,0.02024296193333333,0.0214337244,0.020838343166666665,0.5720325943839742,0.42796740561602575
153133,18,0.0214337244,0.022624486866666665,0.02202910563333333,0.5602927463906789,0.43970725360932106
153133,19,0.022624486866666665,0.023815249333333333,0.0232198681,0.5583610562974395,0.4416389437025605
153133,20,0.023815249333333333,0.0250060118,0.024410630566666668,0.5718920906376008,0.4281079093623992
153133,21,0.0250060118,0.026196774266666667,0.025601393033333333,0.5609066855675178,0.43909331443248223
153133,22,0.026196774266666667,0.027387536733333332,0.026792155499999998,0.5715564118270899,0.42844358817291006
153133,23,0.027387536733333332,0.028578299199999997,0.027982917966666666,0.5562347735268218,0.4437652264731782
153133,24,0.028578299199999997,0.029769061666666666,0.02917368043333333,0.5630596422300954,0.4369403577699046
153133,25,0.029769061666666666,0.03095982413333333,0.030364442899999997,0.5606198739282304,0.4393801260717696
153133,26,0.03095982413333333,0.032150586599999996,0.031555205366666665,0.5402362526197931,0.45976374738020687
153133,27,0.032150586599999996,0.033341349066666665,0.032745967833333334,0.5399052848261527,0.46009471517384726
153133,28,0.033341349066666665,0.03453211153333333,0.033936730299999995,0.5348337015733357,0.46516629842666435
153133,29,0.03453211153333333,0.035722874,0.03512749276666667,0.3143365220658897,0.6856634779341103
161123,0,0.0,0.0011874941000000001,0.0005937470500000001,0.5176799728210407,0.4823200271789593
161123,1,0.0011874941000000001,0.0023749882000000003,0.00178124115,0.5547042261371405,0.44529577386285946
161123,2,0.0023749882000000003,0.0035624823,0.00296873525,0.5740609374008918,0.4259390625991082
161123,3,0.0035624823,0.0047499764000000005,0.00415622935,0.5672537868228373,0.43274621317716266
161123,4,0.0047499764000000005,0.005937470500000001,0.005343723450000001,0.5399435264460127,0.46005647355398727
161123,5,0.005937470500000001,0.0071249646,0.006531217550000001,0.5739476392082875,0.4260523607917125
161123,6,0.0071249646,0.0083124587,0.0077187116500000005,0.5452706957020886,0.45472930429791136
161123,7,0.0083124587,0.009499952800000001,0.00890620575,0.5766143974930203,0.42338560250697965
161123,8,0.009499952800000001,0.010687446900000001,0.010093699850000002,0.574204434005867,0.42579556599413304
161123,9,0.010687446900000001,0.011874941000000002,0.01128119395,0.566926320064706,0.433073679935294
161123,10,0.011874941000000002,0.013062435100000002,0.012468688050000003,0.5720493256554083,0.42795067434459166
161123,11,0.013062435100000002,0.0142499292,0.013656182150000001,0.5596005742171996,0.44039942578280045
161123,12,0.0142499292,0.015437423300000001,0.01484367625,0.5690316934227082,0.4309683065772918
161123,13,0.015437423300000001,0.0166249174,0.016031170350000002,0.5655677757306691,0.4344322242693309
161123,14,0.0166249174,0.017812411500000003,0.017218664450000004,0.5845438094195463,0.4154561905804537
161123,15,0.017812411500000003,0.018999905600000002,0.018406158550000003,0.5560828574578957,0.44391714254210435
161123,16,0.018999905600000002,0.0201873997,0.01959365265,0.5679215201911672,0.43207847980883285
161123,17,0.0201873997,0.021374893800000003,0.02078114675,0.5837085799463679,0.41629142005363207
161123,18,0.021374893800000003,0.0225623879,0.021968640850000002,0.5454147771088329,0.4545852228911671
161123,19,0.0225623879,0.023749882000000003,0.023156134950000004,0.580378835808651,0.419621164191349
161123,20,0.023749882000000003,0.024937376100000002,0.024343629050000003,0.5791035586454728,0.4208964413545272
161123,21,0.024937376100000002,0.026124870200000004,0.02553112315,0.5594905686104046,0.4405094313895954
161123,22,0.026124870200000004,0.027312364300000003,0.026718617250000003,0.5726505476408896,0.42734945235911037
161123,23,0.027312364300000003,0.0284998584,0.027906111350000002,0.5571802784443916,0.44281972155560845
161123,24,0.0284998584,0.029687352500000003,0.029093605450000004,0.5566621615417808,0.44333783845821917
161123,25,0.029687352500000003,0.030874846600000002,0.030281099550000003,0.5617134798008224,0.4382865201991776
161123,26,0.030874846600000002,0.032062340700000004,0.03146859365,0.5568768109268775,0.44312318907312254
161123,27,0.032062340700000004,0.0332498348,0.03265608775000001,0.5499876602041085,0.4500123397958915
161123,28,0.0332498348,0.0344373289,0.03384358185,0.5409968538875527,0.4590031461124473
161123,29,0.0344373289,0.03562482300000001,0.035031075950000004,0.2877754244513424,0.7122245755486576
18427,0,0.0,0.0011943591333333334,0.0005971795666666667,0.5309265385912217,0.46907346140877826
18427,1,0.0011943591333333334,0.002388718266666667,0.0017915387,0.5539299237340813,0.44607007626591866
18427,2,0.002388718266666667,0.0035830774,0.0029858978333333333,0.5479215122815596,0.4520784877184404
18427,3,0.0035830774,0.004777436533333334,0.004180256966666667,0.584313407097497,0.415686592902503
18427,4,0.004777436533333334,0.0059717956666666665,0.0053746161,0.5522699814846209,0.4477300185153791
18427,5,0.0059717956666666665,0.0071661548,0.006568975233333333,0.5655048716668816,0.43449512833311843
18427,6,0.0071661548,0.008360513933333334,0.007763334366666668,0.5624579681071139,0.4375420318928861
18427,7,0.008360513933333334,0.009554873066666667,0.0089576935,0.5684439213732804,0.43155607862671963
18427,8,0.009554873066666667,0.0107492322,0.010152052633333334,0.5667941701528938,0.4332058298471062
18427,9,0.0107492322,0.011943591333333333,0.011346411766666667,0.5724132284929526,0.4275867715070474
18427,10,0.011943591333333333,0.013137950466666668,0.012540770900000001,0.5849548447679226,0.4150451552320774
18427,11,0.013137950466666668,0.0143323096,0.013735130033333334,0.5627258783851329,0.4372741216148671
18427,12,0.0143323096,0.015526668733333334,0.014929489166666667,0.5812095343351441,0.4187904656648559
18427,13,0.015526668733333334,0.01672102786666667,0.0161238483,0.5440749731056441,0.4559250268943559
18427,14,0.01672102786666667,0.017915387,0.017318207433333337,0.570443910426508,0.429556089573492
18427,15,0.017915387,0.019109746133333334,0.018512566566666666,0.5559076376169807,0.4440923623830193
18427,16,0.019109746133333334,0.020304105266666667,0.019706925700000003,0.5779394682128502,0.42206053178714975
18427,17,0.020304105266666667,0.0214984644,0.020901284833333332,0.5491771600617943,0.4508228399382057
18427,18,0.0214984644,0.022692823533333333,0.02209564396666667,0.5612553325396984,0.4387446674603016
18427,19,0.022692823533333333,0.023887182666666666,0.023290003099999998,0.5663356015841754,0.4336643984158246
18427,20,0.023887182666666666,0.025081541800000003,0.024484362233333334,0.5654372419437768,0.43456275805622324
18427,21,0.025081541800000003,0.026275900933333336,0.02567872136666667,0.5580956839454279,0.44190431605457214
18427,22,0.026275900933333336,0.02747026006666667,0.0268730805,0.5589437107309969,0.4410562892690031
18427,23,0.02747026006666667,0.0286646192,0.028067439633333337,0.5655625630043486,0.4344374369956514
18427,24,0.0286646192,0.029858978333333334,0.029261798766666666,0.5524438662340281,0.4475561337659719
18427,25,0.029858978333333334,0.031053337466666667,0.030456157900000003,0.5355534674529114,0.46444653254708856
18427,26,0.031053337466666667,0.0322476966,0.03165051703333333,0.564379993384141,0.435620006615859
18427,27,0.0322476966,0.03344205573333334,0.03284487616666667,0.5340742729631076,0.4659257270368924
18427,28,0.03344205573333334,0.034636414866666666,0.0340392353,0.5417525422769593,0.45824745772304065
18427,29,0.034636414866666666,0.035830774,0.035233594433333335,0.2666216855465703,0.7333783144534297
27183,0,0.0,0.0011828609,0.00059143045,0.5355547072109902,0.4644452927890098
27183,1,0.0011828609,0.0023657218,0.0017742913500000002,0.5576258368345115,0.4423741631654885
27183,2,0.0023657218,0.0035485827000000005,0.00295715225,0.5573304742004784,0.44266952579952157
27183,3,0.0035485827000000005,0.0047314436,0.00414001315,0.5767464311920758,0.4232535688079242
27183,4,0.0047314436,0.0059143045,0.005322874050000001,0.550643301476789,0.44935669852321103
27183,5,0.0059143045,0.007097165400000001,0.0065057349500000005,0.5638243094587789,0.4361756905412211
27183,6,0.007097165400000001,0.0082800263,0.00768859585,0.5595751412042789,0.44042485879572113
27183,7,0.0082800263,0.0094628872,0.00887145675,0.573335173852617,0.426664826147383
27183,8,0.0094628872,0.010645748100000001,0.010054317650000002,0.5705762863189253,0.4294237136810747
27183,9,0.010645748100000001,0.011828609,0.01123717855,0.5780328514838987,0.4219671485161013
27183,10,0.011828609,0.013011469900000001,0.01242003945,0.5675759956959268,0.43242400430407324
27183,11,0.013011469900000001,0.014194330800000002,0.013602900350000002,0.5643637062993332,0.4356362937006668
27183,12,0.014194330800000002,0.0153771917,0.014785761250000001,0.560976659420114,0.439023340579886
27183,13,0.0153771917,0.0165600526,0.01596862215,0.5521899024367942,0.4478100975632058
27183,14,0.0165600526,0.017742913500000002,0.01715148305,0.5626192516794055,0.4373807483205945
27183,15,0.017742913500000002,0.0189257744,0.018334343950000002,0.5762736692803319,0.42372633071966814
27183,16,0.0189257744,0.0201086353,0.01951720485,0.5622468870252493,0.4377531129747507
27183,17,0.0201086353,0.021291496200000003,0.020700065750000003,0.5678202455199278,0.4321797544800722
27183,18,0.021291496200000003,0.0224743571,0.021882926650000002,0.5599950793541377,0.4400049206458623
27183,19,0.0224743571,0.023657218,0.02306578755,0.5716868910541059,0.42831310894589414
27183,20,0.023657218,0.024840078900000003,0.02424864845,0.5736212344458598,0.4263787655541402
27183,21,0.024840078900000003,0.026022939800000002,0.025431509350000003,0.5623703734388251,0.4376296265611749
27183,22,0.026022939800000002,0.0272058007,0.02661437025,0.5722742179310539,0.42772578206894607
27183,23,0.0272058007,0.028388661600000004,0.027797231150000004,0.5659856044127305,0.4340143955872695
27183,24,0.028388661600000004,0.029571522500000003,0.028980092050000003,0.5482770447870847,0.4517229552129153
27183,25,0.029571522500000003,0.0307543834,0.030162952950000002,0.5802086698166461,0.4197913301833539
27183,26,0.0307543834,0.0319372443,0.03134581385,0.5636042768431105,0.43639572315688946
27183,27,0.0319372443,0.0331201052,0.03252867475,0.5427027212843814,0.45729727871561865
27183,28,0.0331201052,0.034302966100000006,0.03371153565,0.5358645817804525,0.4641354182195475
27183,29,0.034302966100000006,0.035485827000000005,0.034894396550000005,0.3435672476358356,0.6564327523641644
31991,0,0.0,0.0011912039333333334,0.0005956019666666667,0.5311426936880361,0.4688573063119639
31991,1,0.0011912039333333334,0.002382407866666667,0.0017868059000000001,0.5672114794649344,0.43278852053506556
31991,2,0.002382407866666667,0.0035736118000000002,0.0029780098333333335,0.5669249151013855,0.43307508489861446
31991,3,0.0035736118000000002,0.004764815733333334,0.004169213766666667,0.5607002312516814,0.43929976874831855
31991,4,0.004764815733333334,0.005956019666666667,0.0053604177,0.57040479330876,0.42959520669123996
31991,5,0.005956019666666667,0.0071472236000000005,0.006551621633333334,0.5699024752770587,0.43009752472294127
31991,6,0.0071472236000000005,0.008338427533333335,0.007742825566666668,0.568222897975335,0.431777102024665
31991,7,0.008338427533333335,0.009529631466666667,0.008934029500000001,0.5615263658000982,0.4384736341999018
31991,8,0.009529631466666667,0.0107208354,0.010125233433333334,0.574720733595355,0.425279266404645
31991,9,0.0107208354,0.011912039333333334,0.011316437366666668,0.5644863246223312,0.43551367537766883
31991,10,0.011912039333333334,0.013103243266666668,0.0125076413,0.5574449984435996,0.4425550015564004
31991,11,0.013103243266666668,0.014294447200000001,0.013698845233333335,0.5395560369206859,0.4604439630793141
31991,12,0.014294447200000001,0.015485651133333334,0.014890049166666667,0.5624934245165584,0.43750657548344163
31991,13,0.015485651133333334,0.01667685506666667,0.0160812531,0.5680831517904,0.43191684820959997
31991,14,0.01667685506666667,0.017868059000000002,0.017272457033333334,0.5575695161646302,0.44243048383536976
31991,15,0.017868059000000002,0.019059262933333335,0.01846366096666667,0.550059161185948,0.449940838814052
31991,16,0.019059262933333335,0.020250466866666667,0.0196548649,0.5737343319083786,0.42626566809162136
31991,17,0.020250466866666667,0.0214416708,0.020846068833333335,0.5598649918840871,0.4401350081159129
31991,18,0.0214416708,0.022632874733333336,0.022037272766666668,0.5590749298602947,0.4409250701397053
31991,19,0.022632874733333336,0.02382407866666667,0.0232284767,0.5807376515056092,0.4192623484943908
31991,20,0.02382407866666667,0.0250152826,0.024419680633333336,0.5857081575625197,0.4142918424374803
31991,21,0.0250152826,0.026206486533333337,0.02561088456666667,0.5293640310559715,0.4706359689440285
31991,22,0.026206486533333337,0.02739769046666667,0.0268020885,0.5779675645784874,0.4220324354215126
31991,23,0.02739769046666667,0.028588894400000002,0.027993292433333337,0.5638463412303134,0.4361536587696866
31991,24,0.028588894400000002,0.029780098333333335,0.029184496366666667,0.5481865285140324,0.4518134714859676
31991,25,0.029780098333333335,0.030971302266666667,0.030375700300000003,0.5573721653752924,0.44262783462470756
31991,26,0.030971302266666667,0.0321625062,0.03156690423333333,0.5526021229625169,0.4473978770374831
31991,27,0.0321625062,0.03335371013333334,0.032758108166666675,0.540880073320667,0.459119926679333
31991,28,0.03335371013333334,0.03454491406666667,0.033949312100000004,0.5442644377865066,0.45573556221349343
31991,29,0.03454491406666667,0.035736118000000004,0.03514051603333333,0.2971252815909666,0.7028747184090334
40213,0,0.0,0.0011806127666666665,0.0005903063833333333,0.5371337186626471,0.46286628133735286
40213,1,0.0011806127666666665,0.002361225533333333,0.0017709191499999998,0.5503222569161746,0.44967774308382535
40213,2,0.002361225533333333,0.0035418382999999995,0.0029515319166666665,0.5660603838203866,0.4339396161796134
40213,3,0.0035418382999999995,0.004722451066666666,0.0041321446833333325,0.5633026619413005,0.4366973380586995
40213,4,0.004722451066666666,0.005903063833333333,0.0053127574499999995,0.560881515984379,0.43911848401562104
40213,5,0.005903063833333333,0.007083676599999999,0.0064933702166666656,0.5789581765211343,0.42104182347886565
40213,6,0.007083676599999999,0.008264289366666665,0.0076739829833333325,0.5708601482087527,0.42913985179124725
40213,7,0.008264289366666665,0.009444902133333332,0.00885459575,0.5678031867706562,0.4321968132293438
40213,8,0.009444902133333332,0.010625514899999999,0.010035208516666665,0.5714991930295005,0.4285008069704995
40213,9,0.010625514899999999,0.011806127666666666,0.011215821283333333,0.5556846729018101,0.4443153270981899
40213,10,0.011806127666666666,0.012986740433333331,0.012396434049999999,0.5512527228438991,0.44874727715610085
40213,11,0.012986740433333331,0.014167353199999998,0.013577046816666664,0.5680496499165891,0.43195035008341087
40213,12,0.014167353199999998,0.015347965966666665,0.014757659583333332,0.5654782802499594,0.4345217197500406
40213,13,0.015347965966666665,0.01652857873333333,0.015938272349999998,0.5780467205534696,0.4219532794465304
40213,14,0.01652857873333333,0.0177091915,0.017118885116666663,0.575756415031502,0.424243584968498
40213,15,0.0177091915,0.018889804266666664,0.01829949788333333,0.5689619757463377,0.43103802425366233
40213,16,0.018889804266666664,0.02007041703333333,0.019480110649999997,0.5714880881619896,0.4285119118380104
40213,17,0.02007041703333333,0.021251029799999998,0.020660723416666665,0.5740875822405365,0.42591241775946354
40213,18,0.021251029799999998,0.022431642566666663,0.02184133618333333,0.5615166623117452,0.43848333768825476
40213,19,0.022431642566666663,0.023612255333333332,0.023021948949999996,0.565539840393479,0.43446015960652096
40213,20,0.023612255333333332,0.024792868099999997,0.024202561716666664,0.5546401580608792,0.4453598419391208
40213,21,0.024792868099999997,0.025973480866666662,0.02538317448333333,0.5739967678725186,0.42600323212748137
40213,22,0.025973480866666662,0.02715409363333333,0.02656378725,0.5822919356636149,0.4177080643363851
40213,23,0.02715409363333333,0.028334706399999996,0.027744400016666663,0.559297769150099,0.440702230849901
40213,24,0.028334706399999996,0.02951531916666666,0.02892501278333333,0.5607096159016988,0.43929038409830123
40213,25,0.02951531916666666,0.03069593193333333,0.030105625549999994,0.5592549110594628,0.4407450889405372
40213,26,0.03069593193333333,0.031876544699999995,0.03128623831666666,0.5638592994649433,0.4361407005350567
40213,27,0.031876544699999995,0.03305715746666666,0.03246685108333333,0.5594089375507247,0.44059106244927526
40213,28,0.03305715746666666,0.034237770233333326,0.03364746384999999,0.5237345661931336,0.47626543380686637
40213,29,0.034237770233333326,0.035418383,0.03482807661666666,0.35043078646216297,0.649569213537837
47837,0,0.0,0.0011880565,0.00059402825,0.5273840820505581,0.4726159179494419
47837,1,0.0011880565,0.002376113,0.00178208475,0.5728322351076641,0.4271677648923359
47837,2,0.002376113,0.0035641695,0.00297014125,0.548738458151694,0.451261541848306
47837,3,0.0035641695,0.004752226,0.00415819775,0.5659447557311039,0.4340552442688961
47837,4,0.004752226,0.0059402825,0.00534625425,0.5511972330862948,0.44880276691370524
47837,5,0.0059402825,0.007128339,0.006534310749999999,0.5693411764478211,0.4306588235521789
47837,6,0.007128339,0.0083163955,0.007722367250000001,0.5729403687382444,0.4270596312617556
47837,7,0.0083163955,0.009504452,0.00891042375,0.5708787136647394,0.4291212863352606
47837,8,0.009504452,0.0106925085,0.01009848025,0.566192904612705,0.433807095387295
47837,9,0.0106925085,0.011880565,0.01128653675,0.5743473058219059,0.42565269417809415
47837,10,0.011880565,0.0130686215,0.012474593249999999,0.5567940130842925,0.44320598691570745
47837,11,0.0130686215,0.014256678,0.01366264975,0.5837275969274717,0.41627240307252833
47837,12,0.014256678,0.0154447345,0.01485070625,0.5456087254799956,0.4543912745200044
47837,13,0.0154447345,0.016632791,0.01603876275,0.5575082067206639,0.4424917932793361
47837,14,0.016632791,0.0178208475,0.01722681925,0.5743773070678985,0.42562269293210153
47837,15,0.0178208475,0.019008904,0.01841487575,0.5605295312425043,0.43947046875749574
47837,16,0.019008904,0.0201969605,0.01960293225,0.5712346072479754,0.42876539275202463
47837,17,0.0201969605,0.021385017,0.02079098875,0.5729625667640538,0.42703743323594623
47837,18,0.021385017,0.0225730735,0.02197904525,0.5561831621010508,0.4438168378989492
47837,19,0.0225730735,0.02376113,0.02316710175,0.555386712548117,0.444613287451883
47837,20,0.02376113,0.0249491865,0.02435515825,0.5770540398593128,0.4229459601406872
47837,21,0.0249491865,0.026137243,0.02554321475,0.5599856199358966,0.4400143800641034
47837,22,0.026137243,0.0273252995,0.02673127125,0.5532863049085222,0.44671369509147785
47837,23,0.0273252995,0.028513356,0.02791932775,0.5503840603717826,0.44961593962821744
47837,24,0.028513356,0.0297014125,0.02910738425,0.5653785905995172,0.43462140940048277
47837,25,0.0297014125,0.030889469,0.03029544075,0.5511406420633134,0.44885935793668663
47837,26,0.030889469,0.0320775255,0.03148349725,0.5571749219665233,0.4428250780334767
47837,27,0.0320775255,0.033265582,0.03267155375,0.5654174475917442,0.43458255240825583
47837,28,0.033265582,0.0344536385,0.033859610250000005,0.5396625096048968,0.4603374903951032
47837,29,0.0344536385,0.035641695,0.03504766675,0.31356190277262447,0.6864380972273756
52691,0,0.0,0.0011895819333333332,0.0005947909666666666,0.5282556260187936,0.4717443739812064
52691,1,0.0011895819333333332,0.0023791638666666665,0.0017843728999999999,0.5519753824426286,0.44802461755737144
52691,2,0.0023791638666666665,0.0035687457999999997,0.002973954833333333,0.56883671661517,0.43116328338483
52691,3,0.0035687457999999997,0.004758327733333333,0.004163536766666667,0.563243128731003,0.436756871268997
52691,4,0.004758327733333333,0.005947909666666666,0.005353118699999999,0.5858310836981523,0.4141689163018477
52691,5,0.005947909666666666,0.0071374915999999995,0.006542700633333332,0.5497704169790475,0.4502295830209525
52691,6,0.0071374915999999995,0.008327073533333333,0.007732282566666667,0.5556129867877029,0.4443870132122971
52691,7,0.008327073533333333,0.009516655466666666,0.0089218645,0.5564949182255583,0.4435050817744417
52691,8,0.009516655466666666,0.010706237399999999,0.010111446433333332,0.5564947430664466,0.44350525693355336
52691,9,0.010706237399999999,0.011895819333333332,0.011301028366666665,0.5741070956603761,0.4258929043396239
52691,10,0.011895819333333332,0.013085401266666666,0.0124906103,0.5692952476327907,0.4307047523672093
52691,11,0.013085401266666666,0.014274983199999999,0.013680192233333333,0.5589564159012568,0.4410435840987432
52691,12,0.014274983199999999,0.015464565133333332,0.014869774166666665,0.5567824206130251,0.4432175793869749
52691,13,0.015464565133333332,0.016654147066666666,0.016059356099999998,0.5552436305993024,0.4447563694006976
52691,14,0.016654147066666666,0.017843729,0.017248938033333334,0.5852123959773547,0.41478760402264525
52691,15,0.017843729,0.019033310933333332,0.018438519966666664,0.5679860644721415,0.4320139355278585
52691,16,0.019033310933333332,0.020222892866666665,0.0196281019,0.559471050526123,0.440528949473877
52691,17,0.020222892866666665,0.021412474799999998,0.02081768383333333,0.5467352231776029,0.4532647768223971
52691,18,0.021412474799999998,0.02260205673333333,0.022007265766666666,0.5591429242261167,0.44085707577388333
52691,19,0.02260205673333333,0.023791638666666663,0.023196847699999995,0.5681839972511836,0.4318160027488164
52691,20,0.023791638666666663,0.0249812206,0.02438642963333333,0.5698709055822477,0.43012909441775227
52691,21,0.0249812206,0.026170802533333332,0.025576011566666668,0.558994643687894,0.441005356312106
52691,22,0.026170802533333332,0.027360384466666665,0.026765593499999997,0.5585100444148509,0.44148995558514914
52691,23,0.027360384466666665,0.028549966399999998,0.027955175433333333,0.5642784915784455,0.43572150842155455
52691,24,0.028549966399999998,0.02973954833333333,0.029144757366666663,0.5712400394531549,0.42875996054684506
52691,25,0.02973954833333333,0.030929130266666664,0.0303343393,0.5551744902863895,0.44482550971361046
52691,26,0.030929130266666664,0.032118712199999996,0.03152392123333333,0.5631733153039374,0.43682668469606256
52691,27,0.032118712199999996,0.03330829413333333,0.032713503166666665,0.5532239175985992,0.44677608240140076
52691,28,0.03330829413333333,0.03449787606666666,0.033903085099999994,0.5185195396283959,0.4814804603716041
52691,29,0.03449787606666666,0.035687458,0.03509266703333333,0.3297592883258428,0.6702407116741572
61417,0,0.0,0.0011863307333333335,0.0005931653666666667,0.5322688605456816,0.46773113945431843
61417,1,0.0011863307333333335,0.002372661466666667,0.0017794961000000002,0.5496128314879297,0.4503871685120703
61417,2,0.002372661466666667,0.0035589922000000005,0.0029658268333333337,0.5653377320643478,0.4346622679356522
61417,3,0.0035589922000000005,0.004745322933333334,0.004152157566666667,0.5579381676154807,0.44206183238451935
61417,4,0.004745322933333334,0.0059316536666666675,0.005338488300000001,0.5511198696408869,0.4488801303591131
61417,5,0.0059316536666666675,0.007117984400000001,0.006524819033333334,0.5808254123828163,0.41917458761718374
61417,6,0.007117984400000001,0.008304315133333334,0.007711149766666667,0.5681788990086858,0.4318211009913142
61417,7,0.008304315133333334,0.009490645866666668,0.0088974805,0.5744212869955895,0.4255787130044105
61417,8,0.009490645866666668,0.010676976600000002,0.010083811233333335,0.5659059188593261,0.43409408114067394
61417,9,0.010676976600000002,0.011863307333333335,0.011270141966666668,0.5516108417921929,0.4483891582078071
61417,10,0.011863307333333335,0.013049638066666668,0.012456472700000002,0.5806593859463951,0.4193406140536049
61417,11,0.013049638066666668,0.014235968800000002,0.013642803433333335,0.5661841493798843,0.43381585062011574
61417,12,0.014235968800000002,0.015422299533333336,0.014829134166666669,0.5812846060645739,0.4187153939354261
61417,13,0.015422299533333336,0.016608630266666667,0.0160154649,0.5737786410163496,0.42622135898365043
61417,14,0.016608630266666667,0.017794961,0.017201795633333336,0.5649112971320538,0.4350887028679462
61417,15,0.017794961,0.018981291733333336,0.018388126366666667,0.5666855536941974,0.4333144463058026
61417,16,0.018981291733333336,0.02016762246666667,0.019574457100000005,0.5532036126515929,0.4467963873484071
61417,17,0.02016762246666667,0.021353953200000005,0.020760787833333336,0.5741441129562256,0.4258558870437744
61417,18,0.021353953200000005,0.022540283933333335,0.02194711856666667,0.5770884025023723,0.42291159749762774
61417,19,0.022540283933333335,0.02372661466666667,0.023133449300000004,0.561568667218748,0.438431332781252
61417,20,0.02372661466666667,0.024912945400000004,0.024319780033333335,0.5759799380490215,0.4240200619509785
61417,21,0.024912945400000004,0.026099276133333335,0.02550611076666667,0.5474905510114014,0.4525094489885986
61417,22,0.026099276133333335,0.02728560686666667,0.026692441500000004,0.5852486435013321,0.4147513564986679
61417,23,0.02728560686666667,0.028471937600000004,0.027878772233333335,0.565014268244781,0.43498573175521904
61417,24,0.028471937600000004,0.029658268333333338,0.029065102966666673,0.5534832624180555,0.44651673758194454
61417,25,0.029658268333333338,0.030844599066666673,0.030251433700000004,0.5389484704113235,0.46105152958867646
61417,26,0.030844599066666673,0.0320309298,0.031437764433333334,0.5680660987606351,0.4319339012393649
61417,27,0.0320309298,0.033217260533333334,0.03262409516666667,0.5476286764486942,0.4523713235513058
61417,28,0.033217260533333334,0.03440359126666667,0.0338104259,0.5399331164093116,0.46006688359068837
61417,29,0.03440359126666667,0.035589922,0.034996756633333334,0.28477279471594275,0.7152272052840573
69371,0,0.0,0.0011809735333333333,0.0005904867666666667,0.5251754003080831,0.4748245996919169
69371,1,0.0011809735333333333,0.0023619470666666666,0.0017714603,0.5564500025946945,0.44354999740530554
69371,2,0.0023619470666666666,0.0035429206,0.0029524338333333333,0.5564630100054943,0.44353698999450575
69371,3,0.0035429206,0.004723894133333333,0.004133407366666666,0.5584956786412456,0.4415043213587544
69371,4,0.004723894133333333,0.005904867666666667,0.0053143809,0.5734712529632541,0.4265287470367459
69371,5,0.005904867666666667,0.0070858412,0.006495354433333333,0.5784316383784505,0.42156836162154954
69371,6,0.0070858412,0.008266814733333332,0.007676327966666666,0.5729818369666659,0.42701816303333406
69371,7,0.008266814733333332,0.009447788266666667,0.0088573015,0.569166563984629,0.43083343601537105
69371,8,0.009447788266666667,0.0106287618,0.010038275033333334,0.5707561177825183,0.42924388221748166
69371,9,0.0106287618,0.011809735333333333,0.011219248566666666,0.5773662656343149,0.4226337343656851
69371,10,0.011809735333333333,0.012990708866666666,0.0124002221,0.5688501547789302,0.4311498452210698
69371,11,0.012990708866666666,0.0141716824,0.013581195633333333,0.5700600004258062,0.4299399995741938
69371,12,0.0141716824,0.015352655933333334,0.014762169166666667,0.5753675503450015,0.42463244965499847
69371,13,0.015352655933333334,0.016533629466666665,0.0159431427,0.5649412343233563,0.4350587656766437
69371,14,0.016533629466666665,0.017714603,0.017124116233333334,0.5665422266147209,0.43345777338527913
69371,15,0.017714603,0.018895576533333333,0.018305089766666664,0.5811305848078255,0.41886941519217447
69371,16,0.018895576533333333,0.020076550066666667,0.019486063300000002,0.565630716707043,0.434369283292957
69371,17,0.020076550066666667,0.0212575236,0.020667036833333333,0.5684888983071889,0.43151110169281115
69371,18,0.0212575236,0.022438497133333332,0.021848010366666667,0.5460579743488212,0.4539420256511788
69371,19,0.022438497133333332,0.023619470666666666,0.0230289839,0.5760143466678065,0.4239856533321935
69371,20,0.023619470666666666,0.0248004442,0.02420995743333333,0.5858523567088846,0.4141476432911154
69371,21,0.0248004442,0.02598141773333333,0.025390930966666666,0.5720989755916762,0.4279010244083238
69371,22,0.02598141773333333,0.027162391266666665,0.0265719045,0.5805309067563674,0.4194690932436326
69371,23,0.027162391266666665,0.0283433648,0.02775287803333333,0.5622360664420417,0.4377639335579583
69371,24,0.0283433648,0.029524338333333334,0.02893385156666667,0.5723629432880595,0.4276370567119405
69371,25,0.029524338333333334,0.030705311866666668,0.0301148251,0.5656633690809546,0.4343366309190454
69371,26,0.030705311866666668,0.0318862854,0.03129579863333333,0.5498546164818462,0.4501453835181538
69371,27,0.0318862854,0.03306725893333333,0.03247677216666667,0.5372515171554078,0.46274848284459225
69371,28,0.03306725893333333,0.03424823246666667,0.0336577457,0.5364751247613919,0.4635248752386081
69371,29,0.03424823246666667,0.035429206,0.03483871923333333,0.2967082026399715,0.7032917973600286
74167,0,0.0,0.0011858925000000002,0.0005929462500000001,0.5330762647266857,0.4669237352733143
74167,1,0.0011858925000000002,0.0023717850000000004,0.0017788387500000003,0.566599498222226,0.433400501777774
74167,2,0.0023717850000000004,0.0035576775000000006,0.0029647312500000007,0.5770431960253738,0.4229568039746262
74167,3,0.0035576775000000006,0.004743570000000001,0.0041506237500000005,0.5731446691887656,0.4268553308112344
74167,4,0.004743570000000001,0.005929462500000001,0.005336516250000001,0.5590116465907952,0.44098835340920484
74167,5,0.005929462500000001,0.007115355000000001,0.006522408750000002,0.561486800603854,0.43851319939614597
74167,6,0.007115355000000001,0.008301247500000001,0.007708301250000001,0.5595859932968725,0.44041400670312747
74167,7,0.008301247500000001,0.009487140000000002,0.008894193750000001,0.5446556822556786,0.4553443177443214
74167,8,0.009487140000000002,0.010673032500000002,0.010080086250000002,0.5716440500809005,0.42835594991909953
74167,9,0.010673032500000002,0.011858925000000003,0.011265978750000002,0.5547576697005209,0.4452423302994791
74167,10,0.011858925000000003,0.013044817500000002,0.012451871250000003,0.5772346241782533,0.42276537582174667
74167,11,0.013044817500000002,0.014230710000000002,0.013637763750000002,0.5679642294178372,0.4320357705821628
74167,12,0.014230710000000002,0.015416602500000003,0.014823656250000003,0.5681163792352962,0.43188362076470377
74167,13,0.015416602500000003,0.016602495000000002,0.01600954875,0.5870735766086083,0.41292642339139174
74167,14,0.016602495000000002,0.017788387500000002,0.017195441250000002,0.5545420901484512,0.44545790985154876
74167,15,0.017788387500000002,0.018974280000000003,0.018381333750000003,0.5481972583610127,0.45180274163898726
74167,16,0.018974280000000003,0.020160172500000004,0.019567226250000003,0.5664122364964671,0.4335877635035329
74167,17,0.020160172500000004,0.021346065000000004,0.020753118750000004,0.5683422563409597,0.4316577436590403
74167,18,0.021346065000000004,0.022531957500000005,0.021939011250000005,0.5701676188831637,0.4298323811168363
74167,19,0.022531957500000005,0.023717850000000006,0.023124903750000005,0.5530783889397385,0.4469216110602615
74167,20,0.023717850000000006,0.024903742500000003,0.024310796250000002,0.5760183340760956,0.4239816659239044
74167,21,0.024903742500000003,0.026089635000000003,0.025496688750000003,0.5656484199053792,0.4343515800946208
74167,22,0.026089635000000003,0.027275527500000004,0.026682581250000004,0.570818227236184,0.42918177276381597
74167,23,0.027275527500000004,0.028461420000000005,0.027868473750000004,0.563359258016525,0.436640741983475
74167,24,0.028461420000000005,0.029647312500000005,0.029054366250000005,0.5505852804635221,0.44941471953647794
74167,25,0.029647312500000005,0.030833205000000006,0.030240258750000006,0.5738813248048841,0.4261186751951159
74167,26,0.030833205000000006,0.0320190975,0.031426151250000006,0.560029034819029,0.439970965180971
74167,27,0.0320190975,0.033204990000000004,0.03261204375,0.5357244423888271,0.4642755576111729
74167,28,0.033204990000000004,0.034390882500000004,0.03379793625000001,0.5485293578639151,0.4514706421360849
74167,29,0.034390882500000004,0.035576775000000005,0.03498382875,0.28852947596990025,0.7114705240300998
81929,0,0.0,0.0011876634666666665,0.0005938317333333333,0.5248975962557519,0.47510240374424806
81929,1,0.0011876634666666665,0.002375326933333333,0.0017814951999999998,0.5531132253795714,0.4468867746204286
81929,2,0.002375326933333333,0.0035629903999999995,0.0029691586666666663,0.565924150834493,0.434075849165507
81929,3,0.0035629903999999995,0.004750653866666666,0.004156822133333333,0.559183059783365,0.440816940216635
81929,4,0.004750653866666666,0.0059383173333333325,0.005344485599999999,0.5831395331771123,0.4168604668228877
81929,5,0.0059383173333333325,0.007125980799999999,0.006532149066666666,0.5586080117663803,0.4413919882336197
81929,6,0.007125980799999999,0.008313644266666666,0.007719812533333333,0.5604307425007647,0.43956925749923526
81929,7,0.008313644266666666,0.009501307733333332,0.008907476,0.574984575264363,0.425015424735637
81929,8,0.009501307733333332,0.010688971199999998,0.010095139466666665,0.565800929542707,0.434199070457293
81929,9,0.010688971199999998,0.011876634666666665,0.011282802933333332,0.5588294755590602,0.44117052444093985
81929,10,0.011876634666666665,0.013064298133333332,0.012470466399999998,0.5679913870636777,0.4320086129363223
81929,11,0.013064298133333332,0.014251961599999998,0.013658129866666665,0.5582723262914725,0.4417276737085275
81929,12,0.014251961599999998,0.015439625066666664,0.014845793333333331,0.5461164098928568,0.4538835901071432
81929,13,0.015439625066666664,0.016627288533333333,0.0160334568,0.5704068008295553,0.4295931991704447
81929,14,0.016627288533333333,0.017814952,0.017221120266666667,0.5629545694209318,0.4370454305790682
81929,15,0.017814952,0.019002615466666664,0.01840878373333333,0.5605794787234677,0.4394205212765323
81929,16,0.019002615466666664,0.02019027893333333,0.0195964472,0.5719511624615256,0.42804883753847445
81929,17,0.02019027893333333,0.021377942399999995,0.02078411066666666,0.5626605191778297,0.43733948082217033
81929,18,0.021377942399999995,0.022565605866666665,0.02197177413333333,0.5631999297824389,0.43680007021756107
81929,19,0.022565605866666665,0.02375326933333333,0.0231594376,0.532698133588259,0.467301866411741
81929,20,0.02375326933333333,0.024940932799999996,0.02434710106666666,0.5682300870962491,0.4317699129037509
81929,21,0.024940932799999996,0.026128596266666665,0.02553476453333333,0.5595996357676347,0.4404003642323653
81929,22,0.026128596266666665,0.02731625973333333,0.026722428,0.5654388357331505,0.43456116426684954
81929,23,0.02731625973333333,0.028503923199999996,0.02791009146666666,0.5514057326582904,0.4485942673417096
81929,24,0.028503923199999996,0.029691586666666662,0.02909775493333333,0.5602859335705404,0.43971406642945965
81929,25,0.029691586666666662,0.030879250133333327,0.030285418399999993,0.5656735930268408,0.43432640697315916
81929,26,0.030879250133333327,0.0320669136,0.03147308186666666,0.5733318344886177,0.4266681655113823
81929,27,0.0320669136,0.033254577066666666,0.03266074533333333,0.5712412033983293,0.4287587966016707
81929,28,0.033254577066666666,0.03444224053333333,0.03384840879999999,0.5283970445945917,0.4716029554054083
81929,29,0.03444224053333333,0.035629904,0.03503607226666666,0.34587113648312057,0.6541288635168794
90709,0,0.0,0.0011932381333333334,0.0005966190666666667,0.508731570239195,0.491268429760805
90709,1,0.0011932381333333334,0.002386476266666667,0.0017898572000000002,0.5450724631804259,0.4549275368195741
90709,2,0.002386476266666667,0.0035797144000000005,0.002983095333333334,0.5603169116336957,0.4396830883663043
90709,3,0.0035797144000000005,0.004772952533333334,0.004176333466666667,0.5573120656593756,0.44268793434062437
90709,4,0.004772952533333334,0.005966190666666667,0.0053695716,0.5663404371895355,0.43365956281046447
90709,5,0.005966190666666667,0.007159428800000001,0.006562809733333334,0.5515530048283543,0.44844699517164566
90709,6,0.007159428800000001,0.008352666933333334,0.0077560478666666675,0.5771714977225468,0.42282850227745317
90709,7,0.008352666933333334,0.009545905066666667,0.008949286,0.5767962960712019,0.42320370392879814
90709,8,0.009545905066666667,0.0107391432,0.010142524133333334,0.546397650361932,0.453602349638068
90709,9,0.0107391432,0.011932381333333334,0.011335762266666667,0.5448772980106145,0.45512270198938554
90709,10,0.011932381333333334,0.013125619466666667,0.0125290004,0.5742418746894182,0.42575812531058177
90709,11,0.013125619466666667,0.014318857600000002,0.013722238533333334,0.5611283702595891,0.43887162974041094
90709,12,0.014318857600000002,0.015512095733333335,0.014915476666666668,0.5697963998828044,0.4302036001171956
90709,13,0.015512095733333335,0.01670533386666667,0.0161087148,0.5650869397168216,0.43491306028317844
90709,14,0.01670533386666667,0.017898572,0.017301952933333337,0.5792173903980004,0.42078260960199965
90709,15,0.017898572,0.019091810133333335,0.018495191066666666,0.5574195374488982,0.44258046255110184
90709,16,0.019091810133333335,0.020285048266666668,0.019688429200000003,0.5589551347482385,0.44104486525176145
90709,17,0.020285048266666668,0.0214782864,0.020881667333333333,0.5771508093739462,0.42284919062605375
90709,18,0.0214782864,0.022671524533333334,0.02207490546666667,0.5671628692558663,0.43283713074413366
90709,19,0.022671524533333334,0.023864762666666667,0.0232681436,0.5550409254486152,0.44495907455138484
90709,20,0.023864762666666667,0.0250580008,0.024461381733333336,0.5729948048366506,0.42700519516334945
90709,21,0.0250580008,0.026251238933333334,0.025654619866666666,0.5585778821739373,0.44142211782606267
90709,22,0.026251238933333334,0.027444477066666667,0.026847858000000002,0.5830016003651888,0.4169983996348112
90709,23,0.027444477066666667,0.028637715200000004,0.028041096133333335,0.548738706672578,0.45126129332742204
90709,24,0.028637715200000004,0.029830953333333337,0.02923433426666667,0.5582906807726561,0.4417093192273439
90709,25,0.029830953333333337,0.03102419146666667,0.030427572400000005,0.5620595947866444,0.43794040521335564
90709,26,0.03102419146666667,0.0322174296,0.031620810533333335,0.5728148797752329,0.42718512022476707
90709,27,0.0322174296,0.03341066773333334,0.032814048666666665,0.5583643720572382,0.4416356279427618
90709,28,0.03341066773333334,0.034603905866666666,0.0340072868,0.5282801994436291,0.47171980055637086
90709,29,0.034603905866666666,0.035797144,0.03520052493333334,0.2755102701688359,0.7244897298311641
98251,0,0.0,0.0011797354333333333,0.0005898677166666667,0.527938907619701,0.47206109238029903
98251,1,0.0011797354333333333,0.0023594708666666666,0.00176960315,0.5450112283406334,0.4549887716593666
98251,2,0.0023594708666666666,0.0035392063,0.002949338583333333,0.5603714888937567,0.43962851110624335
98251,3,0.0035392063,0.004718941733333333,0.004129074016666666,0.5729149320348708,0.42708506796512924
98251,4,0.004718941733333333,0.005898677166666666,0.00530880945,0.5865383227454435,0.4134616772545565
98251,5,0.005898677166666666,0.0070784126,0.006488544883333333,0.5687758532657309,0.4312241467342691
98251,6,0.0070784126,0.008258148033333332,0.007668280316666666,0.5622230126006921,0.4377769873993079
98251,7,0.008258148033333332,0.009437883466666666,0.00884801575,0.5614992319286917,0.43850076807130833
98251,8,0.009437883466666666,0.0106176189,0.010027751183333333,0.5614734877301054,0.4385265122698946
98251,9,0.0106176189,0.011797354333333333,0.011207486616666667,0.5597343992021968,0.4402656007978032
98251,10,0.011797354333333333,0.012977089766666667,0.01238722205,0.5627420580619955,0.4372579419380045
98251,11,0.012977089766666667,0.0141568252,0.013566957483333333,0.5738835183337567,0.4261164816662433
98251,12,0.0141568252,0.015336560633333333,0.014746692916666667,0.5606914163637109,0.4393085836362891
98251,13,0.015336560633333333,0.016516296066666665,0.01592642835,0.5743177707427031,0.42568222925729693
98251,14,0.016516296066666665,0.0176960315,0.017106163783333333,0.5594867479548835,0.4405132520451165
98251,15,0.0176960315,0.018875766933333333,0.018285899216666665,0.5817201137148758,0.41827988628512425
98251,16,0.018875766933333333,0.020055502366666665,0.01946563465,0.56349820932461,0.43650179067538997
98251,17,0.020055502366666665,0.0212352378,0.020645370083333333,0.5674034457808628,0.43259655421913723
98251,18,0.0212352378,0.022414973233333333,0.021825105516666665,0.5581214614356436,0.44187853856435644
98251,19,0.022414973233333333,0.023594708666666665,0.02300484095,0.5609427201588756,0.4390572798411244
98251,20,0.023594708666666665,0.0247744441,0.024184576383333333,0.5646226481734083,0.43537735182659165
98251,21,0.0247744441,0.025954179533333333,0.025364311816666665,0.5708456478701222,0.42915435212987785
98251,22,0.025954179533333333,0.027133914966666665,0.02654404725,0.5677938999788045,0.4322061000211955
98251,23,0.027133914966666665,0.0283136504,0.027723782683333333,0.5561132057176572,0.4438867942823428
98251,24,0.0283136504,0.029493385833333333,0.028903518116666665,0.5704505514841663,0.42954944851583365
98251,25,0.029493385833333333,0.030673121266666666,0.03008325355,0.5748661799034251,0.42513382009657485
98251,26,0.030673121266666666,0.0318528567,0.03126298898333334,0.5605492076837699,0.4394507923162301
98251,27,0.0318528567,0.03303259213333333,0.032442724416666666,0.570472377104435,0.429527622895565
98251,28,0.03303259213333333,0.034212327566666666,0.033622459849999994,0.5370808755331563,0.4629191244668437
98251,29,0.034212327566666666,0.035392063,0.03480219528333334,0.3559239318156232,0.6440760681843768
