seed,bin,r_low_m,r_high_m,r_center_m,r_over_R,solid_fraction,porosity
105019,0,0.0,0.0008,0.0004,0.05,0.5267875053147721,0.47321249468522786
105019,1,0.0008,0.0016,0.0012000000000000001,0.15000000000000002,0.617925198535835,0.38207480146416495
105019,2,0.0016,0.0024000000000000002,0.002,0.25,0.5877574228354454,0.4122425771645546
105019,3,0.0024000000000000002,0.0032,0.0028000000000000004,0.35000000000000003,0.5988192424912603,0.4011807575087397
105019,4,0.0032,0.004,0.0036,0.44999999999999996,0.5696282669780388,0.4303717330219612
105019,5,0.004,0.0048000000000000004,0.0044,0.55,0.5994914971750547,0.4005085028249453
105019,6,0.0048000000000000004,0.0056,0.0052,0.6499999999999999,0.5606865131554114,0.4393134868445886
105019,7,0.0056,0.0064,0.006,0.75,0.558642715492381,0.441357284507619
105019,8,0.0064,0.007200000000000001,0.0068000000000000005,0.8500000000000001,0.5991161144638417,0.4008838855361583
105019,9,0.007200000000000001,0.008,0.007600000000000001,0.9500000000000001,0.42558224659788807,0.574417753402112
113117,0,0.0,0.0008,0.0004,0.05,0.5801330877349546,0.41986691226504536
113117,1,0.0008,0.0016,0.0012000000000000001,0.15000000000000002,0.5555711750028065,0.4444288249971935
113117,2,0.0016,0.0024000000000000002,0.002,0.25,0.5809505937541375,0.4190494062458625
113117,3,0.0024000000000000002,0.0032,0.0028000000000000004,0.35000000000000003,0.59350647623892,0.40649352376107994
113117,4,0.0032,0.004,0.0036,0.44999999999999996,0.5769067319339073,0.4230932680660927
113117,5,0.004,0.0048000000000000004,0.0044,0.55,0.5959528407381001,0.40404715926189994
113117,6,0.0048000000000000004,0.0056,0.0052,0.6499999999999999,0.5696589947303015,0.43034100526969854
113117,7,0.0056,0.0064,0.006,0.75,0.5583479572507695,0.44165204274923053
113117,8,0.0064,0.007200000000000001,0.0068000000000000005,0.8500000000000001,0.5943552366312413,0.40564476336875865
113117,9,0.007200000000000001,0.008,0.007600000000000001,0.9500000000000001,0.4225891977334235,0.5774108022665765
121021,0,0.0,0.0008,0.0004,0.05,0.6076807405071143,0.3923192594928857
121021,1,0.0008,0.0016,0.0012000000000000001,0.15000000000000002,0.5919407091921942,0.4080592908078058
121021,2,0.0016,0.0024000000000000002,0.002,0.25,0.6010063499196414,0.3989936500803586
121021,3,0.0024000000000000002,0.0032,0.0028000000000000004,0.35000000000000003,0.5867811148649943,0.4132188851350057
121021,4,0.0032,0.004,0.0036,0.44999999999999996,0.5803148030511667,0.41968519694883333
121021,5,0.004,0.0048000000000000004,0.0044,0.55,0.5868795045237728,0.4131204954762272
121021,6,0.0048000000000000004,0.0056,0.0052,0.6499999999999999,0.572032319361642,0.427967680638358
121021,7,0.0056,0.0064,0.006,0.75,0.5475808215562135,0.45241917844378654
121021,8,0.0064,0.007200000000000001,0.0068000000000000005,0.8500000000000001,0.6083504224216038,0.39164957757839625
121021,9,0.007200000000000001,0.008,0.007600000000000001,0.9500000000000001,0.4216393481411732,0.5783606518588268
129121,0,0.0,0.0008,0.0004,0.05,0.5597630814369516,0.44023691856304836
129121,1,0.0008,0.0016,0.0012000000000000001,0.15000000000000002,0.5861259559367711,0.4138740440632289
129121,2,0.0016,0.0024000000000000002,0.002,0.25,0.5738410751978599,0.4261589248021401
129121,3,0.0024000000000000002,0.0032,0.0028000000000000004,0.35000000000000003,0.6086716565861754,0.3913283434138246
129121,4,0.0032,0.004,0.0036,0.44999999999999996,0.5676590953955339,0.43234090460446606
129121,5,0.004,0.0048000000000000004,0.0044,0.55,0.6093547966247236,0.3906452033752764
129121,6,0.0048000000000000004,0.0056,0.0052,0.6499999999999999,0.5666778751495627,0.4333221248504373
129121,7,0.0056,0.0064,0.006,0.75,0.5632787890398642,0.43672121096013583
129121,8,0.0064,0.007200000000000001,0.0068000000000000005,0.8500000000000001,0.6053556356736894,0.39464436432631056
129121,9,0.007200000000000001,0.008,0.007600000000000001,0.9500000000000001,0.4359803069853226,0.5640196930146775
137077,0,0.0,0.0008,0.0004,0.05,0.6159769518122337,0.38402304818776634
137077,1,0.0008,0.0016,0.0012000000000000001,0.15000000000000002,0.6072390948710154,0.39276090512898465
137077,2,0.0016,0.0024000000000000002,0.002,0.25,0.5796674977382332,0.42033250226176677
137077,3,0.0024000000000000002,0.0032,0.0028000000000000004,0.35000000000000003,0.605831929389231,0.394168070610769
137077,4,0.0032,0.004,0.0036,0.44999999999999996,0.5744924954715638,0.4255075045284362
137077,5,0.004,0.0048000000000000004,0.0044,0.55,0.6119007318007114,0.38809926819928864
137077,6,0.0048000000000000004,0.0056,0.0052,0.6499999999999999,0.5636447595627878,0.4363552404372122
137077,7,0.0056,0.0064,0.006,0.75,0.5724646818805799,0.42753531811942014
137077,8,0.0064,0.007200000000000001,0.0068000000000000005,0.8500000000000001,0.6028790747478,0.3971209252522
137077,9,0.007200000000000001,0.008,0.007600000000000001,0.9500000000000001,0.43183660269622204,0.568163397303778
145093,0,0.0,0.0008,0.0004,0.05,0.5997947871337984,0.4002052128662016
145093,1,0.0008,0.0016,0.0012000000000000001,0.15000000000000002,0.6051732839295783,0.39482671607042175
145093,2,0.0016,0.0024000000000000002,0.002,0.25,0.5780044952847309,0.42199550471526914
145093,3,0.0024000000000000002,0.0032,0.0028000000000000004,0.35000000000000003,0.6037903674526347,0.3962096325473653
145093,4,0.0032,0.004,0.0036,0.44999999999999996,0.5736285024184679,0.42637149758153214
145093,5,0.004,0.0048000000000000004,0.0044,0.55,0.6124784182020744,0.3875215817979256
145093,6,0.0048000000000000004,0.0056,0.0052,0.6499999999999999,0.5598161365451995,0.44018386345480054
145093,7,0.0056,0.0064,0.006,0.75,0.5630742704531905,0.4369257295468095
145093,8,0.0064,0.007200000000000001,0.0068000000000000005,0.8500000000000001,0.5978175140201498,0.4021824859798502
145093,9,0.007200000000000001,0.008,0.007600000000000001,0.9500000000000001,0.4218279364300624,0.5781720635699377
153133,0,0.0,0.0008,0.0004,0.05,0.6283766077921423,0.3716233922078577
153133,1,0.0008,0.0016,0.0012000000000000001,0.15000000000000002,0.5960638725080813,0.40393612749191865
153133,2,0.0016,0.0024000000000000002,0.002,0.25,0.5901822287471141,0.4098177712528859
153133,3,0.0024000000000000002,0.0032,0.0028000000000000004,0.35000000000000003,0.593646963368109,0.40635303663189104
153133,4,0.0032,0.004,0.0036,0.44999999999999996,0.5738425351546058,0.4261574648453942
153133,5,0.004,0.0048000000000000004,0.0044,0.55,0.6059314937234936,0.39406850627650636
153133,6,0.0048000000000000004,0.0056,0.0052,0.6499999999999999,0.5630798188526471,0.43692018114735287
153133,7,0.0056,0.0064,0.006,0.75,0.5658703240315744,0.43412967596842555
153133,8,0.0064,0.007200000000000001,0.0068000000000000005,0.8500000000000001,0.5867191788569474,0.41328082114305265
153133,9,0.007200000000000001,0.008,0.007600000000000001,0.9500000000000001,0.4216194513522396,0.5783805486477605
161123,0,0.0,0.0008,0.0004,0.05,0.5894644079532055,0.41053559204679446
161123,1,0.0008,0.0016,0.0012000000000000001,0.15000000000000002,0.5962284349823765,0.40377156501762346
161123,2,0.0016,0.0024000000000000002,0.002,0.25,0.578719470471635,0.42128052952836503
161123,3,0.0024000000000000002,0.0032,0.0028000000000000004,0.35000000000000003,0.6002659182923448,0.39973408170765523
161123,4,0.0032,0.004,0.0036,0.44999999999999996,0.5724360759132403,0.4275639240867597
161123,5,0.004,0.0048000000000000004,0.0044,0.55,0.6002414846132468,0.3997585153867532
161123,6,0.0048000000000000004,0.0056,0.0052,0.6499999999999999,0.5635327178725316,0.43646728212746844
161123,7,0.0056,0.0064,0.006,0.75,0.5613222129897801,0.43867778701021987
161123,8,0.0064,0.007200000000000001,0.0068000000000000005,0.8500000000000001,0.5977669429257636,0.4022330570742364
161123,9,0.007200000000000001,0.008,0.007600000000000001,0.9500000000000001,0.43097326246359097,0.5690267375364091
18427,0,0.0,0.0008,0.0004,0.05,0.5765342234101699,0.4234657765898301
18427,1,0.0008,0.0016,0.0012000000000000001,0.15000000000000002,0.5847283031532242,0.4152716968467758
18427,2,0.0016,0.0024000000000000002,0.002,0.25,0.5811611447736571,0.4188388552263429
18427,3,0.0024000000000000002,0.0032,0.0028000000000000004,0.35000000000000003,0.5954675654271799,0.40453243457282007
18427,4,0.0032,0.004,0.0036,0.44999999999999996,0.5745787259878405,0.42542127401215946
18427,5,0.004,0.0048000000000000004,0.0044,0.55,0.6052708196607811,0.3947291803392189
18427,6,0.0048000000000000004,0.0056,0.0052,0.6499999999999999,0.5700000233822982,0.42999997661770184
18427,7,0.0056,0.0064,0.006,0.75,0.5647295515839847,0.43527044841601525
18427,8,0.0064,0.007200000000000001,0.0068000000000000005,0.8500000000000001,0.5896633732388059,0.4103366267611941
18427,9,0.007200000000000001,0.008,0.007600000000000001,0.9500000000000001,0.4140532296644387,0.5859467703355613
27183,0,0.0,0.0008,0.0004,0.05,0.5924093986414618,0.4075906013585382
27183,1,0.0008,0.0016,0.0012000000000000001,0.15000000000000002,0.6077784865879579,0.39222151341204214
27183,2,0.0016,0.0024000000000000002,0.002,0.25,0.5783918124779688,0.4216081875220312
27183,3,0.0024000000000000002,0.0032,0.0028000000000000004,0.35000000000000003,0.5914780434013799,0.4085219565986201
27183,4,0.0032,0.004,0.0036,0.44999999999999996,0.5737816763585207,0.42621832364147927
27183,5,0.004,0.0048000000000000004,0.0044,0.55,0.6033342229314274,0.39666577706857264
27183,6,0.0048000000000000004,0.0056,0.0052,0.6499999999999999,0.5662489850479027,0.43375101495209734
27183,7,0.0056,0.0064,0.006,0.75,0.5639737671132947,0.4360262328867053
27183,8,0.0064,0.007200000000000001,0.0068000000000000005,0.8500000000000001,0.6042055339787397,0.39579446602126034
27183,9,0.007200000000000001,0.008,0.007600000000000001,0.9500000000000001,0.43072621541478234,0.5692737845852176
31991,0,0.0,0.0008,0.0004,0.05,0.6076667317793015,0.3923332682206985
31991,1,0.0008,0.0016,0.0012000000000000001,0.15000000000000002,0.5869195788360745,0.4130804211639255
31991,2,0.0016,0.0024000000000000002,0.002,0.25,0.5852302022809814,0.41476979771901856
31991,3,0.0024000000000000002,0.0032,0.0028000000000000004,0.35000000000000003,0.5873313412993614,0.4126686587006386
31991,4,0.0032,0.004,0.0036,0.44999999999999996,0.5794016558994777,0.4205983441005223
31991,5,0.004,0.0048000000000000004,0.0044,0.55,0.5989515532042294,0.40104844679577056
31991,6,0.0048000000000000004,0.0056,0.0052,0.6499999999999999,0.5660044572995373,0.4339955427004627
31991,7,0.0056,0.0064,0.006,0.75,0.562124998385567,0.43787500161443305
31991,8,0.0064,0.007200000000000001,0.0068000000000000005,0.8500000000000001,0.5991441753536544,0.4008558246463456
31991,9,0.007200000000000001,0.008,0.007600000000000001,0.9500000000000001,0.4185736274711743,0.5814263725288257
40213,0,0.0,0.0008,0.0004,0.05,0.5827722927232665,0.41722770727673353
40213,1,0.0008,0.0016,0.0012000000000000001,0.15000000000000002,0.6076984145960648,0.3923015854039352
40213,2,0.0016,0.0024000000000000002,0.002,0.25,0.5852489596968693,0.4147510403031307
40213,3,0.0024000000000000002,0.0032,0.0028000000000000004,0.35000000000000003,0.6008450891188051,0.3991549108811949
40213,4,0.0032,0.004,0.0036,0.44999999999999996,0.5749081864542646,0.42509181354573544
40213,5,0.004,0.0048000000000000004,0.0044,0.55,0.5995163889054443,0.40048361109455566
40213,6,0.0048000000000000004,0.0056,0.0052,0.6499999999999999,0.562512263436932,0.43748773656306805
40213,7,0.0056,0.0064,0.006,0.75,0.5700039956227774,0.42999600437722263
40213,8,0.0064,0.007200000000000001,0.0068000000000000005,0.8500000000000001,0.6033322317162986,0.3966677682837014
40213,9,0.007200000000000001,0.008,0.007600000000000001,0.9500000000000001,0.4320060089320144,0.5679939910679856
47837,0,0.0,0.0008,0.0004,0.05,0.5830316914653627,0.4169683085346373
47837,1,0.0008,0.0016,0.0012000000000000001,0.15000000000000002,0.6035207364094095,0.3964792635905905
47837,2,0.0016,0.0024000000000000002,0.002,0.25,0.5806757116842882,0.4193242883157118
47837,3,0.0024000000000000002,0.0032,0.0028000000000000004,0.35000000000000003,0.6112695890539739,0.3887304109460261
47837,4,0.0032,0.004,0.0036,0.44999999999999996,0.5629724823434467,0.43702751765655334
47837,5,0.004,0.0048000000000000004,0.0044,0.55,0.6065980703335943,0.39340192966640575
47837,6,0.0048000000000000004,0.0056,0.0052,0.6499999999999999,0.5674832943703121,0.4325167056296879
47837,7,0.0056,0.0064,0.006,0.75,0.5630511188390408,0.4369488811609592
47837,8,0.0064,0.007200000000000001,0.0068000000000000005,0.8500000000000001,0.5984787790527908,0.4015212209472092
47837,9,0.007200000000000001,0.008,0.007600000000000001,0.9500000000000001,0.41990214785521396,0.580097852144786
52691,0,0.0,0.0008,0.0004,0.05,0.5968902077473801,0.4031097922526199
52691,1,0.0008,0.0016,0.0012000000000000001,0.15000000000000002,0.6013797765941998,0.39862022340580017
52691,2,0.0016,0.0024000000000000002,0.002,0.25,0.5977712846089558,0.4022287153910442
52691,3,0.0024000000000000002,0.0032,0.0028000000000000004,0.35000000000000003,0.6034246830858061,0.3965753169141939
52691,4,0.0032,0.004,0.0036,0.44999999999999996,0.5816645639791255,0.41833543602087453
52691,5,0.004,0.0048000000000000004,0.0044,0.55,0.6011157733205241,0.3988842266794759
52691,6,0.0048000000000000004,0.0056,0.0052,0.6499999999999999,0.5654376628969451,0.4345623371030549
52691,7,0.0056,0.0064,0.006,0.75,0.5575992424708154,0.4424007575291846
52691,8,0.0064,0.007200000000000001,0.0068000000000000005,0.8500000000000001,0.5909216910605334,0.4090783089394666
52691,9,0.007200000000000001,0.008,0.007600000000000001,0.9500000000000001,0.41998920192539013,0.5800107980746099
61417,0,0.0,0.0008,0.0004,0.05,0.592996773199884,0.407003226800116
61417,1,0.0008,0.0016,0.0012000000000000001,0.15000000000000002,0.591756370900618,0.40824362909938205
61417,2,0.0016,0.0024000000000000002,0.002,0.25,0.596132392057837,0.40386760794216303
61417,3,0.0024000000000000002,0.0032,0.0028000000000000004,0.35000000000000003,0.5812389724556143,0.4187610275443857
61417,4,0.0032,0.004,0.0036,0.44999999999999996,0.5713051262115785,0.4286948737884215
61417,5,0.004,0.0048000000000000004,0.0044,0.55,0.6099425515332731,0.39005744846672685
61417,6,0.0048000000000000004,0.0056,0.0052,0.6499999999999999,0.5525664813084803,0.4474335186915197
61417,7,0.0056,0.0064,0.006,0.75,0.5687552465929541,0.43124475340704593
61417,8,0.0064,0.007200000000000001,0.0068000000000000005,0.8500000000000001,0.5973194301267405,0.4026805698732595
61417,9,0.007200000000000001,0.008,0.007600000000000001,0.9500000000000001,0.4319198274109205,0.5680801725890795
69371,0,0.0,0.0008,0.0004,0.05,0.6335049802519476,0.36649501974805243
69371,1,0.0008,0.0016,0.0012000000000000001,0.15000000000000002,0.6078926159115445,0.39210738408845547
69371,2,0.0016,0.0024000000000000002,0.002,0.25,0.5885671851205228,0.41143281487947725
69371,3,0.0024000000000000002,0.0032,0.0028000000000000004,0.35000000000000003,0.5985169909247102,0.4014830090752898
69371,4,0.0032,0.004,0.0036,0.44999999999999996,0.5807271272367421,0.41927287276325786
69371,5,0.004,0.0048000000000000004,0.0044,0.55,0.6047347967273135,0.39526520327268655
69371,6,0.0048000000000000004,0.0056,0.0052,0.6499999999999999,0.572617930961201,0.42738206903879905
69371,7,0.0056,0.0064,0.006,0.75,0.5600869834087764,0.4399130165912236
69371,8,0.0064,0.007200000000000001,0.0068000000000000005,0.8500000000000001,0.6037639855920103,0.3962360144079897
69371,9,0.007200000000000001,0.008,0.007600000000000001,0.9500000000000001,0.42238577055461846,0.5776142294453815
74167,0,0.0,0.0008,0.0004,0.05,0.6081805550963936,0.39181944490360643
74167,1,0.0008,0.0016,0.0012000000000000001,0.15000000000000002,0.5757365317047123,0.4242634682952877
74167,2,0.0016,0.0024000000000000002,0.002,0.25,0.5907358995984334,0.4092641004015666
74167,3,0.0024000000000000002,0.0032,0.0028000000000000004,0.35000000000000003,0.6039566162887887,0.3960433837112113
74167,4,0.0032,0.004,0.0036,0.44999999999999996,0.5740870088982102,0.4259129911017898
74167,5,0.004,0.0048000000000000004,0.0044,0.55,0.600053373728375,0.399946626271625
74167,6,0.0048000000000000004,0.0056,0.0052,0.6499999999999999,0.5664324394846393,0.4335675605153607
74167,7,0.0056,0.0064,0.006,0.75,0.5625495195839363,0.4374504804160637
74167,8,0.0064,0.007200000000000001,0.0068000000000000005,0.8500000000000001,0.6005551862767369,0.3994448137232631
74167,9,0.007200000000000001,0.008,0.007600000000000001,0.9500000000000001,0.42221509626203585,0.5777849037379641
81929,0,0.0,0.0008,0.0004,0.05,0.5650310507321289,0.4349689492678711
81929,1,0.0008,0.0016,0.0012000000000000001,0.15000000000000002,0.585862096335458,0.41413790366454195
81929,2,0.0016,0.0024000000000000002,0.002,0.25,0.5976759516073731,0.4023240483926269
81929,3,0.0024000000000000002,0.0032,0.0028000000000000004,0.35000000000000003,0.6052185221047045,0.3947814778952955
81929,4,0.0032,0.004,0.0036,0.44999999999999996,0.5795639890609768,0.42043601093902316
81929,5,0.004,0.0048000000000000004,0.0044,0.55,0.5980131389953202,0.40198686100467984
81929,6,0.0048000000000000004,0.0056,0.0052,0.6499999999999999,0.5731766252321162,0.4268233747678838
81929,7,0.0056,0.0064,0.006,0.75,0.5549452608795008,0.4450547391204992
81929,8,0.0064,0.007200000000000001,0.0068000000000000005,0.8500000000000001,0.6026172745387429,0.3973827254612571
81929,9,0.007200000000000001,0.008,0.007600000000000001,0.9500000000000001,0.4180180228721065,0.5819819771278936
90709,0,0.0,0.0008,0.0004,0.05,0.5821408755589313,0.41785912444106865
90709,1,0.0008,0.0016,0.0012000000000000001,0.15000000000000002,0.610257038187929,0.389742961812071
90709,2,0.0016,0.0024000000000000002,0.002,0.25,0.5963284265594136,0.40367157344058635
90709,3,0.0024000000000000002,0.0032,0.0028000000000000004,0.35000000000000003,0.5962829597006521,0.40371704029934785
90709,4,0.0032,0.004,0.0036,0.44999999999999996,0.5776579009867915,0.4223420990132085
90709,5,0.004,0.0048000000000000004,0.0044,0.55,0.5868243910387322,0.4131756089612678
90709,6,0.0048000000000000004,0.0056,0.0052,0.6499999999999999,0.5670924983566589,0.43290750164334113
90709,7,0.0056,0.0064,0.006,0.75,0.5638388303505065,0.4361611696494935
90709,8,0.0064,0.007200000000000001,0.0068000000000000005,0.8500000000000001,0.5907315656152895,0.4092684343847105
90709,9,0.007200000000000001,0.008,0.007600000000000001,0.9500000000000001,0.41929457701717043,0.5807054229828296
98251,0,0.0,0.0008,0.0004,0.05,0.6252919481148665,0.37470805188513345
98251,1,0.0008,0.0016,0.0012000000000000001,0.15000000000000002,0.600431250795866,0.399568749204134
98251,2,0.0016,0.0024000000000000002,0.002,0.25,0.5873246302603349,0.4126753697396651
98251,3,0.0024000000000000002,0.0032,0.0028000000000000004,0.35000000000000003,0.5916449419652983,0.40835505803470173
98251,4,0.0032,0.004,0.0036,0.44999999999999996,0.5831221309639851,0.41687786903601487
98251,5,0.004,0.0048000000000000004,0.0044,0.55,0.6095662915235706,0.39043370847642944
98251,6,0.0048000000000000004,0.0056,0.0052,0.6499999999999999,0.5726761049596524,0.4273238950403476
98251,7,0.0056,0.0064,0.006,0.75,0.5549978948948118,0.44500210510518823
98251,8,0.0064,0.007200000000000001,0.0068000000000000005,0.8500000000000001,0.6004070678384819,0.39959293216151814
98251,9,0.007200000000000001,0.008,0.007600000000000001,0.9500000000000001,0.4329102358152259,0.5670897641847741
