target,feature,spearman_rho,bootstrap_valid,ci95_low,ci95_high
final_uptake_mol_kg,effective_inlet_to_interior_conductance_m3_s,0.9684210526315788,5000,0.86665907365224,0.9954372623574144
final_uptake_mol_kg,network_inlet_pores,0.7470215268897568,5000,0.4180784151389941,0.9126545859262292
final_uptake_mol_kg,inlet_to_internal_unique_second_layer_pores,0.7036231109323524,5000,0.31538050384990385,0.907171192720111
final_uptake_mol_kg,inlet_to_internal_throat_count,0.6961177420035345,5000,0.3656176559217039,0.8849151835650694
final_uptake_mol_kg,inlet_polar_cell_coverage,0.636974170613958,5000,0.1946718614621709,0.883154695057311
final_uptake_mol_kg,inlet_internal_conductance_m3_s,0.5458646616541353,5000,0.1175088197364668,0.8059612936083522
final_uptake_mol_kg,inlet_radial_mean_over_R,-0.5428571428571428,5000,-0.8088028961497589,-0.1500371287128713
final_uptake_mol_kg,inlet_total_pore_volume_m3,0.4992481203007519,5000,0.07586393831173296,0.796950985547613
final_uptake_mol_kg,inlet_pore_volume_fraction,0.4827067669172932,5000,0.020401928605330938,0.7843706426451299
final_uptake_mol_kg,network_geometric_tortuosity,-0.4586466165413533,5000,-0.7503874495178368,-0.032892287577301546
final_uptake_mol_kg,network_shortest_inlet_outlet_path_m,-0.45112781954887216,5000,-0.786759238761193,0.005332531715892555
final_uptake_mol_kg,inlet_angular_resultant,-0.45112781954887216,5000,-0.7960872350764916,0.034140360629819
final_uptake_mol_kg,inlet_centroid_offset_over_R,-0.4421052631578947,5000,-0.8000153374233129,0.047994299429942815
final_uptake_mol_kg,inlet_internal_conductance_per_inlet_pore_m3_s,0.3924812030075188,5000,-0.07518232805650733,0.7216730038022813
final_uptake_mol_kg,inlet_radial_coverage,0.26013299085723596,4391,0.0,0.5436324536997895
final_uptake_mol_kg,network_throat_count,0.24812030075187969,5000,-0.25455511104979994,0.6874051593323217
final_uptake_mol_kg,effective_inlet_to_outlet_conductance_m3_s,0.24360902255639094,5000,-0.2597147822685004,0.7100021008739176
final_uptake_mol_kg,network_pore_count,0.22874348085666485,5000,-0.26992682499173337,0.6899490026578794
final_uptake_mol_kg,inlet_internal_conductance_cv,0.21954887218045113,5000,-0.24621937319297202,0.6115359442491181
final_uptake_mol_kg,network_minimum_throat_radius_m,-0.20751879699248119,5000,-0.6388982963167333,0.31442041944874055
final_uptake_mol_kg,inlet_to_internal_throats_per_inlet_pore,-0.20700050831175662,5000,-0.6175700069128355,0.27240055564704957
final_uptake_mol_kg,network_median_pore_volume_m3,-0.19548872180451127,5000,-0.6442908524366088,0.29033610896020806
final_uptake_mol_kg,network_degree_cv,0.15488721804511277,5000,-0.3106178438405297,0.5403492112909918
final_uptake_mol_kg,network_outlet_pores,-0.14873665420249055,5000,-0.644862029183052,0.39193965079009946
final_uptake_mol_kg,network_total_pore_volume_m3,0.13082706766917293,5000,-0.34397935302683585,0.6436963800767546
final_uptake_mol_kg,inlet_radial_std_over_R,-0.1263157894736842,5000,-0.5491252377885293,0.3562010484600737
final_uptake_mol_kg,inlet_min_pair_distance_over_D,-0.12030075187969923,5000,-0.6157821298247594,0.3877947994004669
final_uptake_mol_kg,inlet_mean_pair_distance_over_D,0.11729323308270674,5000,-0.3034237553154047,0.5273082005981772
final_uptake_mol_kg,network_median_throat_radius_m,0.11578947368421053,5000,-0.3499764296209127,0.5357862833270876
final_uptake_mol_kg,network_analytic_porosity,0.10225563909774435,5000,-0.3717259651778955,0.5729779482733809
final_uptake_mol_kg,network_mean_throat_length_m,-0.09774436090225563,5000,-0.5538694992412747,0.39547312478396107
final_uptake_mol_kg,network_pore_volume_cv,0.09473684210526315,5000,-0.44787121704147775,0.6659482504175587
final_uptake_mol_kg,network_throat_radius_p10_m,-0.08270676691729321,5000,-0.5363811717782974,0.40001517450682833
final_uptake_mol_kg,network_mean_pore_volume_m3,-0.07218045112781954,5000,-0.5128993124123771,0.39898150295821044
final_uptake_mol_kg,network_mean_degree,0.06766917293233082,5000,-0.3888111638900257,0.5310207180884848
final_uptake_mol_kg,inlet_mean_pore_volume_m3,-0.05864661654135337,5000,-0.4954271767736674,0.37291679658538934
final_uptake_mol_kg,network_mean_throat_radius_m,-0.0015037593984962405,5000,-0.45513034326990987,0.46940552148187037
t50_final_uptake_s,inlet_to_internal_unique_second_layer_pores,-0.8137291926002233,5000,-0.9177138352875844,-0.5762743846735533
t50_final_uptake_s,inlet_pore_volume_fraction,-0.7774436090225564,5000,-0.9216664786209667,-0.480967182741731
t50_final_uptake_s,inlet_total_pore_volume_m3,-0.7729323308270677,5000,-0.9228441754916791,-0.48440945726856405
t50_final_uptake_s,network_inlet_pores,-0.7706517996791267,5000,-0.9331551225363149,-0.487334071055181
t50_final_uptake_s,inlet_to_internal_throat_count,-0.739908229027618,5000,-0.887292800906035,-0.45466570897017233
t50_final_uptake_s,inlet_polar_cell_coverage,-0.5446129158749342,5000,-0.8278067482039702,-0.11739449808737701
t50_final_uptake_s,network_mean_throat_radius_m,0.5112781954887218,5000,0.08371067021970548,0.8165380812723158
t50_final_uptake_s,network_median_throat_radius_m,0.5052631578947367,5000,0.04562573087203476,0.7974182133042199
t50_final_uptake_s,inlet_mean_pair_distance_over_D,-0.4330827067669173,5000,-0.7627711802119322,-0.006784398129510038
t50_final_uptake_s,effective_inlet_to_interior_conductance_m3_s,-0.41503759398496237,5000,-0.806727851097004,0.11463687372741946
t50_final_uptake_s,network_mean_pore_volume_m3,0.3924812030075188,5000,-0.07459047559791081,0.7555618345304078
t50_final_uptake_s,network_pore_count,0.3799850586599202,5000,-0.09589041095890409,0.7137861941568038
t50_final_uptake_s,network_analytic_porosity,0.35037593984962395,5000,-0.14851705405033697,0.6871737394616679
t50_final_uptake_s,network_median_pore_volume_m3,0.34736842105263155,5000,-0.1621273623948131,0.7407161860426414
t50_final_uptake_s,network_total_pore_volume_m3,0.34736842105263155,5000,-0.1287878787878788,0.6911430734292201
t50_final_uptake_s,network_throat_count,0.34586466165413526,5000,-0.1193118217961528,0.6967433901493608
t50_final_uptake_s,inlet_mean_pore_volume_m3,-0.33533834586466166,5000,-0.6712121212121213,0.06293124472105546
t50_final_uptake_s,inlet_angular_resultant,0.3218045112781954,5000,-0.17074098117407024,0.7336730337816579
t50_final_uptake_s,inlet_centroid_offset_over_R,0.3157894736842105,5000,-0.14272689104106764,0.703876694310799
t50_final_uptake_s,network_minimum_throat_radius_m,-0.3037593984962406,5000,-0.735057005437176,0.22960164954773266
t50_final_uptake_s,network_outlet_pores,0.2801081152747411,5000,-0.19359702515120777,0.6872581405771391
t50_final_uptake_s,inlet_internal_conductance_cv,-0.2781954887218045,5000,-0.681359461339443,0.20670268366817382
t50_final_uptake_s,inlet_internal_conductance_m3_s,-0.2556390977443609,5000,-0.6363670929830627,0.23241421308984023
t50_final_uptake_s,inlet_to_internal_throats_per_inlet_pore,0.2115168830385586,5000,-0.24704689484490763,0.6570748628548371
t50_final_uptake_s,network_degree_cv,-0.20300751879699244,5000,-0.626550152554421,0.2536267349251982
t50_final_uptake_s,network_mean_degree,0.193984962406015,5000,-0.2881418606799704,0.5994005255220308
t50_final_uptake_s,network_throat_radius_p10_m,0.17142857142857143,5000,-0.28152199956247415,0.550165195958964
t50_final_uptake_s,inlet_radial_coverage,0.14451832825401997,4375,-0.183511138448376,0.47514712978344253
t50_final_uptake_s,inlet_internal_conductance_per_inlet_pore_m3_s,-0.13383458646616542,5000,-0.5348599606543798,0.3699227310021074
t50_final_uptake_s,effective_inlet_to_outlet_conductance_m3_s,-0.11127819548872178,5000,-0.6210971912943126,0.4242585184163331
t50_final_uptake_s,network_geometric_tortuosity,-0.10977443609022557,5000,-0.5621460351817494,0.3626791564231951
t50_final_uptake_s,inlet_radial_std_over_R,0.10827067669172932,5000,-0.4355297282383777,0.5587947772621943
t50_final_uptake_s,inlet_radial_mean_over_R,0.10375939849624059,5000,-0.4171099928943958,0.5956968453072106
t50_final_uptake_s,inlet_min_pair_distance_over_D,-0.10375939849624059,5000,-0.561020811040183,0.4003346824408463
t50_final_uptake_s,network_pore_volume_cv,0.10075187969924812,5000,-0.47032412492487513,0.5763557678680675
t50_final_uptake_s,network_shortest_inlet_outlet_path_m,0.04210526315789473,5000,-0.46172073575127154,0.5034569687738001
t50_final_uptake_s,network_mean_throat_length_m,0.021052631578947364,5000,-0.45359509290479955,0.5185753159910991
underutilized_particle_fraction,effective_inlet_to_interior_conductance_m3_s,-0.9590072133630365,5000,-0.9893860994325363,-0.8466181948473666
underutilized_particle_fraction,network_inlet_pores,-0.7419646453686882,5000,-0.8954265520010398,-0.40146973467339275
underutilized_particle_fraction,inlet_to_internal_throat_count,-0.6884490179234664,5000,-0.8689428175715047,-0.35398275167131465
underutilized_particle_fraction,inlet_to_internal_unique_second_layer_pores,-0.6816319500241803,5000,-0.9008367304819989,-0.28451613933120273
underutilized_particle_fraction,inlet_polar_cell_coverage,-0.6427893901935637,5000,-0.8922343945288631,-0.2384005044429632
underutilized_particle_fraction,inlet_radial_mean_over_R,0.5633697276932662,5000,0.13964269058142584,0.8435093790625774
underutilized_particle_fraction,inlet_internal_conductance_m3_s,-0.5257616016790295,5000,-0.7752052221433696,-0.09312622183950853
underutilized_particle_fraction,inlet_total_pore_volume_m3,-0.4896578007053622,5000,-0.7892308567096286,-0.05092034118680056
underutilized_particle_fraction,inlet_pore_volume_fraction,-0.4723580627388133,5000,-0.7667789795457477,-0.02045145023527227
underutilized_particle_fraction,inlet_angular_resultant,0.43700642428543074,5000,-0.06687648648845755,0.8019843850539707
underutilized_particle_fraction,inlet_centroid_offset_over_R,0.4294847990825834,5000,-0.08432014237053566,0.7915479482048976
underutilized_particle_fraction,network_geometric_tortuosity,0.4279804740420139,5000,0.01893304991360035,0.7359079677022664
underutilized_particle_fraction,network_shortest_inlet_outlet_path_m,0.42045884883916657,5000,-0.0665384893121599,0.7737294158750537
underutilized_particle_fraction,inlet_internal_conductance_per_inlet_pore_m3_s,-0.37908991022350613,5000,-0.6841407769653783,0.09952158347468007
underutilized_particle_fraction,network_throat_count,-0.28281310762706013,5000,-0.7049493373293175,0.19732925210037297
underutilized_particle_fraction,effective_inlet_to_outlet_conductance_m3_s,-0.2685220197416502,5000,-0.7033408060213142,0.2574435992283718
underutilized_particle_fraction,inlet_radial_coverage,-0.26023084039647126,4343,-0.5262120812499065,-0.019957119368941754
underutilized_particle_fraction,network_pore_count,-0.2547986631345745,5000,-0.6889245174631009,0.2205272614789
underutilized_particle_fraction,network_median_pore_volume_m3,0.2158706433217188,5000,-0.294752043994078,0.6306224951417344
underutilized_particle_fraction,inlet_to_internal_throats_per_inlet_pore,0.21121993940180034,5000,-0.2883185477837485,0.6383218968541456
underutilized_particle_fraction,inlet_internal_conductance_cv,-0.20082739291602414,5000,-0.5987020841695332,0.2558354581996602
underutilized_particle_fraction,network_minimum_throat_radius_m,0.14742385397580798,5000,-0.3566171854185732,0.6090701178262056
underutilized_particle_fraction,network_total_pore_volume_m3,-0.14742385397580798,5000,-0.635915641689769,0.335878155294338
underutilized_particle_fraction,inlet_radial_std_over_R,0.1436630413743843,5000,-0.3370362854747593,0.5955301702609761
underutilized_particle_fraction,network_outlet_pores,0.1325538152995813,5000,-0.393318642132453,0.6552705605942489
underutilized_particle_fraction,inlet_mean_pair_distance_over_D,-0.12711546592812012,5000,-0.5330912663451729,0.3200622293528646
underutilized_particle_fraction,network_mean_degree,-0.1263633034078354,5000,-0.5930479024330758,0.3399218674329253
underutilized_particle_fraction,network_analytic_porosity,-0.12335465332669647,5000,-0.6130531393044625,0.35406954487390924
underutilized_particle_fraction,network_degree_cv,-0.1045505903195781,5000,-0.4813754952245263,0.35911819563415265
underutilized_particle_fraction,inlet_min_pair_distance_over_D,0.10229410275872389,5000,-0.41031554776048046,0.6069768659419355
underutilized_particle_fraction,network_pore_volume_cv,-0.10154194023843915,5000,-0.6578534390762504,0.43162173171502866
underutilized_particle_fraction,network_mean_throat_length_m,0.10154194023843915,5000,-0.35822356491984647,0.5462544019120502
underutilized_particle_fraction,network_median_throat_radius_m,-0.10003761519786969,5000,-0.5213547136232285,0.34920659213390826
underutilized_particle_fraction,network_throat_radius_p10_m,0.07220760194733451,5000,-0.4224945665663064,0.524768614086579
underutilized_particle_fraction,network_mean_pore_volume_m3,0.06017300162277876,5000,-0.386147725201968,0.5069423877979948
underutilized_particle_fraction,inlet_mean_pore_volume_m3,0.05942083910249402,5000,-0.36923249002685865,0.4903172281367111
underutilized_particle_fraction,network_mean_throat_radius_m,0.009025950243416814,5000,-0.4581507266204826,0.4502630881628093
