seed,target,model,observed,loo_prediction,residual
105019,final_uptake_mol_kg,porosity_only_ridge,0.2055532556608265,0.2690654834824192,-0.06351222782159271
113117,final_uptake_mol_kg,porosity_only_ridge,0.281763344934014,0.26089747479719494,0.020865870136819065
121021,final_uptake_mol_kg,porosity_only_ridge,0.2685458230112915,0.26415530243754287,0.004390520573748613
129121,final_uptake_mol_kg,porosity_only_ridge,0.226316329052256,0.2707420904072212,-0.044425761354965204
137077,final_uptake_mol_kg,porosity_only_ridge,0.2521114080676108,0.269720713403036,-0.017609305335425207
145093,final_uptake_mol_kg,porosity_only_ridge,0.2725654795364886,0.2641504469985193,0.00841503253796927
153133,final_uptake_mol_kg,porosity_only_ridge,0.2478319171685908,0.2658925204925887,-0.01806060332399792
161123,final_uptake_mol_kg,porosity_only_ridge,0.2473262503070457,0.2654745326968826,-0.0181482823898369
18427,final_uptake_mol_kg,porosity_only_ridge,0.2843179552259188,0.26106013937146266,0.023257815854456132
27183,final_uptake_mol_kg,porosity_only_ridge,0.3148366297083697,0.2603208817007521,0.05451574800761755
31991,final_uptake_mol_kg,porosity_only_ridge,0.2913050297483481,0.2620077025792461,0.029297327169101994
40213,final_uptake_mol_kg,porosity_only_ridge,0.2649596669322829,0.26474853059574155,0.000211136336541351
47837,final_uptake_mol_kg,porosity_only_ridge,0.2643349040834956,0.26455381482914775,-0.00021891074565216773
52691,final_uptake_mol_kg,porosity_only_ridge,0.2757138322879656,0.2637003868364014,0.012013445451564186
61417,final_uptake_mol_kg,porosity_only_ridge,0.2149245541232466,0.26719604395970104,-0.05227148983645444
69371,final_uptake_mol_kg,porosity_only_ridge,0.2878364645639539,0.2618856336295644,0.02595083093438949
74167,final_uptake_mol_kg,porosity_only_ridge,0.2448765184284501,0.2656023960193643,-0.02072587759091421
81929,final_uptake_mol_kg,porosity_only_ridge,0.2485817652085521,0.26540652214721894,-0.016824756938666835
90709,final_uptake_mol_kg,porosity_only_ridge,0.2847758578739309,0.26178324642257655,0.02299261145135434
98251,final_uptake_mol_kg,porosity_only_ridge,0.3129742683579579,0.2569999402820014,0.05597432807595648
105019,final_uptake_mol_kg,inlet_count_only_ridge,0.2055532556608265,0.20344396920434418,0.002109286456482312
113117,final_uptake_mol_kg,inlet_count_only_ridge,0.281763344934014,0.2869689580000969,-0.005205613066082915
121021,final_uptake_mol_kg,inlet_count_only_ridge,0.2685458230112915,0.24379355137005196,0.024752271641239526
129121,final_uptake_mol_kg,inlet_count_only_ridge,0.226316329052256,0.23032217534327554,-0.004005846291019549
137077,final_uptake_mol_kg,inlet_count_only_ridge,0.2521114080676108,0.29032794415768826,-0.03821653609007747
145093,final_uptake_mol_kg,inlet_count_only_ridge,0.2725654795364886,0.278752793605148,-0.006187314068659411
153133,final_uptake_mol_kg,inlet_count_only_ridge,0.2478319171685908,0.25447923132437833,-0.006647314155787537
161123,final_uptake_mol_kg,inlet_count_only_ridge,0.2473262503070457,0.2545126385095957,-0.00718638820255002
18427,final_uptake_mol_kg,inlet_count_only_ridge,0.2843179552259188,0.26943056724992615,0.01488738797599265
27183,final_uptake_mol_kg,inlet_count_only_ridge,0.3148366297083697,0.2911165018707304,0.02372012783763927
31991,final_uptake_mol_kg,inlet_count_only_ridge,0.2913050297483481,0.26903586848152483,0.022269161266823267
40213,final_uptake_mol_kg,inlet_count_only_ridge,0.2649596669322829,0.26199991653571675,0.002959750396566152
47837,final_uptake_mol_kg,inlet_count_only_ridge,0.2643349040834956,0.2705594067448386,-0.006224502661343001
52691,final_uptake_mol_kg,inlet_count_only_ridge,0.2757138322879656,0.28765424980176924,-0.011940417513803647
61417,final_uptake_mol_kg,inlet_count_only_ridge,0.2149245541232466,0.24893697147258298,-0.03401241734933638
69371,final_uptake_mol_kg,inlet_count_only_ridge,0.2878364645639539,0.2862809919875469,0.0015554725764069799
74167,final_uptake_mol_kg,inlet_count_only_ridge,0.2448765184284501,0.2630711118192539,-0.018194593390803815
81929,final_uptake_mol_kg,inlet_count_only_ridge,0.2485817652085521,0.26287348130955424,-0.014291716101002133
90709,final_uptake_mol_kg,inlet_count_only_ridge,0.2847758578739309,0.26940470039955294,0.01537115747437795
98251,final_uptake_mol_kg,inlet_count_only_ridge,0.3129742683579579,0.2678117765151445,0.0451624918428134
105019,final_uptake_mol_kg,effective_conductance_only_ridge,0.2055532556608265,0.211930209704397,-0.0063769540435704986
113117,final_uptake_mol_kg,effective_conductance_only_ridge,0.281763344934014,0.2739615625062693,0.007801782427744708
121021,final_uptake_mol_kg,effective_conductance_only_ridge,0.2685458230112915,0.27506238893406365,-0.006516565922772166
129121,final_uptake_mol_kg,effective_conductance_only_ridge,0.226316329052256,0.23094515773697458,-0.004628828684718589
137077,final_uptake_mol_kg,effective_conductance_only_ridge,0.2521114080676108,0.2377451574190317,0.014366250648579076
145093,final_uptake_mol_kg,effective_conductance_only_ridge,0.2725654795364886,0.2766131396775622,-0.004047660141073606
153133,final_uptake_mol_kg,effective_conductance_only_ridge,0.2478319171685908,0.25061200653750354,-0.002780089368912747
161123,final_uptake_mol_kg,effective_conductance_only_ridge,0.2473262503070457,0.2633415159115469,-0.016015265604501228
18427,final_uptake_mol_kg,effective_conductance_only_ridge,0.2843179552259188,0.27858968891050956,0.005728266315409236
27183,final_uptake_mol_kg,effective_conductance_only_ridge,0.3148366297083697,0.3087962995813503,0.006040330127019378
31991,final_uptake_mol_kg,effective_conductance_only_ridge,0.2913050297483481,0.28526197877495574,0.006043050973392361
40213,final_uptake_mol_kg,effective_conductance_only_ridge,0.2649596669322829,0.2699290693304064,-0.00496940239812349
47837,final_uptake_mol_kg,effective_conductance_only_ridge,0.2643349040834956,0.2662232262570552,-0.001888322173559609
52691,final_uptake_mol_kg,effective_conductance_only_ridge,0.2757138322879656,0.2741447456345358,0.0015690866534298076
61417,final_uptake_mol_kg,effective_conductance_only_ridge,0.2149245541232466,0.22212287332837571,-0.007198319205129117
69371,final_uptake_mol_kg,effective_conductance_only_ridge,0.2878364645639539,0.27862321875588497,0.009213245808068926
74167,final_uptake_mol_kg,effective_conductance_only_ridge,0.2448765184284501,0.23810939805218442,0.006767120376265673
81929,final_uptake_mol_kg,effective_conductance_only_ridge,0.2485817652085521,0.2473177932117837,0.0012639719967683927
90709,final_uptake_mol_kg,effective_conductance_only_ridge,0.2847758578739309,0.2979151661244498,-0.0131393082505189
98251,final_uptake_mol_kg,effective_conductance_only_ridge,0.3129742683579579,0.30411942468945913,0.008854843668498757
105019,final_uptake_mol_kg,second_layer_only_ridge,0.2055532556608265,0.21427119697244687,-0.008717941311620375
113117,final_uptake_mol_kg,second_layer_only_ridge,0.281763344934014,0.28989439101289816,-0.008131046078884152
121021,final_uptake_mol_kg,second_layer_only_ridge,0.2685458230112915,0.2591408838881839,0.00940493912310758
129121,final_uptake_mol_kg,second_layer_only_ridge,0.226316329052256,0.23520416829900664,-0.008887839246750656
137077,final_uptake_mol_kg,second_layer_only_ridge,0.2521114080676108,0.29894025408548064,-0.04682884601786985
145093,final_uptake_mol_kg,second_layer_only_ridge,0.2725654795364886,0.2704955725263586,0.00206990701012999
153133,final_uptake_mol_kg,second_layer_only_ridge,0.2478319171685908,0.2360866057407462,0.011745311427844601
161123,final_uptake_mol_kg,second_layer_only_ridge,0.2473262503070457,0.2641362045011768,-0.016809954194131116
18427,final_uptake_mol_kg,second_layer_only_ridge,0.2843179552259188,0.26218211505182254,0.022135840174096255
27183,final_uptake_mol_kg,second_layer_only_ridge,0.3148366297083697,0.28567052825578615,0.029166101452583526
31991,final_uptake_mol_kg,second_layer_only_ridge,0.2913050297483481,0.2807508987056784,0.010554131042669723
40213,final_uptake_mol_kg,second_layer_only_ridge,0.2649596669322829,0.26705542331552795,-0.002095756383245051
47837,final_uptake_mol_kg,second_layer_only_ridge,0.2643349040834956,0.2709643003459552,-0.006629396262459619
52691,final_uptake_mol_kg,second_layer_only_ridge,0.2757138322879656,0.28212269907756105,-0.006408866789595458
61417,final_uptake_mol_kg,second_layer_only_ridge,0.2149245541232466,0.2408878712846987,-0.025963317161452115
69371,final_uptake_mol_kg,second_layer_only_ridge,0.2878364645639539,0.29342205578286185,-0.005585591218907948
74167,final_uptake_mol_kg,second_layer_only_ridge,0.2448765184284501,0.2566578531234102,-0.011781334694960122
81929,final_uptake_mol_kg,second_layer_only_ridge,0.2485817652085521,0.26024924888395057,-0.011667483675398466
90709,final_uptake_mol_kg,second_layer_only_ridge,0.2847758578739309,0.25420685379339214,0.030569004080538753
98251,final_uptake_mol_kg,second_layer_only_ridge,0.3129742683579579,0.2753355073168179,0.03763876104114
105019,final_uptake_mol_kg,conductance_plus_tortuosity_ridge,0.2055532556608265,0.21206696753265145,-0.006513711871824951
113117,final_uptake_mol_kg,conductance_plus_tortuosity_ridge,0.281763344934014,0.27417205500674874,0.007591289927265266
121021,final_uptake_mol_kg,conductance_plus_tortuosity_ridge,0.2685458230112915,0.27472460346280614,-0.006178780451514654
129121,final_uptake_mol_kg,conductance_plus_tortuosity_ridge,0.226316329052256,0.23058454169984996,-0.004268212647593972
137077,final_uptake_mol_kg,conductance_plus_tortuosity_ridge,0.2521114080676108,0.2384709829704894,0.013640425097121378
145093,final_uptake_mol_kg,conductance_plus_tortuosity_ridge,0.2725654795364886,0.27805450579025154,-0.005489026253762963
153133,final_uptake_mol_kg,conductance_plus_tortuosity_ridge,0.2478319171685908,0.25030761585111744,-0.0024756986825266447
161123,final_uptake_mol_kg,conductance_plus_tortuosity_ridge,0.2473262503070457,0.2630267881277531,-0.015700537820707405
18427,final_uptake_mol_kg,conductance_plus_tortuosity_ridge,0.2843179552259188,0.27965415223266277,0.004663802993256028
27183,final_uptake_mol_kg,conductance_plus_tortuosity_ridge,0.3148366297083697,0.30992089222677943,0.004915737481590243
31991,final_uptake_mol_kg,conductance_plus_tortuosity_ridge,0.2913050297483481,0.27554320253480413,0.015761827213543966
40213,final_uptake_mol_kg,conductance_plus_tortuosity_ridge,0.2649596669322829,0.27223968396629733,-0.00728001703401443
47837,final_uptake_mol_kg,conductance_plus_tortuosity_ridge,0.2643349040834956,0.2678658932530386,-0.0035309891695430307
52691,final_uptake_mol_kg,conductance_plus_tortuosity_ridge,0.2757138322879656,0.2733396954081883,0.0023741368797772777
61417,final_uptake_mol_kg,conductance_plus_tortuosity_ridge,0.2149245541232466,0.2213063742864888,-0.006381820163242208
69371,final_uptake_mol_kg,conductance_plus_tortuosity_ridge,0.2878364645639539,0.27793050556227344,0.009905959001680453
74167,final_uptake_mol_kg,conductance_plus_tortuosity_ridge,0.2448765184284501,0.2368963096468585,0.007980208781591586
81929,final_uptake_mol_kg,conductance_plus_tortuosity_ridge,0.2485817652085521,0.2485459881553349,3.5777053217195265e-05
90709,final_uptake_mol_kg,conductance_plus_tortuosity_ridge,0.2847758578739309,0.2969397108212568,-0.012163852947325915
98251,final_uptake_mol_kg,conductance_plus_tortuosity_ridge,0.3129742683579579,0.3052191827185959,0.007755085639362003
105019,final_uptake_mol_kg,conductance_plus_polar_coverage_ridge,0.2055532556608265,0.21334961455224227,-0.007796358891415778
113117,final_uptake_mol_kg,conductance_plus_polar_coverage_ridge,0.281763344934014,0.2748180276852739,0.0069453172487400905
121021,final_uptake_mol_kg,conductance_plus_polar_coverage_ridge,0.2685458230112915,0.27520334474231245,-0.0066575217310209656
129121,final_uptake_mol_kg,conductance_plus_polar_coverage_ridge,0.226316329052256,0.23003677878102174,-0.0037204497287657567
137077,final_uptake_mol_kg,conductance_plus_polar_coverage_ridge,0.2521114080676108,0.23773175992113837,0.014379648146472412
145093,final_uptake_mol_kg,conductance_plus_polar_coverage_ridge,0.2725654795364886,0.27668975323053463,-0.0041242736940460545
153133,final_uptake_mol_kg,conductance_plus_polar_coverage_ridge,0.2478319171685908,0.2489072258864451,-0.0010753087178543008
161123,final_uptake_mol_kg,conductance_plus_polar_coverage_ridge,0.2473262503070457,0.26414118929834757,-0.016814938991301875
18427,final_uptake_mol_kg,conductance_plus_polar_coverage_ridge,0.2843179552259188,0.27857274992558445,0.005745205300334344
27183,final_uptake_mol_kg,conductance_plus_polar_coverage_ridge,0.3148366297083697,0.30906462576882016,0.005772003939549519
31991,final_uptake_mol_kg,conductance_plus_polar_coverage_ridge,0.2913050297483481,0.28498429316069585,0.006320736587652254
40213,final_uptake_mol_kg,conductance_plus_polar_coverage_ridge,0.2649596669322829,0.2702666639334535,-0.005306997001170599
47837,final_uptake_mol_kg,conductance_plus_polar_coverage_ridge,0.2643349040834956,0.2666848309425002,-0.002349926859004592
52691,final_uptake_mol_kg,conductance_plus_polar_coverage_ridge,0.2757138322879656,0.27573323033830777,-1.9398050342178674e-05
61417,final_uptake_mol_kg,conductance_plus_polar_coverage_ridge,0.2149245541232466,0.22154414718549864,-0.006619593062252044
69371,final_uptake_mol_kg,conductance_plus_polar_coverage_ridge,0.2878364645639539,0.2690889912575843,0.01874747330636961
74167,final_uptake_mol_kg,conductance_plus_polar_coverage_ridge,0.2448765184284501,0.23810849552063426,0.006768022907815835
81929,final_uptake_mol_kg,conductance_plus_polar_coverage_ridge,0.2485817652085521,0.2484195441220928,0.0001622210864593021
90709,final_uptake_mol_kg,conductance_plus_polar_coverage_ridge,0.2847758578739309,0.2975157856469751,-0.012739927773044224
98251,final_uptake_mol_kg,conductance_plus_polar_coverage_ridge,0.3129742683579579,0.30448570992915314,0.008488558428804749
105019,final_uptake_mol_kg,physical_three_ridge,0.2055532556608265,0.20591546152680415,-0.00036220586597765503
113117,final_uptake_mol_kg,physical_three_ridge,0.281763344934014,0.2831607648909686,-0.001397419956954582
121021,final_uptake_mol_kg,physical_three_ridge,0.2685458230112915,0.2707017904273295,-0.0021559674160380182
129121,final_uptake_mol_kg,physical_three_ridge,0.226316329052256,0.2265940043994012,-0.0002776753471452065
137077,final_uptake_mol_kg,physical_three_ridge,0.2521114080676108,0.25745630725341245,-0.005344899185801666
145093,final_uptake_mol_kg,physical_three_ridge,0.2725654795364886,0.27581288721455194,-0.003247407678063363
153133,final_uptake_mol_kg,physical_three_ridge,0.2478319171685908,0.23999805077322184,0.007833866395368955
161123,final_uptake_mol_kg,physical_three_ridge,0.2473262503070457,0.26446085060299923,-0.01713460029595354
18427,final_uptake_mol_kg,physical_three_ridge,0.2843179552259188,0.2740721522167402,0.0102458030091786
27183,final_uptake_mol_kg,physical_three_ridge,0.3148366297083697,0.30614511891889257,0.008691510789477108
31991,final_uptake_mol_kg,physical_three_ridge,0.2913050297483481,0.2855755534641911,0.005729476284156987
40213,final_uptake_mol_kg,physical_three_ridge,0.2649596669322829,0.2699427551656494,-0.004983088233366517
47837,final_uptake_mol_kg,physical_three_ridge,0.2643349040834956,0.26878179238181193,-0.004446888298316354
52691,final_uptake_mol_kg,physical_three_ridge,0.2757138322879656,0.2809157469765957,-0.005201914688630127
61417,final_uptake_mol_kg,physical_three_ridge,0.2149245541232466,0.22267488203869287,-0.007750327915446276
69371,final_uptake_mol_kg,physical_three_ridge,0.2878364645639539,0.2763020109991435,0.01153445356481042
74167,final_uptake_mol_kg,physical_three_ridge,0.2448765184284501,0.24192555822418302,0.002950960204267078
81929,final_uptake_mol_kg,physical_three_ridge,0.2485817652085521,0.2519158470381435,-0.003334081829591412
90709,final_uptake_mol_kg,physical_three_ridge,0.2847758578739309,0.2845537190502755,0.0002221388236554045
98251,final_uptake_mol_kg,physical_three_ridge,0.3129742683579579,0.2982041267040998,0.014770141653858093
105019,t50_final_uptake_s,porosity_only_ridge,1625.1806434834598,1507.0081415639822,118.17250191947755
113117,t50_final_uptake_s,porosity_only_ridge,1438.792407434643,1552.408355009902,-113.61594757525882
121021,t50_final_uptake_s,porosity_only_ridge,1570.855756232908,1510.7853911329883,60.070365099919854
129121,t50_final_uptake_s,porosity_only_ridge,1564.1500630764972,1459.0969277310726,105.05313534542461
137077,t50_final_uptake_s,porosity_only_ridge,1433.412000714692,1463.742019602309,-30.330018887616916
145093,t50_final_uptake_s,porosity_only_ridge,1495.9542432677065,1501.5974584688247,-5.64321520111821
153133,t50_final_uptake_s,porosity_only_ridge,1566.767374887859,1513.5993840089031,53.167990878955834
161123,t50_final_uptake_s,porosity_only_ridge,1536.4124696337406,1500.2690085381082,36.14346109563235
18427,t50_final_uptake_s,porosity_only_ridge,1488.6262000931729,1537.1732492464193,-48.54704915324646
27183,t50_final_uptake_s,porosity_only_ridge,1388.936035691538,1492.7053869565686,-103.76935126503054
31991,t50_final_uptake_s,porosity_only_ridge,1520.31506288956,1518.4770955882773,1.837967301282788
40213,t50_final_uptake_s,porosity_only_ridge,1480.7849773582443,1473.7433735139552,7.041603844289057
47837,t50_final_uptake_s,porosity_only_ridge,1430.302416209599,1509.1503994099546,-78.84798320035566
52691,t50_final_uptake_s,porosity_only_ridge,1441.8375800542435,1517.9127100661906,-76.07513001194707
61417,t50_final_uptake_s,porosity_only_ridge,1572.3071897876075,1496.5354586511246,75.77173113648291
69371,t50_final_uptake_s,porosity_only_ridge,1477.3436586980813,1477.4448006179146,-0.10114191983325327
74167,t50_final_uptake_s,porosity_only_ridge,1504.4150672906885,1502.6019211244923,1.8131461661962476
81929,t50_final_uptake_s,porosity_only_ridge,1491.0752252305024,1504.566902602464,-13.491677371961714
90709,t50_final_uptake_s,porosity_only_ridge,1576.896374403323,1518.8005599349663,58.09581446835682
98251,t50_final_uptake_s,porosity_only_ridge,1418.4416945544883,1481.0489183327377,-62.60722377824936
105019,t50_final_uptake_s,inlet_count_only_ridge,1625.1806434834598,1655.338375326972,-30.157731843512238
113117,t50_final_uptake_s,inlet_count_only_ridge,1438.792407434643,1451.1666344768107,-12.374227042167604
121021,t50_final_uptake_s,inlet_count_only_ridge,1570.855756232908,1542.244570445915,28.61118578699302
129121,t50_final_uptake_s,inlet_count_only_ridge,1564.1500630764972,1587.3049750473585,-23.15491197086135
137077,t50_final_uptake_s,inlet_count_only_ridge,1433.412000714692,1451.7761296263502,-18.3641289116581
145093,t50_final_uptake_s,inlet_count_only_ridge,1495.9542432677065,1466.8898520495268,29.064391218179708
153133,t50_final_uptake_s,inlet_count_only_ridge,1566.767374887859,1523.0441708368896,43.72320405096934
161123,t50_final_uptake_s,inlet_count_only_ridge,1536.4124696337406,1525.0495859020214,11.362883731719194
18427,t50_final_uptake_s,inlet_count_only_ridge,1488.6262000931729,1487.851762278373,0.7744378147999669
27183,t50_final_uptake_s,inlet_count_only_ridge,1388.936035691538,1437.9870277451464,-49.0509920536083
31991,t50_final_uptake_s,inlet_count_only_ridge,1520.31506288956,1486.0616632780516,34.253399611508485
40213,t50_final_uptake_s,inlet_count_only_ridge,1480.7849773582443,1508.2052666293364,-27.420289271092088
47837,t50_final_uptake_s,inlet_count_only_ridge,1430.302416209599,1491.1464638868147,-60.84404767721571
52691,t50_final_uptake_s,inlet_count_only_ridge,1441.8375800542435,1450.8216758077428,-8.984095753499332
61417,t50_final_uptake_s,inlet_count_only_ridge,1572.3071897876075,1542.1053470989573,30.20184268865023
69371,t50_final_uptake_s,inlet_count_only_ridge,1477.3436586980813,1446.7995295576566,30.54412914042473
74167,t50_final_uptake_s,inlet_count_only_ridge,1504.4150672906885,1506.9448845293703,-2.529817238681744
81929,t50_final_uptake_s,inlet_count_only_ridge,1491.0752252305024,1507.6564052301842,-16.581179999681808
90709,t50_final_uptake_s,inlet_count_only_ridge,1576.896374403323,1482.8653936665964,94.03098073672663
98251,t50_final_uptake_s,inlet_count_only_ridge,1418.4416945544883,1491.8164742344352,-73.37477967994687
105019,t50_final_uptake_s,effective_conductance_only_ridge,1625.1806434834598,1549.5645545464483,75.61608893701145
113117,t50_final_uptake_s,effective_conductance_only_ridge,1438.792407434643,1491.9350315412614,-53.142624106618314
121021,t50_final_uptake_s,effective_conductance_only_ridge,1570.855756232908,1483.58629149284,87.26946474006809
129121,t50_final_uptake_s,effective_conductance_only_ridge,1564.1500630764972,1540.6052286680529,23.54483440844433
137077,t50_final_uptake_s,effective_conductance_only_ridge,1433.412000714692,1543.1834182188302,-109.77141750413807
145093,t50_final_uptake_s,effective_conductance_only_ridge,1495.9542432677065,1485.8766109594346,10.077632308271859
153133,t50_final_uptake_s,effective_conductance_only_ridge,1566.767374887859,1515.4344634210415,51.33291146681745
161123,t50_final_uptake_s,effective_conductance_only_ridge,1536.4124696337406,1501.9373153340457,34.47515429969485
18427,t50_final_uptake_s,effective_conductance_only_ridge,1488.6262000931729,1482.8952146528866,5.730985440286304
27183,t50_final_uptake_s,effective_conductance_only_ridge,1388.936035691538,1457.9403017136851,-69.00426602214702
31991,t50_final_uptake_s,effective_conductance_only_ridge,1520.31506288956,1470.815447775297,49.49961511426318
40213,t50_final_uptake_s,effective_conductance_only_ridge,1480.7849773582443,1495.5694490252763,-14.784471667031994
47837,t50_final_uptake_s,effective_conductance_only_ridge,1430.302416209599,1502.846086608977,-72.54367039937802
52691,t50_final_uptake_s,effective_conductance_only_ridge,1441.8375800542435,1491.9643904704308,-50.126810416187254
61417,t50_final_uptake_s,effective_conductance_only_ridge,1572.3071897876075,1551.7951666915424,20.51202309606515
69371,t50_final_uptake_s,effective_conductance_only_ridge,1477.3436586980813,1483.3252238138843,-5.9815651158030505
74167,t50_final_uptake_s,effective_conductance_only_ridge,1504.4150672906885,1536.275567099413,-31.8604998087244
81929,t50_final_uptake_s,effective_conductance_only_ridge,1491.0752252305024,1524.847752646841,-33.77252741633856
90709,t50_final_uptake_s,effective_conductance_only_ridge,1576.896374403323,1446.0189355408972,130.87743886242583
98251,t50_final_uptake_s,effective_conductance_only_ridge,1418.4416945544883,1456.4668678341673,-38.02517327967894
105019,t50_final_uptake_s,second_layer_only_ridge,1625.1806434834598,1628.6127939578892,-3.4321504744293634
113117,t50_final_uptake_s,second_layer_only_ridge,1438.792407434643,1443.9563496509018,-5.163942216258647
121021,t50_final_uptake_s,second_layer_only_ridge,1570.855756232908,1509.6069949982225,61.24876123468562
129121,t50_final_uptake_s,second_layer_only_ridge,1564.1500630764972,1575.530036172853,-11.379973096355798
137077,t50_final_uptake_s,second_layer_only_ridge,1433.412000714692,1434.7940270267934,-1.3820263121012886
145093,t50_final_uptake_s,second_layer_only_ridge,1495.9542432677065,1486.3354214061021,9.618821861604374
153133,t50_final_uptake_s,second_layer_only_ridge,1566.767374887859,1564.7875705201557,1.9798043677033093
161123,t50_final_uptake_s,second_layer_only_ridge,1536.4124696337406,1502.4669964081288,33.94547322561175
18427,t50_final_uptake_s,second_layer_only_ridge,1488.6262000931729,1504.9913095031322,-16.36510940995936
27183,t50_final_uptake_s,second_layer_only_ridge,1388.936035691538,1450.3236177722017,-61.387582080663606
31991,t50_final_uptake_s,second_layer_only_ridge,1520.31506288956,1455.582918430272,64.73214445928807
40213,t50_final_uptake_s,second_layer_only_ridge,1480.7849773582443,1496.2982859123722,-15.513308554127889
47837,t50_final_uptake_s,second_layer_only_ridge,1430.302416209599,1490.0742654183132,-59.77184920871423
52691,t50_final_uptake_s,second_layer_only_ridge,1441.8375800542435,1462.487804370653,-20.65022431640955
61417,t50_final_uptake_s,second_layer_only_ridge,1572.3071897876075,1563.9792978438738,8.327891943733675
69371,t50_final_uptake_s,second_layer_only_ridge,1477.3436586980813,1428.0082126911327,49.33544600694859
74167,t50_final_uptake_s,second_layer_only_ridge,1504.4150672906885,1522.5415006131527,-18.12643332246421
81929,t50_final_uptake_s,second_layer_only_ridge,1491.0752252305024,1514.0362522554626,-22.96102702496023
90709,t50_final_uptake_s,second_layer_only_ridge,1576.896374403323,1518.0890049668365,58.807369436486624
98251,t50_final_uptake_s,second_layer_only_ridge,1418.4416945544883,1473.2954289533654,-54.85373439887712
105019,t50_final_uptake_s,conductance_plus_tortuosity_ridge,1625.1806434834598,1547.177812221546,78.0028312619138
113117,t50_final_uptake_s,conductance_plus_tortuosity_ridge,1438.792407434643,1487.7894619480396,-48.997054513396506
121021,t50_final_uptake_s,conductance_plus_tortuosity_ridge,1570.855756232908,1490.1793113936449,80.67644483926324
129121,t50_final_uptake_s,conductance_plus_tortuosity_ridge,1564.1500630764972,1547.448725808553,16.701337267944155
137077,t50_final_uptake_s,conductance_plus_tortuosity_ridge,1433.412000714692,1503.1055305841921,-69.69352986950003
145093,t50_final_uptake_s,conductance_plus_tortuosity_ridge,1495.9542432677065,1460.6360459152995,35.31819735240697
153133,t50_final_uptake_s,conductance_plus_tortuosity_ridge,1566.767374887859,1521.2649066140045,45.50246827385445
161123,t50_final_uptake_s,conductance_plus_tortuosity_ridge,1536.4124696337406,1552.4394927468932,-16.02702311315261
18427,t50_final_uptake_s,conductance_plus_tortuosity_ridge,1488.6262000931729,1458.7137418222521,29.91245827092075
27183,t50_final_uptake_s,conductance_plus_tortuosity_ridge,1388.936035691538,1436.639343848308,-47.703308156769936
31991,t50_final_uptake_s,conductance_plus_tortuosity_ridge,1520.31506288956,1565.662475208587,-45.347412319026944
40213,t50_final_uptake_s,conductance_plus_tortuosity_ridge,1480.7849773582443,1459.5656123010572,21.219365057187133
47837,t50_final_uptake_s,conductance_plus_tortuosity_ridge,1430.302416209599,1476.7284320710485,-46.426015861449514
52691,t50_final_uptake_s,conductance_plus_tortuosity_ridge,1441.8375800542435,1507.6983351495985,-65.86075509535499
61417,t50_final_uptake_s,conductance_plus_tortuosity_ridge,1572.3071897876075,1568.093946572589,4.213243215018565
69371,t50_final_uptake_s,conductance_plus_tortuosity_ridge,1477.3436586980813,1495.183304379809,-17.83964568172769
74167,t50_final_uptake_s,conductance_plus_tortuosity_ridge,1504.4150672906885,1556.991575186773,-52.57650789608442
81929,t50_final_uptake_s,conductance_plus_tortuosity_ridge,1491.0752252305024,1501.7366559436161,-10.66143071311376
90709,t50_final_uptake_s,conductance_plus_tortuosity_ridge,1576.896374403323,1469.3180732975536,107.57830110576947
98251,t50_final_uptake_s,conductance_plus_tortuosity_ridge,1418.4416945544883,1432.418464717722,-13.976770163233596
105019,t50_final_uptake_s,conductance_plus_polar_coverage_ridge,1625.1806434834598,1523.0106534266718,102.16999005678804
113117,t50_final_uptake_s,conductance_plus_polar_coverage_ridge,1438.792407434643,1469.0465482488844,-30.254140814241282
121021,t50_final_uptake_s,conductance_plus_polar_coverage_ridge,1570.855756232908,1481.2780955085768,89.57766072433128
129121,t50_final_uptake_s,conductance_plus_polar_coverage_ridge,1564.1500630764972,1560.621010967132,3.5290521093652387
137077,t50_final_uptake_s,conductance_plus_polar_coverage_ridge,1433.412000714692,1543.4129382354881,-110.00093752079601
145093,t50_final_uptake_s,conductance_plus_polar_coverage_ridge,1495.9542432677065,1484.6236579327167,11.330585334989792
153133,t50_final_uptake_s,conductance_plus_polar_coverage_ridge,1566.767374887859,1542.8769453229904,23.890429564868555
161123,t50_final_uptake_s,conductance_plus_polar_coverage_ridge,1536.4124696337406,1491.9897066773526,44.42276295638794
18427,t50_final_uptake_s,conductance_plus_polar_coverage_ridge,1488.6262000931729,1483.175525809067,5.450674284105844
27183,t50_final_uptake_s,conductance_plus_polar_coverage_ridge,1388.936035691538,1452.5145366644747,-63.57850097293658
31991,t50_final_uptake_s,conductance_plus_polar_coverage_ridge,1520.31506288956,1475.0744741542342,45.2405887353259
40213,t50_final_uptake_s,conductance_plus_polar_coverage_ridge,1480.7849773582443,1490.438240162393,-9.653262804148653
47837,t50_final_uptake_s,conductance_plus_polar_coverage_ridge,1430.302416209599,1496.1451503863066,-65.84273417670761
52691,t50_final_uptake_s,conductance_plus_polar_coverage_ridge,1441.8375800542435,1468.6422930502779,-26.804712996034368
61417,t50_final_uptake_s,conductance_plus_polar_coverage_ridge,1572.3071897876075,1566.5366790581454,5.770510729462103
69371,t50_final_uptake_s,conductance_plus_polar_coverage_ridge,1477.3436586980813,1561.2771019925053,-83.93344329442402
74167,t50_final_uptake_s,conductance_plus_polar_coverage_ridge,1504.4150672906885,1536.29112040896,-31.876053118271557
81929,t50_final_uptake_s,conductance_plus_polar_coverage_ridge,1491.0752252305024,1507.1138967979439,-16.038671567441497
90709,t50_final_uptake_s,conductance_plus_polar_coverage_ridge,1576.896374403323,1455.0164529696399,121.8799214336832
98251,t50_final_uptake_s,conductance_plus_polar_coverage_ridge,1418.4416945544883,1448.310148888749,-29.868454334260605
105019,t50_final_uptake_s,physical_three_ridge,1625.1806434834598,1599.3382900006602,25.84235348279958
113117,t50_final_uptake_s,physical_three_ridge,1438.792407434643,1435.0131559946703,3.779251439972768
121021,t50_final_uptake_s,physical_three_ridge,1570.855756232908,1501.7460864645232,69.10966976838495
129121,t50_final_uptake_s,physical_three_ridge,1564.1500630764972,1584.1968429186065,-20.046779842109345
137077,t50_final_uptake_s,physical_three_ridge,1433.412000714692,1462.0875645029682,-28.675563788276122
145093,t50_final_uptake_s,physical_three_ridge,1495.9542432677065,1485.2256463606795,10.72859690702694
153133,t50_final_uptake_s,physical_three_ridge,1566.767374887859,1578.0704872606666,-11.303112372807618
161123,t50_final_uptake_s,physical_three_ridge,1536.4124696337406,1496.0032492282155,40.40922040552505
18427,t50_final_uptake_s,physical_three_ridge,1488.6262000931729,1501.1196974927416,-12.493497399568696
27183,t50_final_uptake_s,physical_three_ridge,1388.936035691538,1451.8239759718315,-62.88794028029338
31991,t50_final_uptake_s,physical_three_ridge,1520.31506288956,1460.395000406061,59.92006248349912
40213,t50_final_uptake_s,physical_three_ridge,1480.7849773582443,1492.8510163302528,-12.066038972008528
47837,t50_final_uptake_s,physical_three_ridge,1430.302416209599,1488.2018488606905,-57.8994326510915
52691,t50_final_uptake_s,physical_three_ridge,1441.8375800542435,1451.52717737954,-9.689597325296518
61417,t50_final_uptake_s,physical_three_ridge,1572.3071897876075,1571.655228056993,0.6519617306144028
69371,t50_final_uptake_s,physical_three_ridge,1477.3436586980813,1467.537209021813,9.806449676268358
74167,t50_final_uptake_s,physical_three_ridge,1504.4150672906885,1526.1076961686672,-21.692628877978677
81929,t50_final_uptake_s,physical_three_ridge,1491.0752252305024,1505.3777251528636,-14.302499922361221
90709,t50_final_uptake_s,physical_three_ridge,1576.896374403323,1500.9748362473665,75.92153815595657
98251,t50_final_uptake_s,physical_three_ridge,1418.4416945544883,1469.850498521931,-51.408803967442736
105019,underutilized_particle_fraction,porosity_only_ridge,0.9432432432432432,0.9140237743943912,0.02921946884885196
113117,underutilized_particle_fraction,porosity_only_ridge,0.9081081081081082,0.9180143699055832,-0.009906261797475002
121021,underutilized_particle_fraction,porosity_only_ridge,0.92,0.915839516469058,0.004160483530942005
129121,underutilized_particle_fraction,porosity_only_ridge,0.9416216216216216,0.9115332821569752,0.030088339464646396
137077,underutilized_particle_fraction,porosity_only_ridge,0.9237837837837838,0.9121588523296223,0.011624931454161436
145093,underutilized_particle_fraction,porosity_only_ridge,0.9124324324324324,0.9161333759756856,-0.0037009435432531212
153133,underutilized_particle_fraction,porosity_only_ridge,0.9248648648648649,0.9154150482805847,0.009449816584280124
161123,underutilized_particle_fraction,porosity_only_ridge,0.9302702702702704,0.9152039195372466,0.01506635073302387
18427,underutilized_particle_fraction,porosity_only_ridge,0.9054054054054054,0.9181427519914551,-0.012737346586049747
27183,underutilized_particle_fraction,porosity_only_ridge,0.8848648648648648,0.9184140226384659,-0.033549157773601124
31991,underutilized_particle_fraction,porosity_only_ridge,0.8956756756756756,0.918038754535488,-0.02236307885981237
40213,underutilized_particle_fraction,porosity_only_ridge,0.9162162162162162,0.9154962684323763,0.0007199477838398805
47837,underutilized_particle_fraction,porosity_only_ridge,0.9162162162162162,0.9159874529682553,0.00022876324796083924
52691,underutilized_particle_fraction,porosity_only_ridge,0.9086486486486488,0.9166252734930849,-0.007976624844436064
61417,underutilized_particle_fraction,porosity_only_ridge,0.9524324324324324,0.9140111657533709,0.03842126667906143
69371,underutilized_particle_fraction,porosity_only_ridge,0.8994594594594595,0.9176332268525077,-0.018173767393048212
74167,underutilized_particle_fraction,porosity_only_ridge,0.931891891891892,0.9151242344791646,0.016767657412727455
81929,underutilized_particle_fraction,porosity_only_ridge,0.927027027027027,0.9153918848692569,0.011635142157770062
90709,underutilized_particle_fraction,porosity_only_ridge,0.8983783783783784,0.9185602197083861,-0.020181841330007666
98251,underutilized_particle_fraction,porosity_only_ridge,0.8783783783783784,0.9215684575295537,-0.04319007915117534
105019,underutilized_particle_fraction,inlet_count_only_ridge,0.9432432432432432,0.9590659955600372,-0.015822752316794086
113117,underutilized_particle_fraction,inlet_count_only_ridge,0.9081081081081082,0.9021845868550046,0.005923521253103581
121021,underutilized_particle_fraction,inlet_count_only_ridge,0.92,0.9278318138536504,-0.007831813853650393
129121,underutilized_particle_fraction,inlet_count_only_ridge,0.9416216216216216,0.9359666501363748,0.00565497148524674
137077,underutilized_particle_fraction,inlet_count_only_ridge,0.9237837837837838,0.900408838517123,0.02337494526666084
145093,underutilized_particle_fraction,inlet_count_only_ridge,0.9124324324324324,0.907314482303542,0.005117950128890492
153133,underutilized_particle_fraction,inlet_count_only_ridge,0.9248648648648649,0.9220960668224077,0.00276879804245711
161123,underutilized_particle_fraction,inlet_count_only_ridge,0.9302702702702704,0.9217389554645433,0.008531314805727108
18427,underutilized_particle_fraction,inlet_count_only_ridge,0.9054054054054054,0.9129467848702412,-0.007541379464835796
27183,underutilized_particle_fraction,inlet_count_only_ridge,0.8848648648648648,0.9001169417035203,-0.015252076838655482
31991,underutilized_particle_fraction,inlet_count_only_ridge,0.8956756756756756,0.9134964158107549,-0.017820740135079283
40213,underutilized_particle_fraction,inlet_count_only_ridge,0.9162162162162162,0.9174672339446777,-0.0012510177284614787
47837,underutilized_particle_fraction,inlet_count_only_ridge,0.9162162162162162,0.9123360838252261,0.0038801323909900542
52691,underutilized_particle_fraction,inlet_count_only_ridge,0.9086486486486488,0.9021233541536984,0.006525294494950429
61417,underutilized_particle_fraction,inlet_count_only_ridge,0.9524324324324324,0.9247208538109994,0.02771157862143292
69371,underutilized_particle_fraction,inlet_count_only_ridge,0.8994594594594595,0.9031643100759049,-0.003704850616445432
74167,underutilized_particle_fraction,inlet_count_only_ridge,0.931891891891892,0.9166311245145832,0.01526076737730886
81929,underutilized_particle_fraction,inlet_count_only_ridge,0.927027027027027,0.9168906067515089,0.010136420275518088
90709,underutilized_particle_fraction,inlet_count_only_ridge,0.8983783783783784,0.9133437405495012,-0.014965362171122765
98251,underutilized_particle_fraction,inlet_count_only_ridge,0.8783783783783784,0.9144735374827792,-0.036095159104400754
105019,underutilized_particle_fraction,effective_conductance_only_ridge,0.9432432432432432,0.9534999841482887,-0.01025674090504558
113117,underutilized_particle_fraction,effective_conductance_only_ridge,0.9081081081081082,0.909696287159184,-0.0015881790510758886
121021,underutilized_particle_fraction,effective_conductance_only_ridge,0.92,0.908781094421194,0.011218905578806004
129121,underutilized_particle_fraction,effective_conductance_only_ridge,0.9416216216216216,0.9374795893491122,0.004142032272509311
137077,underutilized_particle_fraction,effective_conductance_only_ridge,0.9237837837837838,0.9332663969273063,-0.0094826131435225
145093,underutilized_particle_fraction,effective_conductance_only_ridge,0.9124324324324324,0.9080775183746038,0.004354914057828618
153133,underutilized_particle_fraction,effective_conductance_only_ridge,0.9248648648648649,0.9250763362537088,-0.00021147138884392014
161123,underutilized_particle_fraction,effective_conductance_only_ridge,0.9302702702702704,0.9165701969387348,0.013700073331535667
18427,underutilized_particle_fraction,effective_conductance_only_ridge,0.9054054054054054,0.9067563228980569,-0.0013509174926514822
27183,underutilized_particle_fraction,effective_conductance_only_ridge,0.8848648648648648,0.8871132835670862,-0.0022484187022213664
31991,underutilized_particle_fraction,effective_conductance_only_ridge,0.8956756756756756,0.902871281569966,-0.007195605894290358
40213,underutilized_particle_fraction,effective_conductance_only_ridge,0.9162162162162162,0.9124633812663444,0.003752834949871775
47837,underutilized_particle_fraction,effective_conductance_only_ridge,0.9162162162162162,0.9148753284909991,0.0013408877252171214
52691,underutilized_particle_fraction,effective_conductance_only_ridge,0.9086486486486488,0.9097800333097508,-0.001131384661101964
61417,underutilized_particle_fraction,effective_conductance_only_ridge,0.9524324324324324,0.9423296038976874,0.010102828534744979
69371,underutilized_particle_fraction,effective_conductance_only_ridge,0.8994594594594595,0.9069882167732382,-0.007528757313778667
74167,underutilized_particle_fraction,effective_conductance_only_ridge,0.931891891891892,0.9326665372849725,-0.0007746453930804753
81929,underutilized_particle_fraction,effective_conductance_only_ridge,0.927027027027027,0.9270145463965231,1.248063050385273e-05
90709,underutilized_particle_fraction,effective_conductance_only_ridge,0.8983783783783784,0.8950608075593766,0.0033175708190018582
98251,underutilized_particle_fraction,effective_conductance_only_ridge,0.8783783783783784,0.8917042105205389,-0.013325832142160543
105019,underutilized_particle_fraction,second_layer_only_ridge,0.9432432432432432,0.950908639513915,-0.007665396270671865
113117,underutilized_particle_fraction,second_layer_only_ridge,0.9081081081081082,0.9002871472491167,0.007820960858991421
121021,underutilized_particle_fraction,second_layer_only_ridge,0.92,0.9188758213475801,0.0011241786524199826
129121,underutilized_particle_fraction,second_layer_only_ridge,0.9416216216216216,0.9332830235737067,0.008338598047914814
137077,underutilized_particle_fraction,second_layer_only_ridge,0.9237837837837838,0.895093398349216,0.02869038543456781
145093,underutilized_particle_fraction,second_layer_only_ridge,0.9124324324324324,0.9122844866737433,0.00014794575868914972
153133,underutilized_particle_fraction,second_layer_only_ridge,0.9248648648648649,0.9333696552806441,-0.008504790415779229
161123,underutilized_particle_fraction,second_layer_only_ridge,0.9302702702702704,0.9160050157357518,0.014265254534518657
18427,underutilized_particle_fraction,second_layer_only_ridge,0.9054054054054054,0.9173185039947712,-0.011913098589365845
27183,underutilized_particle_fraction,second_layer_only_ridge,0.8848648648648648,0.9032555935392099,-0.018390728674345103
31991,underutilized_particle_fraction,second_layer_only_ridge,0.8956756756756756,0.9065105816937038,-0.010834906018028168
40213,underutilized_particle_fraction,second_layer_only_ridge,0.9162162162162162,0.9144158522127491,0.0018003640034670587
47837,underutilized_particle_fraction,second_layer_only_ridge,0.9162162162162162,0.9120690017744278,0.004147214441788338
52691,underutilized_particle_fraction,second_layer_only_ridge,0.9086486486486488,0.9053691472917619,0.003279501356886927
61417,underutilized_particle_fraction,second_layer_only_ridge,0.9524324324324324,0.9293474790852935,0.023084953347138892
69371,underutilized_particle_fraction,second_layer_only_ridge,0.8994594594594595,0.8988506057090583,0.0006088537504012059
74167,underutilized_particle_fraction,second_layer_only_ridge,0.931891891891892,0.9204907131207409,0.0114011787711511
81929,underutilized_particle_fraction,second_layer_only_ridge,0.927027027027027,0.9184856947080952,0.008541332318931838
90709,underutilized_particle_fraction,second_layer_only_ridge,0.8983783783783784,0.9225494338993246,-0.024171055520946227
98251,underutilized_particle_fraction,second_layer_only_ridge,0.8783783783783784,0.9100422748633115,-0.03166389648493306
105019,underutilized_particle_fraction,conductance_plus_tortuosity_ridge,0.9432432432432432,0.9534218009201215,-0.010178557676878364
113117,underutilized_particle_fraction,conductance_plus_tortuosity_ridge,0.9081081081081082,0.9095680960708987,-0.0014599879627905654
121021,underutilized_particle_fraction,conductance_plus_tortuosity_ridge,0.92,0.9089611745191861,0.011038825480813919
129121,underutilized_particle_fraction,conductance_plus_tortuosity_ridge,0.9416216216216216,0.9376907939443841,0.003930827677237403
137077,underutilized_particle_fraction,conductance_plus_tortuosity_ridge,0.9237837837837838,0.9329884480538473,-0.0092046642700635
145093,underutilized_particle_fraction,conductance_plus_tortuosity_ridge,0.9124324324324324,0.9071520869155514,0.005280345516881058
153133,underutilized_particle_fraction,conductance_plus_tortuosity_ridge,0.9248648648648649,0.9252610147196075,-0.00039614985474267783
161123,underutilized_particle_fraction,conductance_plus_tortuosity_ridge,0.9302702702702704,0.9160772259008906,0.014193044369379848
18427,underutilized_particle_fraction,conductance_plus_tortuosity_ridge,0.9054054054054054,0.9060563151415214,-0.0006509097361160343
27183,underutilized_particle_fraction,conductance_plus_tortuosity_ridge,0.8848648648648648,0.8864058069132713,-0.0015409420484064906
31991,underutilized_particle_fraction,conductance_plus_tortuosity_ridge,0.8956756756756756,0.9106148683721541,-0.014939192696478476
40213,underutilized_particle_fraction,conductance_plus_tortuosity_ridge,0.9162162162162162,0.9110300723738027,0.005186143842413449
47837,underutilized_particle_fraction,conductance_plus_tortuosity_ridge,0.9162162162162162,0.9138891104700829,0.0023271057461332623
52691,underutilized_particle_fraction,conductance_plus_tortuosity_ridge,0.9086486486486488,0.9102606940751248,-0.001612045426475972
61417,underutilized_particle_fraction,conductance_plus_tortuosity_ridge,0.9524324324324324,0.9427360721496267,0.009696360282805627
69371,underutilized_particle_fraction,conductance_plus_tortuosity_ridge,0.8994594594594595,0.907416507262695,-0.007957047803235473
74167,underutilized_particle_fraction,conductance_plus_tortuosity_ridge,0.931891891891892,0.9333153456349492,-0.0014234537430571903
81929,underutilized_particle_fraction,conductance_plus_tortuosity_ridge,0.927027027027027,0.9262593775989298,0.0007676494280971502
90709,underutilized_particle_fraction,conductance_plus_tortuosity_ridge,0.8983783783783784,0.8958445497594851,0.0025338286188932857
98251,underutilized_particle_fraction,conductance_plus_tortuosity_ridge,0.8783783783783784,0.8913094362528667,-0.012931057874488339
105019,underutilized_particle_fraction,conductance_plus_polar_coverage_ridge,0.9432432432432432,0.9535546702628429,-0.01031142701959975
113117,underutilized_particle_fraction,conductance_plus_polar_coverage_ridge,0.9081081081081082,0.9089116597718845,-0.0008035516637763251
121021,underutilized_particle_fraction,conductance_plus_polar_coverage_ridge,0.92,0.9086977143686616,0.011302285631338393
129121,underutilized_particle_fraction,conductance_plus_polar_coverage_ridge,0.9416216216216216,0.9378686622259689,0.0037529593956526774
137077,underutilized_particle_fraction,conductance_plus_polar_coverage_ridge,0.9237837837837838,0.933273710452644,-0.009489926668860171
145093,underutilized_particle_fraction,conductance_plus_polar_coverage_ridge,0.9124324324324324,0.9080349298503467,0.0043975025820857105
153133,underutilized_particle_fraction,conductance_plus_polar_coverage_ridge,0.9248648648648649,0.9263070114769963,-0.0014421466121314896
161123,underutilized_particle_fraction,conductance_plus_polar_coverage_ridge,0.9302702702702704,0.9160628078224662,0.014207462447804242
18427,underutilized_particle_fraction,conductance_plus_polar_coverage_ridge,0.9054054054054054,0.9067655943826888,-0.0013601889772834053
27183,underutilized_particle_fraction,conductance_plus_polar_coverage_ridge,0.8848648648648648,0.88696658170431,-0.0021017168394451557
31991,underutilized_particle_fraction,conductance_plus_polar_coverage_ridge,0.8956756756756756,0.9030344679358133,-0.007358792260137692
40213,underutilized_particle_fraction,conductance_plus_polar_coverage_ridge,0.9162162162162162,0.9122734243010552,0.003942791915161004
47837,underutilized_particle_fraction,conductance_plus_polar_coverage_ridge,0.9162162162162162,0.914618846545788,0.001597369670428228
52691,underutilized_particle_fraction,conductance_plus_polar_coverage_ridge,0.9086486486486488,0.9089386786103894,-0.0002900299617405455
61417,underutilized_particle_fraction,conductance_plus_polar_coverage_ridge,0.9524324324324324,0.9424434696263724,0.009988962806059987
69371,underutilized_particle_fraction,conductance_plus_polar_coverage_ridge,0.8994594594594595,0.9135731112985269,-0.014113651839067431
74167,underutilized_particle_fraction,conductance_plus_polar_coverage_ridge,0.931891891891892,0.9326670288515562,-0.0007751369596641355
81929,underutilized_particle_fraction,conductance_plus_polar_coverage_ridge,0.927027027027027,0.92637159718089,0.000655429846136979
90709,underutilized_particle_fraction,conductance_plus_polar_coverage_ridge,0.8983783783783784,0.8953485327042444,0.003029845674134002
98251,underutilized_particle_fraction,conductance_plus_polar_coverage_ridge,0.8783783783783784,0.8915937342593808,-0.013215355881002422
105019,underutilized_particle_fraction,physical_three_ridge,0.9432432432432432,0.958023938740312,-0.014780695497068841
113117,underutilized_particle_fraction,physical_three_ridge,0.9081081081081082,0.9044860614108788,0.0036220466972293197
121021,underutilized_particle_fraction,physical_three_ridge,0.92,0.910875970922761,0.009124029077239082
129121,underutilized_particle_fraction,physical_three_ridge,0.9416216216216216,0.9392795750777987,0.002342046543822862
137077,underutilized_particle_fraction,physical_three_ridge,0.9237837837837838,0.9241351611833266,-0.0003513773995428293
145093,underutilized_particle_fraction,physical_three_ridge,0.9124324324324324,0.908612407849807,0.0038200245826254253
153133,underutilized_particle_fraction,physical_three_ridge,0.9248648648648649,0.9310029949495399,-0.006138130084675009
161123,underutilized_particle_fraction,physical_three_ridge,0.9302702702702704,0.915756883297414,0.014513386972856424
18427,underutilized_particle_fraction,physical_three_ridge,0.9054054054054054,0.9091568275814338,-0.0037514221760284183
27183,underutilized_particle_fraction,physical_three_ridge,0.8848648648648648,0.8889772654586812,-0.0041124005938163455
31991,underutilized_particle_fraction,physical_three_ridge,0.8956756756756756,0.9031313322706679,-0.007455656594992255
40213,underutilized_particle_fraction,physical_three_ridge,0.9162162162162162,0.9124293348413759,0.0037868813748402896
47837,underutilized_particle_fraction,physical_three_ridge,0.9162162162162162,0.9135097658506893,0.002706450365526858
52691,underutilized_particle_fraction,physical_three_ridge,0.9086486486486488,0.9061331925036311,0.0025154561450176915
61417,underutilized_particle_fraction,physical_three_ridge,0.9524324324324324,0.9414892177899163,0.01094321464251602
69371,underutilized_particle_fraction,physical_three_ridge,0.8994594594594595,0.9120561515028099,-0.012596692043350455
74167,underutilized_particle_fraction,physical_three_ridge,0.931891891891892,0.9304463538930361,0.0014455379988559391
81929,underutilized_particle_fraction,physical_three_ridge,0.927027027027027,0.924151514477633,0.0028755125493939993
90709,underutilized_particle_fraction,physical_three_ridge,0.8983783783783784,0.9025740351701058,-0.004195656791727398
98251,underutilized_particle_fraction,physical_three_ridge,0.8783783783783784,0.8951438983330446,-0.01676551995466624
